id,text,label,category,operateur_cible,pays,source_type,date_observee,derive_de_modele,confiance_annotation,campagne,source_ref,group_id,split
sg-00001,"Bonsoir, je viens de vous envoyer 25 000 F par erreur sur votre Orange Money. SVP renvoyez-les moi, c'est l'argent de l'hôpital de mon enfant.",arnaque,faux_transfert,orange,CI,amorcage,,true,haute,,,0,train
sg-00002,"Orange Money: Vous avez reçu 75.000F de <NOM>. Solde: 75.450F. ID: <REF>. Svp c'est une erreur, renvoyez au <TEL>",arnaque,faux_transfert,orange,CI,amorcage,,true,haute,,,1,train
sg-00003,"Frère c'est une erreur, j'ai fait un dépôt de 10000 sur ton numéro au lieu de celui de ma femme. Renvoie stp, Dieu va te bénir",arnaque,faux_transfert,aucun,CI,amorcage,,true,haute,,,2,train
sg-00004,"Bonjour madame, j'ai envoyé 15 000 F sur votre Wave par erreur. Je vous en prie retournez-les moi, je suis un étudiant.",arnaque,faux_transfert,wave,SN,amorcage,,true,haute,,,3,train
sg-00005,"Slt, un transfert de 30000F est parti sur ton compte MoMo par erreur. Fais le retour vite stp je dois payer le loyer",arnaque,faux_transfert,mtn,CI,amorcage,,true,haute,,,4,train
sg-00006,"Mr bonsoir, c'est le caissier de la boutique, j'ai fait un dépôt de 45 000 FCFA par mégarde sur votre numéro. Merci de renvoyer au <TEL>",arnaque,faux_transfert,orange,BF,amorcage,,true,haute,,,5,train
sg-00007,"Bonjour, vous avez reçu 20 000 FCFA par erreur de ma part. Veuillez les renvoyer en tapant *144*1*1* suivi de mon numéro et du montant.",arnaque,faux_transfert,orange,CI,amorcage,,true,haute,,,6,test
sg-00008,"Tantie pardon, j'ai envoyé 5000 sur ton numéro par erreur, c'était pour ma maman. Renvoie moi ça stp",arnaque,faux_transfert,aucun,CI,amorcage,,true,haute,,,7,train
sg-00009,"MTN MoMo: vous avez reçu 100.000 FCFA de <NOM>. Transaction annulée par l'expéditeur, veuillez retourner le montant au <TEL> sous 24h pour éviter le blocage",arnaque,faux_transfert,mtn,CI,amorcage,,true,haute,,,8,train
sg-00010,"Bonsoir, je me suis trompé de numéro en envoyant 35 000 F pour les frais de scolarité de ma fille. Aidez-moi à les récupérer svp, renvoyez sur ce numéro",arnaque,faux_transfert,orange,SN,amorcage,,true,haute,,,9,train
sg-00011,"Salam, j'ai envoyé 12500 F sur ton Wave par erreur. Tu peux me les renvoyer ? Barké",arnaque,faux_transfert,wave,SN,amorcage,,true,haute,,,10,test
sg-00012,Mon frère un dépôt de 60000F a été fait par erreur sur ton Moov Money. Je t'en supplie fais le retour au <TEL>,arnaque,faux_transfert,moov,BJ,amorcage,,true,haute,,,11,train
sg-00013,"Bonjour, erreur de transfert: 18 000 FCFA envoyés sur votre compte Flooz. Merci de me les rendre au plus vite, le client attend",arnaque,faux_transfert,moov,TG,amorcage,,true,haute,,,12,train
sg-00014,"Allo c'est moi qui t'ai appelé tout à l'heure, l'argent que j'ai envoyé par erreur 40 000 là, renvoie ça vite on va se comprendre",arnaque,faux_transfert,aucun,CI,amorcage,,true,haute,,,13,train
sg-00015,"Bjr, j'ai transféré 25.000 FCFA par erreur à votre numéro. Veuillez me retourner ça, je vous laisse 2000 pour vous",arnaque,faux_transfert,orange,CI,amorcage,,true,haute,,,14,train
sg-00016,Vous avez recu un transfert de 80 000 FCFA. Ce transfert est une erreur de l'expediteur. Contactez-le au <TEL> pour le rembourser immediatement.,arnaque,faux_transfert,mtn,CM,amorcage,,true,haute,,,15,train
sg-00017,"Maman pardon j'ai mis 10 000 sur ton numéro à la place du mien, renvoie ça sur mon nouveau numéro <TEL>",arnaque,faux_transfert,aucun,CI,amorcage,,true,haute,,,16,train
sg-00018,"Bonsoir monsieur, un dépôt de 150 000 F a été effectué sur votre compte par erreur par notre agent. Veuillez renvoyer la somme sinon votre compte sera suspendu",arnaque,faux_transfert,orange,ML,amorcage,,true,haute,,,17,train
sg-00019,"Svp frère j'ai fait une erreur de numéro, 22.500F sont partis chez toi. C'est l'argent des médicaments de mon papa, renvoie stp",arnaque,faux_transfert,orange,BF,amorcage,,true,haute,,,18,train
sg-00020,"Bonjour, par erreur j'ai envoyé 7500F sur votre numéro Wave au lieu de mon fournisseur. Renvoyez s'il vous plaît",arnaque,faux_transfert,wave,CI,amorcage,,true,haute,,,19,train
sg-00021,"C'est urgent, j'ai envoyé 50000 par erreur, c'était pour payer la caution. Renvoie ça sur <TEL> je t'en prie",arnaque,faux_transfert,aucun,CM,amorcage,,true,haute,,,20,test
sg-00022,"Bonjour ma sœur, désolée de te déranger, 20 000 F sont arrivés sur ton compte par erreur. Fais le retour et garde 1000 pour ta peine",arnaque,faux_transfert,orange,SN,amorcage,,true,haute,,,21,train
sg-00023,"Transfert reçu 65.000 FCFA de <NOM> <TEL>. Solde 65 500 FCFA. Erreur de l'expéditeur, merci de retourner la somme au plus vite",arnaque,faux_transfert,orange,CI,amorcage,,true,haute,,,22,train
sg-00024,"Mon cher j'ai rechargé ton compte de 30 000 F par erreur, fais le retrait chez l'agent le plus proche et envoie moi le code de retrait",arnaque,faux_transfert,aucun,CI,amorcage,,true,haute,,,23,train
sg-00025,"Bonjour, je vous ai envoyé 45 000 FCFA par erreur. Mon patron va me tuer. Renvoyez vite svp",arnaque,faux_transfert,mtn,CI,amorcage,,true,haute,,,24,train
sg-00026,"Tonton c'est <NOM>, j'ai fait un dépôt de 15000 sur ton compte au lieu de celui de maman. Tu peux lui transférer directement au <TEL> ?",arnaque,faux_transfert,orange,ML,amorcage,,true,haute,,,25,train
sg-00027,"Bonsoir, vous avez reçu 10 000 FCFA de ma part par erreur. Merci de faire le retour avant 18h",arnaque,faux_transfert,wave,SN,amorcage,,true,haute,,,26,test
sg-00028,"Salut, erreur de manip, j'ai envoyé 90 000 F sur ton Orange Money. Retourne ça stp, c'est pour mes marchandises",arnaque,faux_transfert,orange,BF,amorcage,,true,haute,,,27,train
sg-00029,"Pardon monsieur c'est la dame du marché, j'ai envoyé 5 500 F sur votre numéro sans faire exprès. Renvoyez moi ça",arnaque,faux_transfert,aucun,CI,amorcage,,true,haute,,,28,test
sg-00030,"Bonjour, j'ai effectué un transfert de 27 000 FCFA sur votre compte MTN par erreur. Merci de bien vouloir le renvoyer au même numéro. Que Dieu vous bénisse",arnaque,faux_transfert,mtn,BJ,amorcage,,true,haute,,,29,train
sg-00031,"Orange Money: Cher client, votre compte sera suspendu dans 24h pour mise à jour. Envoyez votre code secret au <TEL> pour le maintenir actif.",arnaque,usurpation_operateur,orange,CI,amorcage,,true,haute,,,30,train
sg-00032,"Service Client MTN: suite à une anomalie, votre compte MoMo est bloqué. Appelez le <TEL> pour le débloquer avec votre code PIN.",arnaque,usurpation_operateur,mtn,CI,amorcage,,true,haute,,,31,train
sg-00033,"WAVE INFO: votre compte a été signalé. Pour éviter sa fermeture, confirmez votre code secret en répondant à ce message.",arnaque,usurpation_operateur,wave,SN,amorcage,,true,haute,,,32,train
sg-00034,"Cher abonné, votre puce sera désactivée ce soir suite au nouveau recensement. Composez #144*8# puis entrez votre code secret pour confirmer.",arnaque,usurpation_operateur,orange,CI,amorcage,,true,haute,,,33,train
sg-00035,"Bonjour, ici le service technique Orange. Vous allez recevoir un code par SMS, donnez-le nous pour finaliser la mise à jour de votre compte.",arnaque,usurpation_operateur,orange,CI,amorcage,,true,haute,,,34,test
sg-00036,"Moov Money: Votre compte présente une anomalie. Pour le réactiver, envoyez votre code PIN par SMS au <TEL>. Service gratuit.",arnaque,usurpation_operateur,moov,BJ,amorcage,,true,haute,,,35,train
sg-00037,"Agent Orange Money: nous avons détecté une transaction suspecte de 250 000 F sur votre compte. Pour l'annuler, communiquez-nous votre code secret au <TEL>",arnaque,usurpation_operateur,orange,SN,amorcage,,true,haute,,,36,train
sg-00038,MTN: Votre SIM sera bloquée pour non-identification. Rappelez le <TEL> et munissez-vous de votre code MoMo pour régulariser.,arnaque,usurpation_operateur,mtn,CM,amorcage,,true,haute,,,37,train
sg-00039,"ORANGE: Votre compte Orange Money a été piraté. Pour sécuriser votre argent, rappelez notre cellule au <TEL> et donnez votre code PIN à l'agent.",arnaque,usurpation_operateur,orange,CI,amorcage,,true,haute,,,38,train
sg-00040,"Chère cliente, votre compte Wave passe au statut Premium. Pour activer, communiquez le code reçu par SMS à notre conseiller au <TEL>.",arnaque,usurpation_operateur,wave,SN,amorcage,,true,haute,,,39,train
sg-00041,"Service clientèle Moov: suite à la maintenance, veuillez confirmer votre identité en envoyant votre mot de passe Moov Money à ce numéro",arnaque,usurpation_operateur,moov,TG,amorcage,,true,haute,,,40,train
sg-00042,MTN MoMo: Votre compte est suspendu pour activité suspecte. Contactez immédiatement notre service fraude au <TEL> avec votre code secret,arnaque,usurpation_operateur,mtn,CI,amorcage,,true,haute,,,41,train
sg-00043,"Bonjour c'est l'agence Orange de Cocody. Un colis de téléphone vous attend, donnez-nous le code de validation que vous allez recevoir.",arnaque,usurpation_operateur,orange,CI,amorcage,,true,haute,,,42,train
sg-00044,"Votre compte Wave sera clôturé dans 2h. Pour le conserver, appelez notre conseiller au <TEL> et suivez ses instructions.",arnaque,usurpation_operateur,wave,CI,amorcage,,true,haute,,,43,train
sg-00045,"Ecobank: Votre carte bancaire a été bloquée. Pour la réactiver, communiquez votre code PIN au <TEL>.",arnaque,usurpation_operateur,banque,CI,amorcage,,true,haute,,,44,train
sg-00046,Orange Money Mali: mise à jour obligatoire. Envoyez OUI suivi de votre code secret au <TEL> pour continuer à utiliser votre compte.,arnaque,usurpation_operateur,orange,ML,amorcage,,true,haute,,,45,train
sg-00047,"Bonjour, service client MTN. Votre bonus de fidélité de 50 000 F est en attente. Tapez *126# puis votre code PIN pour le recevoir.",arnaque,usurpation_operateur,mtn,CI,amorcage,,true,haute,,,46,train
sg-00048,"ALERTE: tentative de connexion à votre compte Orange Money depuis un autre téléphone. Si ce n'est pas vous, rappelez le <TEL> et confirmez votre code.",arnaque,usurpation_operateur,orange,CI,amorcage,,true,haute,,,47,train
sg-00049,"Cher client Moov Africa, votre ligne sera suspendue faute d'identification. Répondez avec votre numéro de pièce d'identité et votre code secret.",arnaque,usurpation_operateur,moov,BF,amorcage,,true,haute,,,48,train
sg-00050,SERVICE ORANGE: Votre numéro a été sélectionné pour la migration 5G. Envoyez le code à 4 chiffres que vous allez recevoir au <TEL> pour activer.,arnaque,usurpation_operateur,orange,CI,amorcage,,true,haute,,,49,train
sg-00051,"Wave: Suite à une erreur système, votre solde a été gelé. Appelez-nous vite au <TEL> pour le débloquer.",arnaque,usurpation_operateur,wave,SN,amorcage,,true,haute,,,50,train
sg-00052,"Bonjour, je suis agent de MTN MoMo. Nous faisons une vérification des comptes. Donnez-moi le code que vous venez de recevoir pour valider.",arnaque,usurpation_operateur,mtn,CI,amorcage,,true,haute,,,51,train
sg-00053,"UBA: Votre compte bancaire est temporairement suspendu. Pour le réactiver, confirmez vos identifiants au <TEL>.",arnaque,usurpation_operateur,banque,CM,amorcage,,true,haute,,,52,train
sg-00054,"Orange Money: Nous remboursons les frais de transfert du mois. Pour recevoir, composez #144# puis entrez votre code secret et le montant 25000.",arnaque,usurpation_operateur,orange,CI,amorcage,,true,haute,,,53,train
sg-00055,"Cher client, vous avez été débité par erreur de 10 000 F. Pour le remboursement, notre agent va vous appeler, veuillez lui communiquer le code reçu.",arnaque,usurpation_operateur,orange,SN,amorcage,,true,haute,,,54,train
sg-00056,"Direction Commerciale MTN: votre compte Mobile Money présente un solde négatif. Régularisez en appelant le <TEL> sous 48h, sinon fermeture définitive.",arnaque,usurpation_operateur,mtn,BJ,amorcage,,true,haute,,,55,train
sg-00057,Flooz: Votre compte Moov Money sera désactivé demain. Mettez à jour vos informations en envoyant votre PIN au <TEL>.,arnaque,usurpation_operateur,moov,TG,amorcage,,true,haute,,,56,train
sg-00058,"Bonjour, service anti-fraude Wave. Un transfert suspect est en cours sur votre compte. Communiquez-nous rapidement le code reçu pour le bloquer.",arnaque,usurpation_operateur,wave,CI,amorcage,,true,haute,,,57,train
sg-00059,"Orange: Votre abonnement internet a été renouvelé par erreur. Pour être remboursé, appelez le <TEL> et donnez votre code Orange Money.",arnaque,usurpation_operateur,orange,CI,amorcage,,true,haute,,,58,train
sg-00060,"Chère abonnée, votre puce MTN n'est pas enregistrée. Elle sera coupée à minuit. Rappelez vite le <TEL>",arnaque,usurpation_operateur,mtn,CI,amorcage,,true,haute,,,59,train
sg-00061,"Service Client Wave: nous vous offrons 5000 F de bonus. Pour le recevoir, confirmez votre code secret au conseiller qui va vous appeler.",arnaque,usurpation_operateur,wave,SN,amorcage,,true,haute,,,60,train
sg-00062,"Cher client Orange Money, votre compte a été crédité de 100 000 F de dédommagement. Pour valider, transmettez votre code secret à notre agent.",arnaque,usurpation_operateur,orange,CI,amorcage,,true,haute,,,61,train
sg-00063,"Félicitations! Votre numéro a gagné 500 000 FCFA à la tombola Orange. Pour retirer votre gain, envoyez 5000 F de frais de dossier au <TEL>.",arnaque,faux_gain,orange,CI,amorcage,,true,haute,,,62,train
sg-00064,MTN PROMO: Vous êtes l'heureux gagnant d'un iPhone et de 200 000 F. Appelez le <TEL> pour les modalités de livraison.,arnaque,faux_gain,mtn,CI,amorcage,,true,haute,,,63,train
sg-00065,Bravo! Vous avez été tiré au sort pour le jeu Wave Anniversaire. Gain: 1 000 000 FCFA. Payez les frais d'activation de 10 000 F pour le recevoir.,arnaque,faux_gain,wave,SN,amorcage,,true,haute,,,64,train
sg-00066,"Cher client, votre numéro a été sélectionné pour recevoir une moto neuve. Frais de livraison: 25 000 F à envoyer au <TEL>.",arnaque,faux_gain,aucun,BF,amorcage,,true,haute,,,65,train
sg-00067,FELICITATIONS!!! VOUS AVEZ GAGNE 750.000 FCFA AU GRAND JEU MOOV. CONTACTEZ LE <TEL> AVANT 18H,arnaque,faux_gain,moov,BJ,amorcage,,true,haute,,,66,train
sg-00068,Loterie Nationale: votre numéro est gagnant du tirage de ce mois. Montant: 2 500 000 F. Frais d'enregistrement: 15 000 F.,arnaque,faux_gain,aucun,CI,amorcage,,true,haute,,,67,train
sg-00069,"Orange vous offre 50 000 F de crédit pour votre fidélité. Pour activer, envoyez 2000 F de frais au <TEL>.",arnaque,faux_gain,orange,SN,amorcage,,true,haute,,,68,train
sg-00070,Vous êtes l'un des 10 gagnants du concours d'une grande marque de boisson. Réclamez votre prix de 300 000 F en appelant le <TEL>.,arnaque,faux_gain,aucun,CI,amorcage,,true,haute,,,69,train
sg-00071,Salut! Tu as gagné un bon d'achat de 100 000 F. Clique ici pour le récupérer: hxxp://bon-achat-ci[.]xyz,arnaque,faux_gain,aucun,CI,amorcage,,true,haute,,,70,train
sg-00072,"Cher abonné, grâce à votre fidélité vous gagnez un smartphone Samsung. Payez seulement les frais de transport de 7500 F.",arnaque,faux_gain,aucun,CM,amorcage,,true,haute,,,71,train
sg-00073,Heureux élu! Votre numéro a été tiré lors du grand tirage de fin d'année. Vous remportez 5 000 000 F. Appelez vite notre huissier au <TEL>,arnaque,faux_gain,aucun,CI,amorcage,,true,haute,,,72,train
sg-00074,"Wave vous remercie: 25 000 F offerts aux 1000 premiers clients. Pour débloquer, envoyez 1000 F de frais de validation au <TEL>",arnaque,faux_gain,wave,CI,amorcage,,true,haute,,,73,train
sg-00075,Promo spéciale: votre carte SIM a gagné 20Go et 100 000 F. Composez #144# et suivez les étapes pour payer la TVA de 3500 F,arnaque,faux_gain,orange,CI,amorcage,,true,haute,,,74,train
sg-00076,Félicitation vous avez gagné une somme de 850 000f au jeu MTN Kilo Kilo appelez ce numéro pour rentrer en possession de votre gain,arnaque,faux_gain,mtn,CI,amorcage,,true,haute,,,75,test
sg-00077,"Bonjour, vous avez remporté un voyage à La Mecque tous frais payés. Envoyez 50 000 F pour les frais de visa au <TEL>.",arnaque,faux_gain,aucun,SN,amorcage,,true,haute,,,76,train
sg-00078,"Votre numéro a gagné le jackpot du jour: 1.500.000 FCFA. Pour la libération du gain, payez 12 500 F de frais de douane.",arnaque,faux_gain,aucun,ML,amorcage,,true,haute,,,77,train
sg-00079,GAGNANT: Moov Africa vous offre une télévision écran plat. Livraison sous 48h après paiement de 10 000 F.,arnaque,faux_gain,moov,BF,amorcage,,true,haute,,,78,train
sg-00080,"Félicitations, vous faites partie des gagnants de la promo Orange Money Transférez et gagnez. Gain: 400 000 F. Contactez le service des lots au <TEL>.",arnaque,faux_gain,orange,CI,amorcage,,true,haute,,,79,train
sg-00081,"Vous avez gagné 3 sacs de riz et 150 000 F à la tombola de la Tabaski! Pour le retrait, envoyez vos frais de dossier de 5000 F.",arnaque,faux_gain,aucun,SN,amorcage,,true,haute,,,80,train
sg-00082,"Tu es le grand gagnant de notre jeu concours Facebook! 😍 Ton lot de 200 000 F t'attend, envoie 3000 F pour l'activation",arnaque,faux_gain,aucun,CI,amorcage,,true,haute,,,81,train
sg-00083,BONNE NOUVELLE: votre numéro figure parmi les 50 gagnants de la loterie MTN. Montant: 600 000 F. Appelez le <TEL> immédiatement.,arnaque,faux_gain,mtn,CM,amorcage,,true,haute,,,82,train
sg-00084,"Cher client, vous avez gagné un bonus exceptionnel de 75 000 F. Pour le recevoir sur votre compte, confirmez votre code secret.",arnaque,faux_gain,orange,CI,amorcage,,true,haute,,,83,test
sg-00085,Une fondation vous a sélectionné pour une aide de 1 000 000 F. Frais de traitement du dossier: 20 000 F au <TEL>,arnaque,faux_gain,aucun,CI,amorcage,,true,haute,,,84,train
sg-00086,Vous avez gagné un scooter au tirage au sort de la foire. Envoyez 15 000 F pour l'immatriculation et la livraison.,arnaque,faux_gain,aucun,TG,amorcage,,true,haute,,,85,train
sg-00087,"Wave Sénégal: tirage spécial fête de l'indépendance, vous gagnez 350 000 F. Retirez en suivant ce lien hxxps://wave-gain[.]online/retrait",arnaque,faux_gain,wave,SN,amorcage,,true,haute,,,86,train
sg-00088,"Félicitations Madame, vous êtes gagnante d'un frigo et de 100 000 F. Contactez notre agent au <TEL> pour la livraison à domicile.",arnaque,faux_gain,aucun,CI,amorcage,,true,haute,,,87,test
sg-00089,"Votre numéro a été choisi par ordinateur, vous gagnez 250 000 F offerts par le Ministère. Frais d'enregistrement 5 000 F.",arnaque,faux_gain,aucun,BF,amorcage,,true,haute,,,88,train
sg-00090,Orange Mali: vous êtes le gagnant du jeu Sama Kalo. Gain 500 000 FCFA. Appelez ce numéro pour réclamer votre lot.,arnaque,faux_gain,orange,ML,amorcage,,true,haute,,,89,train
sg-00091,Salut toi! Grâce à ta participation tu as gagné un iPhone. Réponds OUI et paie les frais de livraison de 9900 F,arnaque,faux_gain,aucun,CI,amorcage,,true,haute,,,90,train
sg-00092,"Cadeau de fin d'année: MTN offre 50 000 F à ses meilleurs clients. Pour recevoir le vôtre, envoyez 2 500 F de frais d'activation au <TEL>",arnaque,faux_gain,mtn,BJ,amorcage,,true,haute,,,91,test
sg-00093,Orange Money: Votre compte a été suspendu. Réactivez-le ici: hxxp://orange-money-ci[.]xyz/login,arnaque,phishing_lien,orange,CI,amorcage,,true,haute,,,92,train
sg-00094,Votre colis est bloqué au centre de tri. Réglez les frais de livraison sur hxxps://colis-ci-livraison[.]top/suivi,arnaque,phishing_lien,aucun,CI,amorcage,,true,haute,,,93,train
sg-00095,Wave: activité inhabituelle détectée. Vérifiez votre compte: bit[.]ly/wave-verif,arnaque,phishing_lien,wave,SN,amorcage,,true,haute,,,94,train
sg-00096,MTN MoMo: votre compte expire aujourd'hui. Mettez-le à jour sur hxxp://mtn-momo-update[.]site,arnaque,phishing_lien,mtn,CI,amorcage,,true,haute,,,95,train
sg-00097,Votre compte WhatsApp sera désactivé. Confirmez votre numéro ici: hxxps://whatsapp-verification[.]click,arnaque,phishing_lien,aucun,CI,amorcage,,true,haute,,,96,train
sg-00098,Ecobank: une connexion suspecte a été détectée. Sécurisez votre compte: hxxp://41[.]202[.]77[.]10/ecobank,arnaque,phishing_lien,banque,CI,amorcage,,true,haute,,,97,train
sg-00099,Vous avez droit à un remboursement de 35 000 F. Cliquez sur tinyurl[.]com/rembours-ci pour le recevoir,arnaque,phishing_lien,aucun,CI,amorcage,,true,haute,,,98,train
sg-00100,Moov Money: votre solde est bloqué. Débloquez-le en vous connectant sur hxxp://moov-money-benin[.]info,arnaque,phishing_lien,moov,BJ,amorcage,,true,haute,,,99,test
sg-00101,"Cher client, votre carte bancaire expire. Renouvelez-la en ligne sur hxxps://sgci-carte[.]online avant demain.",arnaque,phishing_lien,banque,CI,amorcage,,true,haute,,,100,train
sg-00102,Aide sociale 2026: l'Etat verse 50 000 F à chaque famille. Inscrivez-vous: hxxp://aide-gouv-ci[.]xyz,arnaque,phishing_lien,aucun,CI,amorcage,,true,haute,,,101,train
sg-00103,Votre compte Facebook va être supprimé pour violation des règles. Faites appel ici: hxxps://fb-support-center[.]live,arnaque,phishing_lien,aucun,CI,amorcage,,true,haute,,,102,train
sg-00104,Orange: Votre facture internet est impayée. Réglez maintenant pour éviter la coupure: cutt[.]ly/orange-facture,arnaque,phishing_lien,orange,SN,amorcage,,true,haute,,,103,train
sg-00105,"Wave: recevez 10 000 F de cashback, connectez-vous sur hxxps://wave-cashback-sn[.]shop",arnaque,phishing_lien,wave,SN,amorcage,,true,haute,,,104,test
sg-00106,MTN: vous avez 3 messages vocaux en attente. Écoutez-les ici: hxxp://mtn-messagerie[.]buzz/ecoute,arnaque,phishing_lien,mtn,CM,amorcage,,true,haute,,,105,train
sg-00107,Votre inscription au concours de la fonction publique est incomplète. Complétez sur hxxp://concours-fp-ci[.]online,arnaque,phishing_lien,aucun,CI,amorcage,,true,haute,,,106,train
sg-00108,Bourse d'études 2026-2027: dernier délai aujourd'hui. Postulez ici: bit[.]ly/bourse-afrique,arnaque,phishing_lien,aucun,BF,amorcage,,true,haute,,,107,test
sg-00109,Alerte sécurité: votre compte Orange Money sera fermé. Vérifiez vos informations: hxxps://0range-money[.]com/verif,arnaque,phishing_lien,orange,CI,amorcage,,true,haute,,,108,train
sg-00110,Livraison: votre commande n° <REF> est en attente de paiement. Payez ici: hxxp://boutique-paiement[.]click,arnaque,phishing_lien,aucun,CI,amorcage,,true,haute,,,109,train
sg-00111,Votre ligne sera suspendue demain. Mettez à jour votre identification sur hxxp://identification-sim-ci[.]xyz,arnaque,phishing_lien,aucun,CI,amorcage,,true,haute,,,110,train
sg-00112,"Chère cliente, un virement de 150 000 F vous attend. Validez-le sur hxxps://virement-express[.]top",arnaque,phishing_lien,banque,SN,amorcage,,true,haute,,,111,test
sg-00113,Moov Africa: gagnez 5Go gratuits en remplissant ce formulaire rapide: hxxp://moov-bonus-5go[.]site,arnaque,phishing_lien,moov,BF,amorcage,,true,haute,,,112,train
sg-00114,Votre compte Wave présente une erreur. Cliquez ici pour la corriger avant sa suspension: hxxps://wave-support[.]icu,arnaque,phishing_lien,wave,CI,amorcage,,true,haute,,,113,train
sg-00115,Les impôts vous doivent un remboursement de 42 000 F. Réclamez-le avant vendredi: rb[.]gy/impots-rembourse,arnaque,phishing_lien,aucun,CI,amorcage,,true,haute,,,114,train
sg-00116,Votre banque: veuillez confirmer vos coordonnées pour éviter le blocage de votre carte: hxxp://nsia-securite[.]info,arnaque,phishing_lien,banque,CI,amorcage,,true,haute,,,115,train
sg-00117,"Dernière chance! Ta vidéo a été signalée, connecte-toi pour la voir: hxxps://video-privee[.]live/voir",arnaque,phishing_lien,aucun,CI,amorcage,,true,haute,,,116,train
sg-00118,"MTN MoMo: pour continuer à utiliser vos services, validez votre compte ici hxxp://momo-validation-bj[.]xyz sous 24h",arnaque,phishing_lien,mtn,BJ,amorcage,,true,haute,,,117,train
sg-00119,Votre abonnement TV a expiré. Réabonnez-vous avec 50% de réduction ici: hxxp://reabonnement-promo[.]shop,arnaque,phishing_lien,aucun,CI,amorcage,,true,haute,,,118,train
sg-00120,Recrutement police 2026: inscription en ligne gratuite sur hxxp://recrutement-police-ci[.]online avant la clôture,arnaque,phishing_lien,aucun,CI,amorcage,,true,haute,,,119,test
sg-00121,Votre compte a été crédité de 20 000 F. Consultez le détail: s[.]id/credit-om,arnaque,phishing_lien,orange,CI,amorcage,,true,haute,,,120,train
sg-00122,ALERTE Orange Money: 3 tentatives de connexion échouées. Protégez votre compte: hxxps://orangemoney-securite[.]click/pin,arnaque,phishing_lien,orange,CI,amorcage,,true,haute,,,121,train
sg-00123,Doublez votre argent en 72h! Investissez 50 000 F et recevez 100 000 F. Contactez notre gestionnaire sur WhatsApp au <TEL>.,arnaque,investissement_emploi,aucun,CI,amorcage,,true,haute,,,122,train
sg-00124,"Opportunité: gagnez 25 000 F par jour depuis votre téléphone, sans diplôme. Inscription 5000 F. Infos au <TEL>",arnaque,investissement_emploi,aucun,CI,amorcage,,true,haute,,,123,train
sg-00125,"Recrutement urgent: une société minière recrute 50 agents, salaire 350 000 F. Frais de dossier 15 000 F à envoyer au <TEL>.",arnaque,investissement_emploi,aucun,BF,amorcage,,true,haute,,,124,train
sg-00126,Placement sûr: 30% d'intérêts par semaine garantis avec notre plateforme crypto. Rejoignez-nous: hxxps://crypto-gain-afrique[.]xyz,arnaque,investissement_emploi,aucun,CI,amorcage,,true,haute,,,125,train
sg-00127,"Offre d'emploi: hôtesse d'accueil à Dubaï, billet et visa pris en charge. Envoyez 50 000 F pour la réservation.",arnaque,investissement_emploi,aucun,CI,amorcage,,true,haute,,,126,test
sg-00128,"Trading Forex: 200 000 F investis = 1 000 000 F en un mois. Places limitées, contactez vite le <TEL>",arnaque,investissement_emploi,aucun,SN,amorcage,,true,haute,,,127,train
sg-00129,"Bonjour, votre CV a été retenu pour un poste de chauffeur à la mairie. Payez 10 000 F de frais de visite médicale au <TEL>.",arnaque,investissement_emploi,aucun,CI,amorcage,,true,haute,,,128,train
sg-00130,Tontine digitale: cotisez 10 000 F et recevez 80 000 F en 15 jours. Parrainez 2 personnes pour débloquer vos gains.,arnaque,investissement_emploi,aucun,CI,amorcage,,true,haute,,,129,train
sg-00131,Devenez riche avec le bitcoin! Notre robot trading génère des bénéfices automatiques. Dépôt minimum 25 000 F.,arnaque,investissement_emploi,aucun,CM,amorcage,,true,haute,,,130,test
sg-00132,Stage rémunéré 150 000 F/mois dans une ONG internationale. Inscription 7500 F. Places limitées.,arnaque,investissement_emploi,aucun,BJ,amorcage,,true,haute,,,131,train
sg-00133,"Mon frère, j'ai trouvé une affaire: tu mets 100 000 et on te rembourse 300 000 dans 10 jours. Moi-même j'ai déjà gagné, appelle vite",arnaque,investissement_emploi,aucun,CI,amorcage,,true,haute,,,132,train
sg-00134,Recrutement de 200 jeunes dans les forces de défense. Frais d'inscription 25 000 F au <TEL>. Dernier délai vendredi.,arnaque,investissement_emploi,aucun,ML,amorcage,,true,haute,,,133,train
sg-00135,Travail à domicile: aimez des vidéos et gagnez 15 000 F par jour. Activation du compte: 5000 F.,arnaque,investissement_emploi,aucun,CI,amorcage,,true,haute,,,134,train
sg-00136,Investissement agricole: achetez une part de 50 000 F et recevez 20% chaque mois pendant un an. Garantie 100%.,arnaque,investissement_emploi,aucun,BF,amorcage,,true,haute,,,135,train
sg-00137,Visa Canada garanti avec contrat de travail. Frais de procédure 150 000 F. Contactez le cabinet au <TEL>,arnaque,investissement_emploi,aucun,CI,amorcage,,true,haute,,,136,train
sg-00138,Salut! Je gagne 500 000 F par mois grâce à cette application. Inscris-toi avec mon lien et dépose 10 000 F: bit[.]ly/argent-facile,arnaque,investissement_emploi,aucun,SN,amorcage,,true,haute,,,137,train
sg-00139,"Une entreprise étrangère recrute des manutentionnaires, salaire 200 000 F. Envoyez 8000 F pour la carte de travail.",arnaque,investissement_emploi,aucun,CI,amorcage,,true,haute,,,138,test
sg-00140,Multipliez votre capital par 5 en 30 jours avec notre programme d'investissement. Rendement garanti. Appelez le <TEL>,arnaque,investissement_emploi,aucun,TG,amorcage,,true,haute,,,139,train
sg-00141,"Emploi: agents de saisie en ligne, 3 heures par jour, 120 000 F par mois. Kit de démarrage 12 000 F à payer.",arnaque,investissement_emploi,aucun,CM,amorcage,,true,haute,,,140,train
sg-00142,"Bonne nouvelle, vous êtes présélectionné pour la bourse d'excellence. Versez 30 000 F de frais de traitement pour finaliser.",arnaque,investissement_emploi,aucun,SN,amorcage,,true,haute,,,141,train
sg-00143,Achetez des actions de notre société minière d'or et doublez votre mise en 2 mois. Minimum 50 000 F.,arnaque,investissement_emploi,aucun,ML,amorcage,,true,haute,,,142,train
sg-00144,"Crypto-monnaie: le nouveau jeton qui va x10 cette semaine. Investis maintenant, contacte le coach au <TEL>",arnaque,investissement_emploi,aucun,CI,amorcage,,true,haute,,,143,train
sg-00145,"Offre spéciale: prêt de 2 000 000 F sans garantie, remboursable en 5 ans. Frais de dossier 35 000 F.",arnaque,investissement_emploi,aucun,CI,amorcage,,true,haute,,,144,test
sg-00146,Recrutement dans une grande banque: 15 postes de conseillers. Envoyez 10 000 F pour le test écrit au <TEL>.,arnaque,investissement_emploi,aucun,BJ,amorcage,,true,haute,,,145,train
sg-00147,Rejoins le groupe VIP paris sportifs: 95% de gains garantis. Abonnement 20 000 F le mois.,arnaque,investissement_emploi,aucun,CI,amorcage,,true,haute,,,146,train
sg-00148,"Votre profil a été retenu pour travailler comme nounou en Europe. Billet et logement offerts, frais de dossier 75 000 F.",arnaque,investissement_emploi,aucun,CI,amorcage,,true,haute,,,147,train
sg-00149,"Placement immobilier: investissez 250 000 F aujourd'hui, touchez 50 000 F de loyer chaque mois à vie.",arnaque,investissement_emploi,aucun,SN,amorcage,,true,haute,,,148,train
sg-00150,"Mon cousin travaille à la douane, il peut te faire recruter. Il faut juste 100 000 F pour le dossier, c'est sûr à 100%",arnaque,investissement_emploi,aucun,CI,amorcage,,true,haute,,,149,train
sg-00151,Gagnez de l'argent en ligne: 1 clic = 500 F. Retrait dès 10 000 F. Inscription payante 3000 F sur hxxp://clic-argent[.]site,arnaque,investissement_emploi,aucun,CI,amorcage,,true,haute,,,150,test
sg-00152,"Les inscriptions pour le programme d'aide aux jeunes entrepreneurs sont ouvertes. Financement de 5 000 000 F, frais de dossier 20 000 F.",arnaque,investissement_emploi,aucun,CI,amorcage,,true,haute,,,151,train
sg-00153,"Maman c'est moi, mon téléphone est tombé dans l'eau. J'écris avec le numéro d'un ami. Envoie-moi vite 20 000 F, je suis bloqué.",arnaque,autre_arnaque,aucun,CI,amorcage,,true,haute,,,152,train
sg-00154,"Grand marabout voyant médium, retour de l'être aimé, chance aux jeux, protection. Résultats en 3 jours. Appelez le <TEL>",arnaque,autre_arnaque,aucun,CI,amorcage,,true,haute,,,153,train
sg-00155,"Papa c'est moi, j'ai eu un accident à moto, je suis à l'hôpital. Envoie 50 000 F sur ce numéro pour les soins, c'est urgent",arnaque,autre_arnaque,aucun,SN,amorcage,,true,haute,,,154,train
sg-00156,"Bonjour, j'ai changé de numéro. Enregistre celui-ci et supprime l'ancien. Au fait, tu peux m'aider avec 15 000 F ?",arnaque,autre_arnaque,aucun,CI,amorcage,,true,haute,,,155,train
sg-00157,"Police Nationale: vous êtes convoqué pour une affaire vous concernant. Pour éviter la garde à vue, payez l'amende de 50 000 F au <TEL>.",arnaque,autre_arnaque,aucun,CI,amorcage,,true,haute,,,156,test
sg-00158,J'ai des vidéos compromettantes de toi. Envoie 100 000 F dans 24h ou je les publie sur Facebook.,arnaque,autre_arnaque,aucun,CI,amorcage,,true,haute,,,157,train
sg-00159,"Bonjour, je suis le propriétaire de la maison que vous avez visitée. Envoyez 3 mois de caution par Wave pour réserver avant les autres.",arnaque,autre_arnaque,wave,SN,amorcage,,true,haute,,,158,train
sg-00160,"Tonton c'est moi <NOM>, je suis en voyage et on m'a volé mon sac. Envoie-moi 30 000 F pour le transport, je te rembourse dès mon retour",arnaque,autre_arnaque,aucun,CI,amorcage,,true,haute,,,159,test
sg-00161,"Voyant africain puissant: je règle tous vos problèmes d'argent, de mariage et de travail. Paiement après résultat. <TEL>",arnaque,autre_arnaque,aucun,BJ,amorcage,,true,haute,,,160,train
sg-00162,"Votre enfant a été arrêté par la police. Envoyez 75 000 F pour sa libération immédiate au <TEL>, ne prévenez personne.",arnaque,autre_arnaque,aucun,CI,amorcage,,true,haute,,,161,test
sg-00163,"Salut c'est ton ami de Facebook, je t'envoie un colis avec des dollars et des cadeaux. Paie juste les frais de douane de 45 000 F.",arnaque,autre_arnaque,aucun,CI,amorcage,,true,haute,,,162,train
sg-00164,Je suis une veuve malade et je veux léguer ma fortune de 500 millions à une personne honnête. Contactez mon avocat au <TEL>.,arnaque,autre_arnaque,aucun,CI,amorcage,,true,haute,,,163,train
sg-00165,"Bonsoir, votre numéro a été utilisé pour une fraude. Pour éviter des poursuites, contactez l'inspecteur au <TEL> et payez les frais d'enquête.",arnaque,autre_arnaque,aucun,CM,amorcage,,true,haute,,,164,train
sg-00166,"Vends iPhone neuf à 150 000 F seulement, livraison après paiement du transport de 10 000 F par Wave.",arnaque,autre_arnaque,wave,CI,amorcage,,true,haute,,,165,test
sg-00167,"Ma sœur c'est moi, je suis à la gare et mon porte-monnaie est perdu. Fais-moi un transfert de 10 000 sur ce numéro stp",arnaque,autre_arnaque,aucun,CI,amorcage,,true,haute,,,166,train
sg-00168,Envoie ce message à 20 personnes et tu recevras 5000 F de crédit gratuit. Sinon ton numéro sera bloqué dans 48h.,arnaque,autre_arnaque,aucun,CI,amorcage,,true,haute,,,167,train
sg-00169,"Bonjour, je vous ai vu sur Facebook, je suis un homme d'affaires et je veux vous épouser. Envoyez 25 000 F pour mon billet d'avion.",arnaque,autre_arnaque,aucun,SN,amorcage,,true,haute,,,168,train
sg-00170,"Cher fidèle, le pasteur a prié pour vous. Pour recevoir la bénédiction financière, semez 10 000 F au <TEL> aujourd'hui.",arnaque,autre_arnaque,aucun,CI,amorcage,,true,haute,,,169,train
sg-00171,Anti-coupure: payez votre facture d'électricité avec 50% de réduction en passant par notre agent au <TEL>.,arnaque,autre_arnaque,aucun,CI,amorcage,,true,haute,,,170,train
sg-00172,"Location de voiture pas chère, payez l'acompte de 40 000 F par Orange Money et la voiture vous est livrée.",arnaque,autre_arnaque,orange,CI,amorcage,,true,haute,,,171,test
sg-00173,"Bébé c'est moi, j'ai un problème urgent, fais moi un dépôt de 25 000 sur ce numéro, je t'explique après",arnaque,autre_arnaque,aucun,CI,amorcage,,true,haute,,,172,test
sg-00174,"Bonjour madame, votre fils a eu un malaise à l'école. Envoyez 20 000 F pour les premiers soins au numéro de l'infirmier <TEL>.",arnaque,autre_arnaque,aucun,SN,amorcage,,true,haute,,,173,train
sg-00175,"Vente de moutons de Tabaski à moitié prix! Réservez en envoyant 50% par Wave, livraison la veille de la fête.",arnaque,autre_arnaque,wave,SN,amorcage,,true,haute,,,174,train
sg-00176,Le cabinet du ministre vous informe que vous êtes retenu pour un marché public. Versez 200 000 F de frais de soumission.,arnaque,autre_arnaque,aucun,BF,amorcage,,true,haute,,,175,train
sg-00177,"Tu m'as appelé? Rappelle-moi vite au <TEL> c'est important, je ne peux pas te joindre sur ce numéro",arnaque,autre_arnaque,aucun,CI,amorcage,,true,moyenne,,,176,train
sg-00178,Transfert de 10000 FCFA vers <TEL> reussi. Frais: 100 FCFA. Nouveau solde: 45250 FCFA. Trans ID: <REF>. Orange Money ne vous demandera jamais votre code secret.,legitime,notification_transaction,orange,CI,amorcage,,true,haute,,,177,train
sg-00179,Vous avez recu 15000 FCFA de <NOM> (<TEL>). Nouveau solde: 27800 FCFA. ID transaction: <REF>.,legitime,notification_transaction,mtn,CI,amorcage,,true,haute,,,178,test
sg-00180,Vous avez reçu 5 000F de <NOM>. Nouveau solde: 12 350F.,legitime,notification_transaction,wave,SN,amorcage,,true,haute,,,179,train
sg-00181,Flooz: Depot de 20000 FCFA effectue par l'agent <NOM>. Solde: 32500 FCFA. Ref <REF>,legitime,notification_transaction,moov,TG,amorcage,,true,haute,,,180,train
sg-00182,Votre compte a été débité de 25 000 XOF le 29/09/2026 (retrait GAB). Solde disponible: 180 500 XOF.,legitime,notification_transaction,banque,CI,amorcage,,true,haute,,,181,train
sg-00183,Paiement de 12 500 FCFA pour votre facture d'électricité effectué avec succès. Réf: <REF>. Merci.,legitime,notification_transaction,orange,CI,amorcage,,true,haute,,,182,test
sg-00184,Votre compte a été crédité de 350 000 XOF (VIREMENT SALAIRE SEPT). Solde: 412 000 XOF.,legitime,notification_transaction,banque,SN,amorcage,,true,haute,,,183,train
sg-00185,Achat de credit de 1000 FCFA pour <TEL> reussi. Nouveau solde Orange Money: 8450 FCFA.,legitime,notification_transaction,orange,CI,amorcage,,true,haute,,,184,train
sg-00186,Retrait de 50000 FCFA chez l'agent <NOM> effectue. Frais: 500 FCFA. Nouveau solde: 3200 FCFA. Trans ID: <REF>,legitime,notification_transaction,orange,BF,amorcage,,true,haute,,,185,train
sg-00187,Votre transaction de 5000 FCFA vers <TEL> a echoue. Votre compte n'a pas ete debite.,legitime,notification_transaction,mtn,CI,amorcage,,true,haute,,,186,train
sg-00188,Votre compte Orange Money est bloque apres 3 saisies erronees du code secret. Rendez-vous en agence avec votre piece d'identite pour le debloquer.,legitime,notification_transaction,orange,CI,amorcage,,true,haute,,,187,train
sg-00189,Paiement marchand de 3500F chez <NOM> réussi. Nouveau solde: 21 400F.,legitime,notification_transaction,wave,SN,amorcage,,true,haute,,,188,train
sg-00190,MoMo: Vous avez envoyé 7500 FCFA à <NOM> <TEL>. Frais 75 FCFA. Solde 10 925 FCFA. Ne partagez jamais votre code PIN.,legitime,notification_transaction,mtn,BJ,amorcage,,true,haute,,,189,train
sg-00191,Transfert de 25 000 F vers <NOM> réussi. Frais 250 F. Solde 3 460 F.,legitime,notification_transaction,wave,CI,amorcage,,true,haute,,,190,train
sg-00192,Vous avez recu 100000 FCFA de <NOM>. Solde disponible: 102500 FCFA. Ref: <REF>,legitime,notification_transaction,orange,ML,amorcage,,true,haute,,,191,train
sg-00193,Depot de 30 000 FCFA effectue sur votre compte Moov Money. Nouveau solde 34 750 FCFA.,legitime,notification_transaction,moov,BJ,amorcage,,true,haute,,,192,train
sg-00194,Paiement des frais de scolarité: 75 000 FCFA réglés à l'établissement <NOM>. Réf <REF>.,legitime,notification_transaction,orange,CI,amorcage,,true,haute,,,193,train
sg-00195,Votre retrait de 20 000 F a été effectué. Solde: 5 850 F. Merci d'utiliser Wave.,legitime,notification_transaction,wave,SN,amorcage,,true,haute,,,194,test
sg-00196,Transfert international de 50 000 FCFA reçu de <NOM>. Solde: 61 200 FCFA.,legitime,notification_transaction,orange,SN,amorcage,,true,haute,,,195,train
sg-00197,Votre facture d'eau de 8 750 FCFA a été payée. Référence: <REF>.,legitime,notification_transaction,moov,BF,amorcage,,true,haute,,,196,train
sg-00198,Achat de forfait internet 2Go à 1000 FCFA réussi via votre compte MoMo. Solde: 4 300 FCFA.,legitime,notification_transaction,mtn,CM,amorcage,,true,haute,,,197,train
sg-00199,Remboursement de 2 000 F crédité sur votre compte suite à l'échec de la transaction du 28/09.,legitime,notification_transaction,wave,CI,amorcage,,true,haute,,,198,train
sg-00200,Vous avez payé 6 000 FCFA pour votre abonnement TV. Réf <REF>. Validité: 30 jours.,legitime,notification_transaction,orange,CI,amorcage,,true,haute,,,199,train
sg-00201,Votre compte a été débité de 15 000 XOF par prélèvement pour votre assurance. Solde: 95 200 XOF.,legitime,notification_transaction,banque,CI,amorcage,,true,haute,,,200,train
sg-00202,T-Money: Vous avez recu 12000 FCFA de <TEL>. Solde: 14650 FCFA.,legitime,notification_transaction,autre,TG,amorcage,,true,haute,,,201,train
sg-00203,Free Money: transfert de 3000 F vers <TEL> effectué. Solde: 9 800 F.,legitime,notification_transaction,autre,SN,amorcage,,true,haute,,,202,train
sg-00204,Retrait de 10 000 FCFA effectué au guichet. Frais 100 FCFA. Nouveau solde 1 520 FCFA.,legitime,notification_transaction,mtn,CI,amorcage,,true,haute,,,203,train
sg-00205,Vous avez reçu 2 500F de <NOM>. Nouveau solde: 2 590F.,legitime,notification_transaction,wave,CI,amorcage,,true,haute,,,204,train
sg-00206,Orange Money: Paiement de 45 000 FCFA à <NOM> effectué. Solde: 12 310 FCFA. Ne communiquez jamais votre code secret.,legitime,notification_transaction,orange,CM,amorcage,,true,haute,,,205,test
sg-00207,Votre virement de 200 000 XOF vers le compte de <NOM> a été exécuté.,legitime,notification_transaction,banque,BJ,amorcage,,true,haute,,,206,train
sg-00208,Transfert de 5000 F vers <TEL> réussi. Solde 750 F. Pensez à recharger votre compte.,legitime,notification_transaction,orange,CI,amorcage,,true,haute,,,207,train
sg-00209,Vous avez recu 40000 FCFA de <NOM>. Motif: loyer octobre. Solde: 43100 FCFA.,legitime,notification_transaction,mtn,CI,amorcage,,true,haute,,,208,train
sg-00210,"Votre carte a été utilisée pour un paiement de 18 900 XOF chez un commerçant le 30/09/2026 à 12:14. Si ce n'est pas vous, contactez votre agence.",legitime,notification_transaction,banque,CI,amorcage,,true,haute,,,209,train
sg-00211,Opération réussie: dépôt de 60 000 FCFA. Nouveau solde Moov Money: 71 250 FCFA.,legitime,notification_transaction,moov,TG,amorcage,,true,haute,,,210,train
sg-00212,Paiement de 3 000 F au taxi <NOM> réussi. Solde 14 200 F.,legitime,notification_transaction,wave,SN,amorcage,,true,haute,,,211,train
sg-00213,Le transfert de 8 000 FCFA de <NOM> a été annulé à sa demande. Votre solde est inchangé: 22 000 FCFA.,legitime,notification_transaction,orange,CI,amorcage,,true,haute,,,212,train
sg-00214,Recharge de 500 FCFA effectuée pour votre numéro. Bonus: 100 FCFA. Solde principal: 612 FCFA.,legitime,notification_transaction,mtn,CI,amorcage,,true,haute,,,213,train
sg-00215,Votre prêt de 25 000 FCFA a été remboursé intégralement. Merci pour votre confiance.,legitime,notification_transaction,orange,CI,amorcage,,true,haute,,,214,test
sg-00216,Cotisation tontine: 10 000 F envoyés à <NOM>. Solde: 3 450 F.,legitime,notification_transaction,wave,CI,amorcage,,true,haute,,,215,train
sg-00217,"Vous avez recu 7500 FCFA de <NOM>. Nouveau solde 7890 FCFA. Trans ID <REF>. Orange Money, votre argent en toute sécurité.",legitime,notification_transaction,orange,BF,amorcage,,true,haute,,,216,train
sg-00218,MoMo: Paiement de facture CIE de 22 300 FCFA réussi. ID: <REF>.,legitime,notification_transaction,mtn,CI,amorcage,,true,haute,,,217,train
sg-00219,Votre compte épargne a été crédité des intérêts trimestriels: 4 250 XOF.,legitime,notification_transaction,banque,SN,amorcage,,true,haute,,,218,test
sg-00220,Depot de 5000 FCFA recu de l'agent <NOM>. Solde: 5320 FCFA. Ref: <REF>,legitime,notification_transaction,moov,BF,amorcage,,true,haute,,,219,train
sg-00221,Vous avez envoyé 12 000F à <NOM>. Frais: 120F. Nouveau solde: 830F.,legitime,notification_transaction,wave,SN,amorcage,,true,haute,,,220,train
sg-00222,Achat d'électricité prépayée: 10 000 FCFA. Code de recharge compteur: <CODE>. Merci.,legitime,notification_transaction,orange,CI,amorcage,,true,haute,,,221,train
sg-00223,"Vous avez recu 250000 FCFA de <NOM>. Solde: 262000 FCFA. Pour votre sécurité, ne partagez jamais votre PIN.",legitime,notification_transaction,orange,SN,amorcage,,true,haute,,,222,train
sg-00224,Votre abonnement mensuel de 2 500 FCFA a été renouvelé. Prochain renouvellement le 30/10/2026.,legitime,notification_transaction,mtn,CI,amorcage,,true,haute,,,223,train
sg-00225,Transfert Orange Money vers compte bancaire de 100 000 FCFA effectué. Délai: 24h.,legitime,notification_transaction,orange,CI,amorcage,,true,haute,,,224,train
sg-00226,Votre compte a été crédité de 75 000 XOF (bourse d'études). Solde: 76 900 XOF.,legitime,notification_transaction,banque,BF,amorcage,,true,haute,,,225,train
sg-00227,Paiement en ligne de 9 900 FCFA effectué sur votre compte Wave.,legitime,notification_transaction,wave,CI,amorcage,,true,haute,,,226,train
sg-00228,Retrait de 15000 FCFA effectue. Frais: 150 FCFA. Nouveau solde: 2310 FCFA. Merci de votre fidelite.,legitime,notification_transaction,moov,CI,amorcage,,true,haute,,,227,test
sg-00229,Vous avez recu 20 000 FCFA de <NOM> via MTN MoMo. Solde: 20 450 FCFA.,legitime,notification_transaction,mtn,CM,amorcage,,true,haute,,,228,train
sg-00230,Votre transfert de 35 000 FCFA est en attente de confirmation du destinataire.,legitime,notification_transaction,orange,ML,amorcage,,true,haute,,,229,train
sg-00231,Le paiement de 1 500 F pour votre ticket de bus a été effectué. Bon voyage!,legitime,notification_transaction,wave,SN,amorcage,,true,haute,,,230,train
sg-00232,"Votre compte Mobile Money a été bloqué temporairement à votre demande. Pour le réactiver, présentez-vous en agence.",legitime,notification_transaction,mtn,BJ,amorcage,,true,haute,,,231,train
sg-00233,Transfert de 50 000 FCFA reçu. Expéditeur: <NOM>. Solde: 50 210 FCFA. Ref <REF>.,legitime,notification_transaction,moov,BJ,amorcage,,true,haute,,,232,test
sg-00234,Achat de pass internet 10Go (5000 FCFA) réussi. Validité 30 jours.,legitime,notification_transaction,orange,SN,amorcage,,true,haute,,,233,train
sg-00235,Vous avez payé 2 000 FCFA à la pharmacie <NOM>. Solde restant: 6 800 FCFA.,legitime,notification_transaction,orange,CI,amorcage,,true,haute,,,234,train
sg-00236,Votre compte a été débité de 3 500 XOF (frais de tenue de compte trimestriels).,legitime,notification_transaction,banque,CI,amorcage,,true,haute,,,235,train
sg-00237,Vous avez recu 5000 FCFA de <NOM>. Nouveau solde: 5100 FCFA.,legitime,notification_transaction,mtn,BJ,amorcage,,true,haute,,,236,train
sg-00238,Remboursement de frais: 500 FCFA recrédités sur votre compte suite à une erreur de facturation.,legitime,notification_transaction,orange,CI,amorcage,,true,haute,,,237,train
sg-00239,Paiement de votre commande de 14 500 FCFA confirmé. Livraison prévue demain.,legitime,notification_transaction,wave,CI,amorcage,,true,haute,,,238,train
sg-00240,Transfert de 30000 FCFA vers <TEL> reussi. Frais: 300 FCFA. Solde: 1240 FCFA.,legitime,notification_transaction,orange,ML,amorcage,,true,haute,,,239,train
sg-00241,Vous avez retiré 25 000 FCFA au distributeur. Solde: 131 000 FCFA.,legitime,notification_transaction,banque,CM,amorcage,,true,haute,,,240,test
sg-00242,Votre paiement de 4 000 F pour l'inscription au club a été reçu. Merci.,legitime,notification_transaction,wave,SN,amorcage,,true,haute,,,241,train
sg-00243,Dépôt de 100 000 FCFA effectué sur votre compte par <NOM>. Solde: 108 900 FCFA.,legitime,notification_transaction,mtn,CI,amorcage,,true,haute,,,242,train
sg-00244,Votre souscription au forfait appels 500 FCFA est active jusqu'à minuit.,legitime,notification_transaction,moov,CI,amorcage,,true,haute,,,243,train
sg-00245,Envoi réussi: 6 500 FCFA à <NOM>. Solde: 3 100 FCFA.,legitime,notification_transaction,orange,TG,amorcage,,true,haute,,,244,train
sg-00246,Réception de 17 000 FCFA de <NOM>. Motif: participation mariage. Solde 18 250 FCFA.,legitime,notification_transaction,wave,CI,amorcage,,true,haute,,,245,train
sg-00247,Votre compte a été crédité de 45 000 XOF. Motif: remboursement assurance santé.,legitime,notification_transaction,banque,CI,amorcage,,true,haute,,,246,train
sg-00248,Votre code de vérification WhatsApp est <CODE>. Ne partagez pas ce code.,legitime,otp,aucun,XX,amorcage,,true,haute,,,247,test
sg-00249,"<#> Votre code Wave est <CODE>. Ne le communiquez à personne, même à un agent Wave.",legitime,otp,wave,SN,amorcage,,true,haute,,,248,train
sg-00250,Code de confirmation: <CODE>. Valable 5 minutes.,legitime,otp,aucun,XX,amorcage,,true,haute,,,249,train
sg-00251,Utilisez le code <CODE> pour vous connecter à votre compte Facebook.,legitime,otp,aucun,XX,amorcage,,true,haute,,,250,train
sg-00252,Votre mot de passe temporaire est <CODE>. Changez-le à la première connexion.,legitime,otp,aucun,XX,amorcage,,true,haute,,,251,train
sg-00253,G-<CODE> est votre code de validation Google.,legitime,otp,aucun,XX,amorcage,,true,haute,,,252,train
sg-00254,Ecobank: votre OTP pour la transaction de 25 000 XOF est <CODE>. Ne le communiquez jamais.,legitime,otp,banque,CI,amorcage,,true,haute,,,253,train
sg-00255,<CODE> est votre code de connexion à l'application Max it. Ne le partagez avec personne.,legitime,otp,orange,CI,amorcage,,true,haute,,,254,train
sg-00256,Votre code MoMo pour confirmer le paiement est <CODE>. Il expire dans 3 minutes.,legitime,otp,mtn,CI,amorcage,,true,haute,,,255,train
sg-00257,"Code d'activation de votre compte: <CODE>. Si vous n'avez pas fait cette demande, ignorez ce message.",legitime,otp,aucun,XX,amorcage,,true,haute,,,256,train
sg-00258,Votre code de vérification Telegram: <CODE>. Ne donnez ce code à personne.,legitime,otp,aucun,XX,amorcage,,true,haute,,,257,train
sg-00259,"Pour finaliser votre inscription, entrez le code <CODE> dans l'application.",legitime,otp,aucun,XX,amorcage,,true,haute,,,258,train
sg-00260,Votre code de retrait est <CODE>. Présentez-le à l'agent avec votre pièce d'identité.,legitime,otp,orange,SN,amorcage,,true,haute,,,259,train
sg-00261,<#> <CODE> est votre code de sécurité. Nous ne vous appellerons jamais pour le demander.,legitime,otp,aucun,XX,amorcage,,true,haute,,,260,train
sg-00262,"Banque: code de validation de votre virement de 150 000 XOF: <CODE>. Si vous n'êtes pas à l'origine de cette opération, appelez votre agence.",legitime,otp,banque,SN,amorcage,,true,haute,,,261,test
sg-00263,Votre code de confirmation Jumia est <CODE>.,legitime,otp,aucun,CI,amorcage,,true,haute,,,262,train
sg-00264,Code PIN provisoire de votre nouvelle carte: <CODE>. Modifiez-le au premier retrait.,legitime,otp,banque,CI,amorcage,,true,haute,,,263,train
sg-00265,Moov Money: votre code de validation est <CODE>. Ne le communiquez jamais à un tiers.,legitime,otp,moov,BJ,amorcage,,true,haute,,,264,train
sg-00266,Votre code de connexion Instagram est <CODE>.,legitime,otp,aucun,XX,amorcage,,true,haute,,,265,train
sg-00267,Code de vérification: <CODE>. Utilisez-le pour réinitialiser votre mot de passe.,legitime,otp,aucun,XX,amorcage,,true,haute,,,266,train
sg-00268,Votre code Glovo est <CODE>.,legitime,otp,aucun,CI,amorcage,,true,haute,,,267,train
sg-00269,<CODE> est votre code de confirmation Yango. Ne le partagez pas.,legitime,otp,aucun,CI,amorcage,,true,haute,,,268,train
sg-00270,Wave: votre code de connexion est <CODE>. Wave ne vous demandera jamais ce code par téléphone.,legitime,otp,wave,CI,amorcage,,true,haute,,,269,train
sg-00271,Code OTP: <CODE> pour le paiement de 12 000 XOF chez un marchand en ligne.,legitime,otp,banque,CM,amorcage,,true,haute,,,270,test
sg-00272,Votre code de vérification pour le portail des examens est <CODE>.,legitime,otp,aucun,CI,amorcage,,true,haute,,,271,test
sg-00273,Votre code de livraison est <CODE>. Donnez-le au livreur uniquement à la réception du colis.,legitime,otp,aucun,CI,amorcage,,true,haute,,,272,train
sg-00274,"Orange: code de validation de votre changement de SIM: <CODE>. Si vous n'avez rien demandé, contactez le service client en agence.",legitime,otp,orange,CI,amorcage,,true,haute,,,273,train
sg-00275,Votre code d'accès au Wi-Fi de l'hôtel est <CODE>.,legitime,otp,aucun,SN,amorcage,,true,haute,,,274,train
sg-00276,MTN: votre code de réinitialisation du PIN MoMo est <CODE>. Aucun agent ne vous le demandera.,legitime,otp,mtn,CM,amorcage,,true,haute,,,275,test
sg-00277,Utilisez <CODE> pour vérifier votre numéro sur Signal.,legitime,otp,aucun,XX,amorcage,,true,haute,,,276,train
sg-00278,Votre code de connexion à la banque en ligne est <CODE>. Valable 2 minutes.,legitime,otp,banque,BJ,amorcage,,true,haute,,,277,train
sg-00279,Code de sécurité Microsoft: <CODE>.,legitime,otp,aucun,XX,amorcage,,true,haute,,,278,train
sg-00280,Votre code de confirmation de rendez-vous est <CODE>. A présenter à l'accueil.,legitime,otp,aucun,CI,amorcage,,true,haute,,,279,test
sg-00281,<#> Votre code est <CODE>. Merci d'utiliser notre service.,legitime,otp,aucun,XX,amorcage,,true,haute,,,280,train
sg-00282,Code de validation de votre inscription à la mutuelle: <CODE>.,legitime,otp,aucun,BF,amorcage,,true,haute,,,281,train
sg-00283,Votre code TikTok est <CODE>.,legitime,otp,aucun,XX,amorcage,,true,haute,,,282,train
sg-00284,"Pour sécuriser votre compte Orange Money, votre nouveau code secret a bien été enregistré. Ne le communiquez jamais.",legitime,otp,orange,ML,amorcage,,true,haute,,,283,train
sg-00285,Votre code de validation Uber est <CODE>.,legitime,otp,aucun,XX,amorcage,,true,haute,,,284,train
sg-00286,Code de confirmation de votre réservation de billet: <CODE>.,legitime,otp,aucun,SN,amorcage,,true,haute,,,285,train
sg-00287,Votre code de vérification LinkedIn est <CODE>.,legitime,otp,aucun,XX,amorcage,,true,haute,,,286,train
sg-00288,Orange: Profitez de 3Go à 1000F valables 7 jours. Tapez #111# ou passez par l'application.,legitime,promo_operateur,orange,CI,amorcage,,true,haute,,,287,train
sg-00289,MTN: Votre forfait internet est épuisé. Rechargez pour continuer à naviguer. Composez *133#.,legitime,promo_operateur,mtn,CI,amorcage,,true,haute,,,288,train
sg-00290,Bonus: rechargez 2000F aujourd'hui et recevez 100% de bonus d'appel valable 3 jours.,legitime,promo_operateur,orange,SN,amorcage,,true,haute,,,289,train
sg-00291,Jeu MTN: envoyez JEU au 7575 et tentez de gagner des smartphones. SMS 100F. Règlement sur mtn[.]ci,legitime,promo_operateur,mtn,CI,amorcage,,true,haute,,,290,train
sg-00292,Orange: maintenance réseau cette nuit de 1h à 4h dans votre zone. Désolés pour la gêne occasionnée.,legitime,promo_operateur,orange,CI,amorcage,,true,haute,,,291,train
sg-00293,Wave: nouveau! Payez vos factures d'eau sans frais dans l'application.,legitime,promo_operateur,wave,SN,amorcage,,true,haute,,,292,test
sg-00294,Votre forfait 5Go expire dans 24h. Renouvelez-le en composant #144#.,legitime,promo_operateur,orange,CI,amorcage,,true,haute,,,293,train
sg-00295,Joyeuse fête de l'indépendance! Orange vous offre 500 Mo gratuits aujourd'hui.,legitime,promo_operateur,orange,CI,amorcage,,true,haute,,,294,train
sg-00296,Moov Africa: les appels vers tous les réseaux à 50F la minute ce weekend.,legitime,promo_operateur,moov,BF,amorcage,,true,haute,,,295,train
sg-00297,MTN vous remercie pour votre fidélité: 10 ans avec nous! Profitez de 20% de remise sur les pass internet ce mois-ci.,legitime,promo_operateur,mtn,CM,amorcage,,true,haute,,,296,train
sg-00298,Orange Money: envoyez de l'argent vers la Côte d'Ivoire à moitié prix jusqu'au 15 octobre.,legitime,promo_operateur,orange,SN,amorcage,,true,haute,,,297,train
sg-00299,"Wave: 1% seulement pour vos transferts, et les dépôts et retraits restent gratuits.",legitime,promo_operateur,wave,CI,amorcage,,true,haute,,,298,train
sg-00300,Nouveau: consultez votre solde Moov Money gratuitement en tapant *155#.,legitime,promo_operateur,moov,BJ,amorcage,,true,haute,,,299,train
sg-00301,Pass Nuit: 2Go de minuit à 6h pour 200F. Composez *133*1#.,legitime,promo_operateur,mtn,CI,amorcage,,true,haute,,,300,train
sg-00302,Orange: votre recharge de 5000F vous donne droit à 1Go offert. Il est déjà disponible.,legitime,promo_operateur,orange,ML,amorcage,,true,haute,,,301,train
sg-00303,Participez au grand jeu de Noël Orange: chaque recharge de 1000F vous donne une chance de gagner une voiture. Règlement disponible en agence.,legitime,promo_operateur,orange,CI,amorcage,,true,haute,,,302,train
sg-00304,"Info MTN: pour éviter la suspension de votre ligne, pensez à mettre à jour votre identification en agence avec votre pièce d'identité avant le 31 décembre.",legitime,promo_operateur,mtn,CI,amorcage,,true,haute,,,303,train
sg-00305,Moov: votre crédit est presque épuisé. Rechargez maintenant et bénéficiez de 50% de bonus.,legitime,promo_operateur,moov,TG,amorcage,,true,haute,,,304,train
sg-00306,"Orange: téléchargez l'application Max it et gérez votre compte, vos forfaits et votre argent au même endroit.",legitime,promo_operateur,orange,CI,amorcage,,true,haute,,,305,train
sg-00307,MTN MoMo: payez vos achats chez les marchands agréés et recevez 2% de cashback sur votre compte.,legitime,promo_operateur,mtn,CI,amorcage,,true,haute,,,306,train
sg-00308,Wave: votre application a été mise à jour. Découvrez les nouvelles fonctionnalités depuis l'accueil.,legitime,promo_operateur,wave,SN,amorcage,,true,haute,,,307,train
sg-00309,"Orange: rappel, Orange ne vous appellera jamais pour demander votre code secret. Signalez tout appel suspect en agence.",legitime,promo_operateur,orange,CI,amorcage,,true,haute,,,308,train
sg-00310,Promo rentrée: forfait étudiant 10Go à 2500F par mois. Offre valable jusqu'au 31 octobre.,legitime,promo_operateur,orange,CI,amorcage,,true,haute,,,309,train
sg-00311,Moov Africa: votre nouvelle offre Illimix est activée. Profitez de vos appels et SMS illimités vers Moov.,legitime,promo_operateur,moov,CI,amorcage,,true,haute,,,310,train
sg-00312,MTN: le réseau 4G+ est disponible dans votre quartier. Profitez d'un internet plus rapide.,legitime,promo_operateur,mtn,BJ,amorcage,,true,haute,,,311,test
sg-00313,Orange Money: la carte Visa prépayée est disponible en agence. Payez partout dans le monde.,legitime,promo_operateur,orange,SN,amorcage,,true,haute,,,312,train
sg-00314,Bonne fête de Tabaski! Profitez de 30% de bonus sur toutes vos recharges jusqu'à dimanche.,legitime,promo_operateur,orange,SN,amorcage,,true,haute,,,313,train
sg-00315,"Votre forfait appels a été renouvelé automatiquement. Pour désactiver le renouvellement, tapez #144#.",legitime,promo_operateur,orange,CI,amorcage,,true,haute,,,314,train
sg-00316,MTN: gagnez des minutes gratuites en parrainant un ami. Il suffit qu'il achète son premier pass.,legitime,promo_operateur,mtn,CI,amorcage,,true,haute,,,315,train
sg-00317,Service client Orange: votre réclamation a été traitée. Merci de votre patience.,legitime,promo_operateur,orange,CI,amorcage,,true,haute,,,316,train
sg-00318,Free: profitez d'internet illimité le dimanche pour 500F. Tapez #150#.,legitime,promo_operateur,autre,SN,amorcage,,true,haute,,,317,train
sg-00319,Wave: les transferts vers le Mali sont maintenant disponibles dans l'application.,legitime,promo_operateur,wave,SN,amorcage,,true,haute,,,318,train
sg-00320,Orange: votre facture fixe du mois de septembre est disponible. Montant: 15 400 FCFA. Payez-la avec Orange Money.,legitime,promo_operateur,orange,CI,amorcage,,true,haute,,,319,train
sg-00321,Moov Money: retirez sans frais chez tous nos agents partenaires ce mois-ci.,legitime,promo_operateur,moov,BF,amorcage,,true,haute,,,320,test
sg-00322,MTN: votre numéro a bien été porté vers notre réseau. Bienvenue chez MTN!,legitime,promo_operateur,mtn,CI,amorcage,,true,haute,,,321,test
sg-00323,Orange: bénéficiez de la 5G sans changer de forfait si votre téléphone est compatible.,legitime,promo_operateur,orange,CI,amorcage,,true,haute,,,322,train
sg-00324,"Wave: pour votre sécurité, activez le verrouillage de l'application dans les paramètres.",legitime,promo_operateur,wave,CI,amorcage,,true,haute,,,323,test
sg-00325,Pass WhatsApp illimité 7 jours à 300F. Tapez *133*6#.,legitime,promo_operateur,mtn,CI,amorcage,,true,haute,,,324,train
sg-00326,Orange: découvrez nos nouveaux points de vente près de chez vous sur notre site orange[.]ci,legitime,promo_operateur,orange,CI,amorcage,,true,haute,,,325,train
sg-00327,"MTN: souscription à MTN Music réussie. 100F par semaine. Pour vous désabonner, envoyez STOP au 8000.",legitime,promo_operateur,mtn,CM,amorcage,,true,haute,,,326,test
sg-00328,Moov: coupure de service prévue dimanche de 2h à 5h pour amélioration du réseau.,legitime,promo_operateur,moov,TG,amorcage,,true,haute,,,327,train
sg-00329,Orange Money: votre plafond de transaction a été relevé suite à la vérification de votre identité.,legitime,promo_operateur,orange,CI,amorcage,,true,haute,,,328,train
sg-00330,Joyeux anniversaire! Orange vous offre 1Go valable 24h pour fêter ça.,legitime,promo_operateur,orange,CI,amorcage,,true,haute,,,329,train
sg-00331,MTN: vous avez utilisé 80% de votre forfait internet.,legitime,promo_operateur,mtn,BJ,amorcage,,true,haute,,,330,test
sg-00332,Wave: nouvelle agence ouverte à Plateau. Horaires: 8h-18h du lundi au samedi.,legitime,promo_operateur,wave,CI,amorcage,,true,haute,,,331,train
sg-00333,"Stp envoie-moi 2000 pour le taxi, je te rembourse demain",legitime,personnel,aucun,CI,amorcage,,true,haute,,,332,test
sg-00334,"Maman j'ai reçu l'argent, merci beaucoup. Je t'appelle ce soir",legitime,personnel,aucun,CI,amorcage,,true,haute,,,333,train
sg-00335,Tonton on dit quoi? La famille va bien?,legitime,personnel,aucun,CI,amorcage,,true,haute,,,334,test
sg-00336,"Je suis devant la porte, viens ouvrir",legitime,personnel,aucun,CI,amorcage,,true,haute,,,335,train
sg-00337,Le match c'est à quelle heure ce soir?,legitime,personnel,aucun,SN,amorcage,,true,haute,,,336,train
sg-00338,Réunion des parents d'élèves samedi à 10h à l'école,legitime,personnel,aucun,CI,amorcage,,true,haute,,,337,train
sg-00339,N'oublie pas d'acheter le pain en rentrant,legitime,personnel,aucun,CI,amorcage,,true,haute,,,338,train
sg-00340,"Joyeux anniversaire ma chérie, que Dieu te bénisse et te garde",legitime,personnel,aucun,CI,amorcage,,true,haute,,,339,train
sg-00341,Tu as vu les résultats du bac? Ta cousine a eu mention!,legitime,personnel,aucun,BF,amorcage,,true,haute,,,340,train
sg-00342,"Bonne arrivée, tu es bien rentré?",legitime,personnel,aucun,CI,amorcage,,true,haute,,,341,train
sg-00343,"Appelle-moi quand tu es libre, c'est urgent",legitime,personnel,aucun,CI,amorcage,,true,haute,,,342,train
sg-00344,"Le mariage de <NOM> c'est le 12, tu viens avec nous?",legitime,personnel,aucun,SN,amorcage,,true,haute,,,343,train
sg-00345,"J'ai fait le dépôt de 10 000 pour la cotisation de la tontine, vérifie",legitime,personnel,aucun,CI,amorcage,,true,haute,,,344,train
sg-00346,"Je t'ai envoyé 15 000 pour le marché, confirme quand tu reçois",legitime,personnel,aucun,CI,amorcage,,true,haute,,,345,train
sg-00347,"Chérie j'arrive dans 30 minutes, il y a embouteillage",legitime,personnel,aucun,CI,amorcage,,true,haute,,,346,train
sg-00348,La coupure de courant est finie chez vous?,legitime,personnel,aucun,CI,amorcage,,true,haute,,,347,train
sg-00349,"Mon vié on dit quoi, c'est comment? On se voit au maquis ce soir",legitime,personnel,aucun,CI,amorcage,,true,haute,,,348,train
sg-00350,"Ya fohi, tout est calé pour demain",legitime,personnel,aucun,CI,amorcage,,true,haute,,,349,train
sg-00351,"Papa est rentré de l'hôpital, il va beaucoup mieux, merci pour vos prières",legitime,personnel,aucun,CI,amorcage,,true,haute,,,350,train
sg-00352,Tu peux passer récupérer les enfants à l'école à 16h30? Je suis encore au bureau,legitime,personnel,aucun,SN,amorcage,,true,haute,,,351,train
sg-00353,"Merci pour hier, c'était super sympa",legitime,personnel,aucun,CI,amorcage,,true,haute,,,352,train
sg-00354,"Le cours de demain est annulé, le prof est malade",legitime,personnel,aucun,BJ,amorcage,,true,haute,,,353,train
sg-00355,"J'ai oublié mon chargeur chez toi, je passe le prendre demain",legitime,personnel,aucun,CI,amorcage,,true,haute,,,354,train
sg-00356,On se retrouve au rond-point à 18h,legitime,personnel,aucun,CI,amorcage,,true,haute,,,355,train
sg-00357,"Maman dit de t'appeler, elle n'arrive pas à te joindre",legitime,personnel,aucun,CI,amorcage,,true,haute,,,356,train
sg-00358,Bonne fête de Tabaski à toi et à toute la famille!,legitime,personnel,aucun,SN,amorcage,,true,haute,,,357,train
sg-00359,Tu as fini le devoir de maths? Envoie-moi une photo de l'exercice 3 stp,legitime,personnel,aucun,CI,amorcage,,true,haute,,,358,train
sg-00360,"Je suis malade aujourd'hui, je ne pourrai pas venir au travail",legitime,personnel,aucun,CI,amorcage,,true,haute,,,359,train
sg-00361,Frère tu peux me prêter 5000 jusqu'à la fin du mois? Je te rembourse le 30,legitime,personnel,aucun,CI,amorcage,,true,haute,,,360,train
sg-00362,"C'est bon j'ai reçu les 5000, merci frère",legitime,personnel,aucun,CI,amorcage,,true,haute,,,361,train
sg-00363,"Le plombier vient demain à 9h, il faut quelqu'un à la maison",legitime,personnel,aucun,CI,amorcage,,true,haute,,,362,test
sg-00364,"Dors bien, à demain",legitime,personnel,aucun,CI,amorcage,,true,haute,,,363,train
sg-00365,Tu m'envoies l'adresse de la boutique? Je veux y aller cet après-midi,legitime,personnel,aucun,SN,amorcage,,true,haute,,,364,train
sg-00366,"Les invitations sont prêtes, passe les récupérer chez moi",legitime,personnel,aucun,CI,amorcage,,true,haute,,,365,train
sg-00367,"J'ai raté le car, je prends le prochain à 15h",legitime,personnel,aucun,BF,amorcage,,true,haute,,,366,train
sg-00368,"Grand-mère demande de tes nouvelles, appelle-la dimanche",legitime,personnel,aucun,ML,amorcage,,true,haute,,,367,train
sg-00369,"Le gâteau est super bon, merci ma sœur!",legitime,personnel,aucun,CI,amorcage,,true,haute,,,368,train
sg-00370,Félicitations pour ton nouveau travail! On va fêter ça,legitime,personnel,aucun,CI,amorcage,,true,haute,,,369,train
sg-00371,"Félicitations pour le bébé, que Dieu le garde! On passe vous voir ce weekend",legitime,personnel,aucun,SN,amorcage,,true,haute,,,370,train
sg-00372,"URGENT: la réunion est avancée à 14h, préviens les autres",legitime,personnel,aucun,CI,amorcage,,true,haute,,,371,test
sg-00373,Tu as mon livre de physique? J'en ai besoin pour réviser,legitime,personnel,aucun,CI,amorcage,,true,haute,,,372,train
sg-00374,"Je t'ai envoyé la vidéo sur WhatsApp, regarde c'est trop drôle",legitime,personnel,aucun,CI,amorcage,,true,haute,,,373,train
sg-00375,"Maman envoie-moi 10 000 pour les fournitures scolaires stp, la liste est longue",legitime,personnel,aucun,CI,amorcage,,true,haute,,,374,train
sg-00376,"Ok pas de souci, je te fais le transfert ce soir",legitime,personnel,aucun,CI,amorcage,,true,haute,,,375,train
sg-00377,Le mécanicien dit que la voiture sera prête jeudi,legitime,personnel,aucun,CI,amorcage,,true,haute,,,376,train
sg-00378,Tu viens à l'église dimanche? Il y a la fête des moissons,legitime,personnel,aucun,CI,amorcage,,true,haute,,,377,train
sg-00379,Qui a pris la clé de la moto? Je dois sortir,legitime,personnel,aucun,BF,amorcage,,true,haute,,,378,train
sg-00380,On a gagné le match 3-1!! Quelle soirée!,legitime,personnel,aucun,CI,amorcage,,true,haute,,,379,train
sg-00381,"J'ai déposé ton colis chez le voisin, récupère-le quand tu rentres",legitime,personnel,aucun,SN,amorcage,,true,haute,,,380,train
sg-00382,"Pense à payer la facture d'électricité avant vendredi, sinon ils vont couper",legitime,personnel,aucun,CI,amorcage,,true,haute,,,381,train
sg-00383,"Stp rappelle-moi, j'ai essayé de te joindre trois fois",legitime,personnel,aucun,CI,amorcage,,true,haute,,,382,train
sg-00384,"Je vais au marché, tu veux quelque chose?",legitime,personnel,aucun,CI,amorcage,,true,haute,,,383,train
sg-00385,Le docteur a dit de continuer le traitement pendant une semaine,legitime,personnel,aucun,CI,amorcage,,true,haute,,,384,train
sg-00386,"Bravo pour ta soutenance, on est fiers de toi!",legitime,personnel,aucun,BJ,amorcage,,true,haute,,,385,test
sg-00387,La réunion de famille est reportée au mois prochain,legitime,personnel,aucun,CI,amorcage,,true,haute,,,386,train
sg-00388,Tu peux me déposer à l'aéroport samedi matin?,legitime,personnel,aucun,SN,amorcage,,true,haute,,,387,train
sg-00389,"J'ai perdu mon téléphone hier, c'est mon nouveau numéro, enregistre-le",legitime,personnel,aucun,CI,amorcage,,true,haute,,,388,train
sg-00390,"Mon compte Orange Money est bloqué, je dois aller en agence demain matin",legitime,personnel,orange,CI,amorcage,,true,haute,,,389,train
sg-00391,Ton argent est arrivé? Je t'ai fait le Wave il y a une heure,legitime,personnel,wave,SN,amorcage,,true,haute,,,390,train
sg-00392,"Merci de m'avoir aidé pour le déménagement, je te dois un repas",legitime,personnel,aucun,CI,amorcage,,true,haute,,,391,train
sg-00393,"Le prix du sac de riz a encore augmenté, 18 500 maintenant",legitime,personnel,aucun,CI,amorcage,,true,haute,,,392,train
sg-00394,Tu as reçu le message de la banque pour le prêt?,legitime,personnel,aucun,CI,amorcage,,true,haute,,,393,train
sg-00395,"Ma sœur, ne réponds pas aux gens qui te demandent ton code Orange Money, c'est des escrocs",legitime,personnel,orange,CI,amorcage,,true,haute,,,394,train
sg-00396,"Attention, il y a des faux agents qui appellent pour demander les codes. Ne donne rien",legitime,personnel,aucun,CI,amorcage,,true,haute,,,395,test
sg-00397,Chéri n'oublie pas le rendez-vous chez le pédiatre à 11h,legitime,personnel,aucun,CI,amorcage,,true,haute,,,396,train
sg-00398,"Il pleut beaucoup ici, reste à la maison",legitime,personnel,aucun,CI,amorcage,,true,haute,,,397,train
sg-00399,"J'ai trouvé une maison à louer à 60 000 par mois, on va visiter demain",legitime,personnel,aucun,CI,amorcage,,true,haute,,,398,train
sg-00400,"La cérémonie commence à 16h, habillez-vous en blanc",legitime,personnel,aucun,SN,amorcage,,true,haute,,,399,train
sg-00401,"Bien reçu, merci pour l'info",legitime,personnel,aucun,CI,amorcage,,true,haute,,,400,test
sg-00402,Tu peux m'envoyer le numéro de l'électricien?,legitime,personnel,aucun,CI,amorcage,,true,haute,,,401,train
sg-00403,On va cotiser 5000 chacun pour le cadeau de mariage de <NOM>,legitime,personnel,aucun,CI,amorcage,,true,haute,,,402,train
sg-00404,"C'est moi qui ai payé le transport hier, tu me dois 1500",legitime,personnel,aucun,CI,amorcage,,true,haute,,,403,train
sg-00405,"Le patron a validé ton congé, tu peux partir lundi",legitime,personnel,aucun,CI,amorcage,,true,haute,,,404,train
sg-00406,"Salut, je suis en réunion, je te rappelle après",legitime,personnel,aucun,CI,amorcage,,true,haute,,,405,train
sg-00407,Paix à son âme. Les obsèques auront lieu samedi au village,legitime,personnel,aucun,CI,amorcage,,true,haute,,,406,train
sg-00408,Bon tu me la file <NOM> va la vendre sur internet et je t'en offre une pr noel . En attendant <NOM> peut te preter la sienne ca te dit?,legitime,personnel,aucun,FR,corpus_recherche,2011-12,false,haute,,https://hdl.handle.net/11403/comere/cmr-88milsms,407,train
sg-00409,Et déjà d idées pr t kdo?,legitime,personnel,aucun,FR,corpus_recherche,2011-12,false,haute,,https://hdl.handle.net/11403/comere/cmr-88milsms,408,train
sg-00410,Oki on Pourra se rejoindre a St. Eloi si tu veux,legitime,personnel,aucun,FR,corpus_recherche,2011-10,false,haute,,https://hdl.handle.net/11403/comere/cmr-88milsms,409,train
sg-00411,"que ma survie en dépend... ptdr, jy aurais jamais pensée!! disons qe le fait de ne pas avoir de devoirs fait que je ne fais rien. et comme jai un preneur de note, c meme pas moi qui écrit les cours! mais bon, je m'oblige à faire des fiches! jessayerai ta methode...",legitime,personnel,aucun,FR,corpus_recherche,2011-10,false,haute,,https://hdl.handle.net/11403/comere/cmr-88milsms,410,train
sg-00412,Oui oui ça va :),legitime,personnel,aucun,FR,corpus_recherche,2011-10,false,haute,,https://hdl.handle.net/11403/comere/cmr-88milsms,411,train
sg-00413,<NOM> voulait te dire qqch de mignon,legitime,personnel,aucun,FR,corpus_recherche,2011-10,false,haute,,https://hdl.handle.net/11403/comere/cmr-88milsms,412,train
sg-00414,"Elle est déjà sur place, t'inquiètes :). Et oui, j'ai ta frontale. Désolée, comme elle était posée sur les affaires, je l'ai mise dans mon sac pour pas qu'elle s'abime et j'ai oublier de te la rendre :s",legitime,personnel,aucun,FR,corpus_recherche,2011-09,false,haute,,https://hdl.handle.net/11403/comere/cmr-88milsms,413,train
sg-00415,Pas de souci... Vers 22h ca te va? Et comme ca je t'apporte tes.sous en plus...,legitime,personnel,aucun,FR,corpus_recherche,2011-11,false,haute,,https://hdl.handle.net/11403/comere/cmr-88milsms,414,test
sg-00416,Ben pour le cours de cuisine ca va etre enorme !,legitime,personnel,aucun,FR,corpus_recherche,2011-09,false,haute,,https://hdl.handle.net/11403/comere/cmr-88milsms,415,train
sg-00417,Oui court dans le sens peu de temps pour écrire :S Mdr moi aussi jaime bien :),legitime,personnel,aucun,FR,corpus_recherche,2011-10,false,haute,,https://hdl.handle.net/11403/comere/cmr-88milsms,416,train
sg-00418,"Bisous, je t adore mon coeur.",legitime,personnel,aucun,FR,corpus_recherche,2011-10,false,haute,,https://hdl.handle.net/11403/comere/cmr-88milsms,417,train
sg-00419,"le 23.? J espère q y s sont pa plantés =/ moi y m avaient di le samedi 22 =/ ..bon en tout cas t'aura intéret à vnir nous voir.! =D ..et pour Almodovar on remet ça à une prochaine fois ^^ faut q on s'voit, et faut q tu m en dise un-peut plus pour le ton projet au vénézuela =)",legitime,personnel,aucun,FR,corpus_recherche,2011-10,false,haute,,https://hdl.handle.net/11403/comere/cmr-88milsms,418,train
sg-00420,"Oooh j'ai comme entendu le bruit d'un bouchon qui partait d'une bouteille..mais ouiii c'est pour toi allez, un ptit four dans la main droite, une verre dans l'autre et chantons:Joyeux anniversaire ma <NOM>, joy-euuux aaanniversaireuh <NOM> , Joyyy-eeeux Aaaa-nniiiii-ver-sai-reuuuuh.. Aller chine chine;) bisous bisous",legitime,personnel,aucun,FR,corpus_recherche,2011-09,false,haute,,https://hdl.handle.net/11403/comere/cmr-88milsms,419,train
sg-00421,"Coucou, oui toujours ok pour demain. <NOM> devrait venir mais c pas sur. L'idéal pour nous serait de manger en ville. Ya l'hippo de place de l'europe si vous voulez, sinon, on peut se faire un resto en centre. 20h pour l'heure ça vous va ? Désolée pour l'heure mais on était à un anniv. Bisous",legitime,personnel,aucun,FR,corpus_recherche,2011-09,false,haute,,https://hdl.handle.net/11403/comere/cmr-88milsms,420,train
sg-00422,C'est comme tu preferes ! Anyway on se voit a la fac jeudi sinon ! :),legitime,personnel,aucun,FR,corpus_recherche,2011-10,false,haute,,https://hdl.handle.net/11403/comere/cmr-88milsms,421,train
sg-00423,Un oui l'autre pas encore. Et alors la certification?,legitime,personnel,aucun,FR,corpus_recherche,2011-10,false,haute,,https://hdl.handle.net/11403/comere/cmr-88milsms,422,train
sg-00424,Bien bien aimé ou juste bien aimé?,legitime,personnel,aucun,FR,corpus_recherche,2011-11,false,haute,,https://hdl.handle.net/11403/comere/cmr-88milsms,423,train
sg-00425,"je pense que je vais me couper les cheveux, genre vraiment cours... t'en pense quoi?",legitime,personnel,aucun,FR,corpus_recherche,2011-12,false,haute,,https://hdl.handle.net/11403/comere/cmr-88milsms,424,train
sg-00426,"Ben oui il est né le 16... Et ta pas à te couper en 2, avec lui ce sera sans doute plus fun dc s'il t'invite vas y jcomprendrais",legitime,personnel,aucun,FR,corpus_recherche,2011-11,false,haute,,https://hdl.handle.net/11403/comere/cmr-88milsms,425,test
sg-00427,Tag sa f demi h je t di c fini,legitime,personnel,aucun,FR,corpus_recherche,2011-09,false,haute,,https://hdl.handle.net/11403/comere/cmr-88milsms,426,train
sg-00428,Au moins c'est concis x),legitime,personnel,aucun,FR,corpus_recherche,2011-09,false,haute,,https://hdl.handle.net/11403/comere/cmr-88milsms,427,test
sg-00429,Ok c super!! Merci. On en reparle ce week end!,legitime,personnel,aucun,FR,corpus_recherche,2011-10,false,haute,,https://hdl.handle.net/11403/comere/cmr-88milsms,428,train
sg-00430,J'ariv pui on vera,legitime,personnel,aucun,FR,corpus_recherche,2011-11,false,haute,,https://hdl.handle.net/11403/comere/cmr-88milsms,429,test
sg-00431,"Pfou trop lourd, ca y est arrivee!!",legitime,personnel,aucun,FR,corpus_recherche,2011-10,false,haute,,https://hdl.handle.net/11403/comere/cmr-88milsms,430,train
sg-00432,C'est bien . Et pour le ciné :(,legitime,personnel,aucun,FR,corpus_recherche,2011-11,false,haute,,https://hdl.handle.net/11403/comere/cmr-88milsms,431,test
sg-00433,"Ok, tu me préviens 10mn avant de passer? :-)",legitime,personnel,aucun,FR,corpus_recherche,2011-12,false,haute,,https://hdl.handle.net/11403/comere/cmr-88milsms,432,test
sg-00434,toi aussi bichette! bonne soirée! :),legitime,personnel,aucun,FR,corpus_recherche,2011-12,false,haute,,https://hdl.handle.net/11403/comere/cmr-88milsms,433,train
sg-00435,Nan la france devait gagner,legitime,personnel,aucun,FR,corpus_recherche,2011-10,false,haute,,https://hdl.handle.net/11403/comere/cmr-88milsms,434,train
sg-00436,Ce soir y a l autre chez moi mais dis moi juste si il allait bien?,legitime,personnel,aucun,FR,corpus_recherche,2011-10,false,haute,,https://hdl.handle.net/11403/comere/cmr-88milsms,435,train
sg-00437,T es pas en cours?,legitime,personnel,aucun,FR,corpus_recherche,2011-10,false,haute,,https://hdl.handle.net/11403/comere/cmr-88milsms,436,test
sg-00438,"Ok, c'est bon, le plus gros de la déprime est passé. Je te reconsidère comme une amie \o\",legitime,personnel,aucun,FR,corpus_recherche,2011-09,false,haute,,https://hdl.handle.net/11403/comere/cmr-88milsms,437,train
sg-00439,Hii jai attendu a te rep pk jvoulais avoir mes parents & normalemnt le we pro jsuis en italy :(,legitime,personnel,aucun,FR,corpus_recherche,2011-12,false,haute,,https://hdl.handle.net/11403/comere/cmr-88milsms,438,test
sg-00440,"J'y vais pas ce soir, je peux pas... Mais on se voit la semaine prochaine. Bonne soirée:-)",legitime,personnel,aucun,FR,corpus_recherche,2011-09,false,haute,,https://hdl.handle.net/11403/comere/cmr-88milsms,439,train
sg-00441,J'ai fait Le bracelet Je t'aime,legitime,personnel,aucun,FR,corpus_recherche,2011-10,false,haute,,https://hdl.handle.net/11403/comere/cmr-88milsms,440,train
sg-00442,Ca s apelle tt13,legitime,personnel,aucun,FR,corpus_recherche,2011-09,false,haute,,https://hdl.handle.net/11403/comere/cmr-88milsms,441,train
sg-00443,Chamalow à plume.,legitime,personnel,aucun,FR,corpus_recherche,2011-11,false,haute,,https://hdl.handle.net/11403/comere/cmr-88milsms,442,train
sg-00444,J'te laisse je dors ch'ui trop trop crever ...:s,legitime,personnel,aucun,FR,corpus_recherche,2011-11,false,haute,,https://hdl.handle.net/11403/comere/cmr-88milsms,443,test
sg-00445,Il a vomi partout et ca je crains vachement,legitime,personnel,aucun,FR,corpus_recherche,2011-12,false,haute,,https://hdl.handle.net/11403/comere/cmr-88milsms,444,train
sg-00446,Et n'empeche g u 3 points de crédité sur ma carte g pas compris^^',legitime,personnel,aucun,FR,corpus_recherche,2011-11,false,haute,,https://hdl.handle.net/11403/comere/cmr-88milsms,445,train
sg-00447,Fais pas trop le lourd demain lol. Tu vas la brancher sur un plan à 3 ? :),legitime,personnel,aucun,FR,corpus_recherche,2011-12,false,haute,,https://hdl.handle.net/11403/comere/cmr-88milsms,446,train
sg-00448,Sa t'interesses alors d'y aller en velo demain? Moi je peux!,legitime,personnel,aucun,FR,corpus_recherche,2011-11,false,haute,,https://hdl.handle.net/11403/comere/cmr-88milsms,447,test
sg-00449,t tjs en train de te justifier...tu me dis jai besoin des 100e parceque....ta besoin des sous ta pas a te JUSTIFIER! tu vend ron tel tu veux tes sous c normal,legitime,personnel,aucun,FR,corpus_recherche,2011-10,false,haute,,https://hdl.handle.net/11403/comere/cmr-88milsms,448,train
sg-00450,Lol jetei en cour lol et la jvai ala BU,legitime,personnel,aucun,FR,corpus_recherche,2011-12,false,haute,,https://hdl.handle.net/11403/comere/cmr-88milsms,449,train
sg-00451,Cc c <NOM> joyeux annif a toi gros bisou,legitime,personnel,aucun,FR,corpus_recherche,2011-09,false,haute,,https://hdl.handle.net/11403/comere/cmr-88milsms,450,test
sg-00452,Trop galére a prendre seule,legitime,personnel,aucun,FR,corpus_recherche,2011-11,false,haute,,https://hdl.handle.net/11403/comere/cmr-88milsms,451,train
sg-00453,Nn il vient de partir,legitime,personnel,aucun,FR,corpus_recherche,2011-10,false,haute,,https://hdl.handle.net/11403/comere/cmr-88milsms,452,test
sg-00454,Et il peut pas échanger et l'aider le dimanche?,legitime,personnel,aucun,FR,corpus_recherche,2011-10,false,haute,,https://hdl.handle.net/11403/comere/cmr-88milsms,453,train
sg-00455,Oooh!!! Vous etes tellement gentils!!!<3 <3 <3 Vous etes géniaux!! Je vous aime très très fort!!!<3 <3 <3 <3 <3 Enormes bisous à tous!!!='DD<3 <3 <3,legitime,personnel,aucun,FR,corpus_recherche,2011-11,false,haute,,https://hdl.handle.net/11403/comere/cmr-88milsms,454,train
sg-00456,Elle t'as dit quoi? Si c'est pas indiscret,legitime,personnel,aucun,FR,corpus_recherche,2011-09,false,haute,,https://hdl.handle.net/11403/comere/cmr-88milsms,455,train
sg-00457,Un peu de un peu de tout donc^^ dormi parce que malade ou juste récupérer des heures de sommeil?,legitime,personnel,aucun,FR,corpus_recherche,2011-11,false,haute,,https://hdl.handle.net/11403/comere/cmr-88milsms,456,test
sg-00458,"Y a un couple L tellement mignon dans le tram !! Mi andro mi féminines les 2. C'trop pas des boutch, j'veux dire",legitime,personnel,aucun,FR,corpus_recherche,2011-10,false,haute,,https://hdl.handle.net/11403/comere/cmr-88milsms,457,test
sg-00459,A+ je vais m enerver a ce soir,legitime,personnel,aucun,FR,corpus_recherche,2011-11,false,haute,,https://hdl.handle.net/11403/comere/cmr-88milsms,458,train
sg-00460,Lol je te dis ça pck j'ai faim,legitime,personnel,aucun,FR,corpus_recherche,2011-12,false,haute,,https://hdl.handle.net/11403/comere/cmr-88milsms,459,train
sg-00461,"Mdr non.. Sinon, on lui envoie un texto mysterieux haha, du genre ""Demain, 10 octobre 2011, on t'attend a 20h a l'arret comedie. "" mdr..",legitime,personnel,aucun,FR,corpus_recherche,2011-10,false,haute,,https://hdl.handle.net/11403/comere/cmr-88milsms,460,train
sg-00462,J'y vais je t'aime,legitime,personnel,aucun,FR,corpus_recherche,2011-09,false,haute,,https://hdl.handle.net/11403/comere/cmr-88milsms,461,train
sg-00463,Et la place ou la rue?,legitime,personnel,aucun,FR,corpus_recherche,2011-09,false,haute,,https://hdl.handle.net/11403/comere/cmr-88milsms,462,test
sg-00464,"""blessant et insultant"" c vrai que c pas insultant de se faire remplacer par une meilleure soirée.",legitime,personnel,aucun,FR,corpus_recherche,2011-12,false,haute,,https://hdl.handle.net/11403/comere/cmr-88milsms,463,train
sg-00465,Mais tu l'as laissé dehors genre12h mon amour,legitime,personnel,aucun,FR,corpus_recherche,2011-11,false,haute,,https://hdl.handle.net/11403/comere/cmr-88milsms,464,train
sg-00466,Il y a des clients au moins?,legitime,personnel,aucun,FR,corpus_recherche,2011-11,false,haute,,https://hdl.handle.net/11403/comere/cmr-88milsms,465,test
sg-00467,Ouais ça y est je suis rentrée faire intendance lol. Ah ben ouais ça dépend des moments je te dis : /,legitime,personnel,aucun,FR,corpus_recherche,2011-10,false,haute,,https://hdl.handle.net/11403/comere/cmr-88milsms,466,train
sg-00468,On va au park ! Tu viens?,legitime,personnel,aucun,FR,corpus_recherche,2011-10,false,haute,,https://hdl.handle.net/11403/comere/cmr-88milsms,467,train
sg-00469,Tu peux penser a amener l appareil photo stp?,legitime,personnel,aucun,FR,corpus_recherche,2011-09,false,haute,,https://hdl.handle.net/11403/comere/cmr-88milsms,468,train
sg-00470,Oui j'ai la télé mais c'est une antenne toute pourrie tu sais que tu pose sur la télé!!,legitime,personnel,aucun,FR,corpus_recherche,2011-12,false,haute,,https://hdl.handle.net/11403/comere/cmr-88milsms,469,test
sg-00471,"C'est clair, j'en suis folle ! Tu m'en veux si tu passe qu'en 1ere ax eaquo ? :P",legitime,personnel,aucun,FR,corpus_recherche,2011-12,false,haute,,https://hdl.handle.net/11403/comere/cmr-88milsms,470,train
sg-00472,Chez pas faudra que je regarde,legitime,personnel,aucun,FR,corpus_recherche,2011-10,false,haute,,https://hdl.handle.net/11403/comere/cmr-88milsms,471,train
sg-00473,Lol non pa vmt. Entre temps tu es devenue un peu plus vilaine quand meme -__-,legitime,personnel,aucun,FR,corpus_recherche,2011-11,false,haute,,https://hdl.handle.net/11403/comere/cmr-88milsms,472,train
sg-00474,Mdr non mais cetais un jeu de mot pourri xD' (Math > matter...),legitime,personnel,aucun,FR,corpus_recherche,2011-09,false,haute,,https://hdl.handle.net/11403/comere/cmr-88milsms,473,train
sg-00475,Nan mais ca me va pas du tout lol je peux pas mettre ca ;),legitime,personnel,aucun,FR,corpus_recherche,2011-12,false,haute,,https://hdl.handle.net/11403/comere/cmr-88milsms,474,train
sg-00476,"Quoi wow? Tu veux que je fasse la faux cul et que je te dise que tu as raison, que ca va passer et repose toi bien pendant qu'on bosse? Je peux faire ca, j'ai de l'entrainement. Mais a ce moment là on ne sera pas amies a mes yeux. C'est toi qui vois si tu préfères la gentillesse à l'honneteté.",legitime,personnel,aucun,FR,corpus_recherche,2011-10,false,haute,,https://hdl.handle.net/11403/comere/cmr-88milsms,475,train
sg-00477,"Merde, tu m'intrigues là flushed face U+1F633 ?? ?!",legitime,personnel,aucun,FR,corpus_recherche,2011-11,false,haute,,https://hdl.handle.net/11403/comere/cmr-88milsms,476,train
sg-00478,Oui très bien merci et toi ?,legitime,personnel,aucun,FR,corpus_recherche,2011-12,false,haute,,https://hdl.handle.net/11403/comere/cmr-88milsms,477,train
sg-00479,Et la troisd? ça valait le coup quand meme?,legitime,personnel,aucun,FR,corpus_recherche,2011-09,false,haute,,https://hdl.handle.net/11403/comere/cmr-88milsms,478,train
sg-00480,Ah ok ... Bah ils nous font un flan pour pas grand chose encore ... C'est juste de la pluie et du vent !!! Lol,legitime,personnel,aucun,FR,corpus_recherche,2011-11,false,haute,,https://hdl.handle.net/11403/comere/cmr-88milsms,479,train
sg-00481,"Au fait il y 'a un appareil photo chez toi, non ?",legitime,personnel,aucun,FR,corpus_recherche,2011-11,false,haute,,https://hdl.handle.net/11403/comere/cmr-88milsms,480,train
sg-00482,"Ouai , bah moi je dis l'arbitre c un connard on devait avoir plus de penalite et gagner !",legitime,personnel,aucun,FR,corpus_recherche,2011-10,false,haute,,https://hdl.handle.net/11403/comere/cmr-88milsms,481,train
sg-00483,Nan le fai ki t'ai di sa mdrrr mm pa apri a te connetr et il te sor sa ma foi et kan je di ke de no jour les jtm tomb com en plein periOd de plui,legitime,personnel,aucun,FR,corpus_recherche,2011-11,false,haute,,https://hdl.handle.net/11403/comere/cmr-88milsms,482,train
sg-00484,"(inutile, dsl!)",legitime,personnel,aucun,FR,corpus_recherche,2011-11,false,haute,,https://hdl.handle.net/11403/comere/cmr-88milsms,483,test
sg-00485,Le billet c'etait de st jean a mtp le vendredi 9 septembre nn?,legitime,personnel,aucun,FR,corpus_recherche,2011-10,false,haute,,https://hdl.handle.net/11403/comere/cmr-88milsms,484,test
sg-00486,"Bouuh va falloir manger tot ce weekend! Et j'ai plein d'adresse de shopping, ca va etre la FOLIE :D'. Faut qu'on voit quels musées on a le temps de faire, et puis y'a des parcs à voir aussi (tu choisiras, moi je les connais ^^). Et puis le palais, la grande roue, de la bière, des fish&chips, du tee avec des scones... Rolalalala :D",legitime,personnel,aucun,FR,corpus_recherche,2011-11,false,haute,,https://hdl.handle.net/11403/comere/cmr-88milsms,485,train
sg-00487,Tu nou rejoin direct laba vers 9h ou tu veu quon mange ens laba qd mm?,legitime,personnel,aucun,FR,corpus_recherche,2011-09,false,haute,,https://hdl.handle.net/11403/comere/cmr-88milsms,486,train
sg-00488,"Mais oui tkt pas, c'est rien, des hauts des bas... après un bas un haut !!! :P héhé donc encore positif lol Tu fais quoi de beau ?",legitime,personnel,aucun,FR,corpus_recherche,2011-11,false,haute,,https://hdl.handle.net/11403/comere/cmr-88milsms,487,train
sg-00489,Tu sais je pense qu'il la fera que mercvredi vu qu'il la pas fait au autre et que ce soir il a corrige nos petites interro (les notes sont sur pronote),legitime,personnel,aucun,FR,corpus_recherche,2011-12,false,haute,,https://hdl.handle.net/11403/comere/cmr-88milsms,488,test
sg-00490,"La grève est reconduite visiblement, mais moi je viens demain, et toi ? Gros bisous !",legitime,personnel,aucun,FR,corpus_recherche,2011-09,false,haute,,https://hdl.handle.net/11403/comere/cmr-88milsms,489,train
sg-00491,Lundi aprem ta cour?,legitime,personnel,aucun,FR,corpus_recherche,2011-10,false,haute,,https://hdl.handle.net/11403/comere/cmr-88milsms,490,train
sg-00492,Jeviens de me reveiller :-P,legitime,personnel,aucun,FR,corpus_recherche,2011-10,false,haute,,https://hdl.handle.net/11403/comere/cmr-88milsms,491,test
sg-00493,TR: Tu es adorable merci. C tellement important pour moi ...c l'aboutissement d'une partie de ma courte vie et le début d'autre chose...,legitime,personnel,aucun,FR,corpus_recherche,2011-10,false,haute,,https://hdl.handle.net/11403/comere/cmr-88milsms,492,train
sg-00494,"Non mais je viendrai pas a agen la semaine lol. Pourquoi vous rentrez le we??! Ca bouge plus Agen pourtant. pas a castel pour cette fois, j'attends <NOM> demain, qui arrive de st jean de luz, on passe le we chez lui (on s'est pas vu dpuis un moooois!)",legitime,personnel,aucun,FR,corpus_recherche,2011-09,false,haute,,https://hdl.handle.net/11403/comere/cmr-88milsms,493,test
sg-00495,Alors t'es sorti hier? ^^,legitime,personnel,aucun,FR,corpus_recherche,2011-11,false,haute,,https://hdl.handle.net/11403/comere/cmr-88milsms,494,test
sg-00496,Bah c'est pas super top :/ Après ça ne me déplais pas particulièrement :$,legitime,personnel,aucun,FR,corpus_recherche,2011-12,false,haute,,https://hdl.handle.net/11403/comere/cmr-88milsms,495,test
sg-00497,"Euh ouais t'façons je sais pas encore si je rentre mais, si oui, va falloir que je sois pas trop tard préte à partir ! On peut aller en ville ensemble en début d'aprem",legitime,personnel,aucun,FR,corpus_recherche,2011-11,false,haute,,https://hdl.handle.net/11403/comere/cmr-88milsms,496,train
sg-00498,Bah ma maman a dis on en reparle mais je crois franchement ca va pas etre possible!! :/,legitime,personnel,aucun,FR,corpus_recherche,2011-11,false,haute,,https://hdl.handle.net/11403/comere/cmr-88milsms,497,test
sg-00499,bah j'ai essayé de changer mais je trouve pas où c'est!... je te montrerai ce week e tu verra,legitime,personnel,aucun,FR,corpus_recherche,2011-09,false,haute,,https://hdl.handle.net/11403/comere/cmr-88milsms,498,train
sg-00500,C'est parce que t'as lachement laché la poursuite! On essaiera d'y aller un poil plus tot la semaine prochaine pour s'entrainer comme des hommes?,legitime,personnel,aucun,FR,corpus_recherche,2011-10,false,haute,,https://hdl.handle.net/11403/comere/cmr-88milsms,499,train
sg-00501,"De <NOM> ?? :S mince.. Et elle, elle l'a pris comment ?",legitime,personnel,aucun,FR,corpus_recherche,2011-12,false,haute,,https://hdl.handle.net/11403/comere/cmr-88milsms,500,train
sg-00502,Pens cke tu veU :-p di mi kan tu decen ok,legitime,personnel,aucun,FR,corpus_recherche,2011-11,false,haute,,https://hdl.handle.net/11403/comere/cmr-88milsms,501,train
sg-00503,LOL ! Elle kiffe les renoi! J'aimerais bien voir ça tête juste pour bien me marrer :p,legitime,personnel,aucun,FR,corpus_recherche,2011-09,false,haute,,https://hdl.handle.net/11403/comere/cmr-88milsms,502,train
sg-00504,J't'avoue que je suis bien contente de pas avoir eu à le chercher parce que la voiture était vraiment loin! Bonne journée à toi mister ;-),legitime,personnel,aucun,FR,corpus_recherche,2011-10,false,haute,,https://hdl.handle.net/11403/comere/cmr-88milsms,503,train
sg-00505,Mdr ! Beuhh tu me dégoute ..,legitime,personnel,aucun,FR,corpus_recherche,2011-11,false,haute,,https://hdl.handle.net/11403/comere/cmr-88milsms,504,train
sg-00506,Je vais aller mangé et regarder mes séries comme d'habitude....,legitime,personnel,aucun,FR,corpus_recherche,2011-11,false,haute,,https://hdl.handle.net/11403/comere/cmr-88milsms,505,train
sg-00507,allelujah! moi fini les maths!,legitime,personnel,aucun,FR,corpus_recherche,2011-12,false,haute,,https://hdl.handle.net/11403/comere/cmr-88milsms,506,test
sg-00508,"À toi de voir ... Mais tiens moi au courant que je fasse pas de gaffe ! C'est dommage , je vous aurait bien vu ensemble ... Lol",legitime,personnel,aucun,FR,corpus_recherche,2011-10,false,haute,,https://hdl.handle.net/11403/comere/cmr-88milsms,507,train
sg-00509,Au top alors :D,legitime,personnel,aucun,FR,corpus_recherche,2011-12,false,haute,,https://hdl.handle.net/11403/comere/cmr-88milsms,508,test
sg-00510,"Heeee, j'arrive bientot la mon cheri, et long appel, d'accord? <3",legitime,personnel,aucun,FR,corpus_recherche,2011-10,false,haute,,https://hdl.handle.net/11403/comere/cmr-88milsms,509,train
sg-00511,Je t aime aussi <3,legitime,personnel,aucun,FR,corpus_recherche,2011-11,false,haute,,https://hdl.handle.net/11403/comere/cmr-88milsms,510,train
sg-00512,Là j'ai le visage et regard triste . Pour le moment Je :) pas :/ Je t'aime,legitime,personnel,aucun,FR,corpus_recherche,2011-10,false,haute,,https://hdl.handle.net/11403/comere/cmr-88milsms,511,test
sg-00513,Ouai ouai ;) pis bon tu mavait dis que taimais bien les chiens tu te souviens Lol jte charie ;) Non pas de chérie ;) et toi ?,legitime,personnel,aucun,FR,corpus_recherche,2011-10,false,haute,,https://hdl.handle.net/11403/comere/cmr-88milsms,512,train
sg-00514,On est parti vers 12h pr se faire une virée courses/idée peinture pr ma chambre etc. Je crois bien que je vais m endormir mm je suis crevée. Et toi tu fais quoi?,legitime,personnel,aucun,FR,corpus_recherche,2011-09,false,haute,,https://hdl.handle.net/11403/comere/cmr-88milsms,513,train
sg-00515,Ah oui je te vois venir petit coquin,legitime,personnel,aucun,FR,corpus_recherche,2011-09,false,haute,,https://hdl.handle.net/11403/comere/cmr-88milsms,514,train
sg-00516,Ouais exactement. J'arrive,legitime,personnel,aucun,FR,corpus_recherche,2011-11,false,haute,,https://hdl.handle.net/11403/comere/cmr-88milsms,515,train
sg-00517,Cc sa te fais rien si jt emene <NOM> et <NOM> a 5h30. Pour 1h.,legitime,personnel,aucun,FR,corpus_recherche,2011-11,false,haute,,https://hdl.handle.net/11403/comere/cmr-88milsms,516,train
sg-00518,M'oublier pas svpp ;),legitime,personnel,aucun,FR,corpus_recherche,2011-09,false,haute,,https://hdl.handle.net/11403/comere/cmr-88milsms,517,train
sg-00519,Bon ex aequo peut-etre alors.. T'avais pas vu les runaways,legitime,personnel,aucun,FR,corpus_recherche,2011-11,false,haute,,https://hdl.handle.net/11403/comere/cmr-88milsms,518,test
sg-00520,"Oui, enfin celle la en tt k^^",legitime,personnel,aucun,FR,corpus_recherche,2011-12,false,haute,,https://hdl.handle.net/11403/comere/cmr-88milsms,519,train
sg-00521,J'ai le mac. Pro,legitime,personnel,aucun,FR,corpus_recherche,2011-09,false,haute,,https://hdl.handle.net/11403/comere/cmr-88milsms,520,train
sg-00522,23h .. TU TE FOU DE MA GUEULE,legitime,personnel,aucun,FR,corpus_recherche,2011-09,false,haute,,https://hdl.handle.net/11403/comere/cmr-88milsms,521,train
sg-00523,Pk tu répond plus au messages ?,legitime,personnel,aucun,FR,corpus_recherche,2011-12,false,haute,,https://hdl.handle.net/11403/comere/cmr-88milsms,522,train
sg-00524,Oui je v manger bsx,legitime,personnel,aucun,FR,corpus_recherche,2011-10,false,haute,,https://hdl.handle.net/11403/comere/cmr-88milsms,523,train
sg-00525,Vs voulez pas manger un bout ???,legitime,personnel,aucun,FR,corpus_recherche,2011-09,false,haute,,https://hdl.handle.net/11403/comere/cmr-88milsms,524,train
sg-00526,Ooook a tout a l'heure !,legitime,personnel,aucun,FR,corpus_recherche,2011-11,false,haute,,https://hdl.handle.net/11403/comere/cmr-88milsms,525,test
sg-00527,bah conme tu veux mais jme sens pas de fr step..,legitime,personnel,aucun,FR,corpus_recherche,2011-10,false,haute,,https://hdl.handle.net/11403/comere/cmr-88milsms,526,train
sg-00528,<ETR> Waii sinn jeijei ya maecha oho,legitime,personnel,aucun,FR,corpus_recherche,2011-11,false,haute,,https://hdl.handle.net/11403/comere/cmr-88milsms,527,train
sg-00529,Je suis désolée je suis trop relou je suis en mode méga espion ... Je veux tout le temps savoir si il fait la fete ou autre ... :( c'etait bien ton anniv ? Super le golf .. Hahaha,legitime,personnel,aucun,FR,corpus_recherche,2011-11,false,haute,,https://hdl.handle.net/11403/comere/cmr-88milsms,528,train
sg-00530,inconscient va!,legitime,personnel,aucun,FR,corpus_recherche,2011-11,false,haute,,https://hdl.handle.net/11403/comere/cmr-88milsms,529,train
sg-00531,Et il ont fait quoi à la place de la salle des fetes ?,legitime,personnel,aucun,FR,corpus_recherche,2011-12,false,haute,,https://hdl.handle.net/11403/comere/cmr-88milsms,530,train
sg-00532,Combien de temps a pied,legitime,personnel,aucun,FR,corpus_recherche,2011-10,false,haute,,https://hdl.handle.net/11403/comere/cmr-88milsms,531,train
sg-00533,Rdv chez <NOM> a 16h45 je part,legitime,personnel,aucun,FR,corpus_recherche,2011-09,false,haute,,https://hdl.handle.net/11403/comere/cmr-88milsms,532,train
sg-00534,Tien moi au ju de levolution de <NOM>!!,legitime,personnel,aucun,FR,corpus_recherche,2011-10,false,haute,,https://hdl.handle.net/11403/comere/cmr-88milsms,533,train
sg-00535,Purre !! J'ai oublie de donner le papier pour la vie scolaire !,legitime,personnel,aucun,FR,corpus_recherche,2011-12,false,haute,,https://hdl.handle.net/11403/comere/cmr-88milsms,534,train
sg-00536,Je m'occupe d'aller chercher <NOM> . Elle se préparera à la maison avec <NOM> et moi ...,legitime,personnel,aucun,FR,corpus_recherche,2011-10,false,haute,,https://hdl.handle.net/11403/comere/cmr-88milsms,535,train
sg-00537,Hey <NOM> ça va? tu peux me tel dès que tu es à la maison.,legitime,personnel,aucun,FR,corpus_recherche,2011-10,false,haute,,https://hdl.handle.net/11403/comere/cmr-88milsms,536,test
sg-00538,Je peux pas lire ce message,legitime,personnel,aucun,FR,corpus_recherche,2011-09,false,haute,,https://hdl.handle.net/11403/comere/cmr-88milsms,537,test
sg-00539,dac pas de soucis,legitime,personnel,aucun,FR,corpus_recherche,2011-10,false,haute,,https://hdl.handle.net/11403/comere/cmr-88milsms,538,train
sg-00540,"Il me manque des bulletins de paie et divers papiers. Donne à Papa ce que tu as, je les trierai et je te rendrai tout ca ce week- end ! Bisous.",legitime,personnel,aucun,FR,corpus_recherche,2011-11,false,haute,,https://hdl.handle.net/11403/comere/cmr-88milsms,539,train
sg-00541,Il pleure ts les matins pour pas y aller lol,legitime,personnel,aucun,FR,corpus_recherche,2011-11,false,haute,,https://hdl.handle.net/11403/comere/cmr-88milsms,540,train
sg-00542,Oki pas de soucis.Bisous.Passe une bonne soirée.,legitime,personnel,aucun,FR,corpus_recherche,2011-09,false,haute,,https://hdl.handle.net/11403/comere/cmr-88milsms,541,train
sg-00543,C'est ironique ?,legitime,personnel,aucun,FR,corpus_recherche,2011-12,false,haute,,https://hdl.handle.net/11403/comere/cmr-88milsms,542,test
sg-00544,Ta envie d'allé a la mer? Moi peu importe oui on peut faire ca ^^,legitime,personnel,aucun,FR,corpus_recherche,2011-10,false,haute,,https://hdl.handle.net/11403/comere/cmr-88milsms,543,train
sg-00545,Je vais devant la salle de Mr <NOM> pour réviser la civi =D! A tout a l'heure<3!!=DD,legitime,personnel,aucun,FR,corpus_recherche,2011-12,false,haute,,https://hdl.handle.net/11403/comere/cmr-88milsms,544,train
sg-00546,Ok ben <NOM> et moi on mange pizza et <NOM> mange à la cantine.,legitime,personnel,aucun,FR,corpus_recherche,2011-11,false,haute,,https://hdl.handle.net/11403/comere/cmr-88milsms,545,train
sg-00547,Voilà je t'y attend :),legitime,personnel,aucun,FR,corpus_recherche,2011-09,false,haute,,https://hdl.handle.net/11403/comere/cmr-88milsms,546,train
sg-00548,Nan cey pa sa mai jsai pa ...... Jsai mm pa cke jveu veu :(,legitime,personnel,aucun,FR,corpus_recherche,2011-11,false,haute,,https://hdl.handle.net/11403/comere/cmr-88milsms,547,train
sg-00549,"J'ai lu ton message en cours du coup j'ai complètement oublié d'te répondre! Oui les cours ce sont bien passé, ça s'intensifie un peu!! Va falloir que j'augmente le rythme de travail! J'vai p'tetre remonter sur paris encore la semaine prochaine, y a havas évent qui m'a contacté :)",legitime,personnel,aucun,FR,corpus_recherche,2011-11,false,haute,,https://hdl.handle.net/11403/comere/cmr-88milsms,548,train
sg-00550,"Je respecte ton opinion, mais pas que tu l'enonces devant moi. Je vais devoir te tuer.",legitime,personnel,aucun,FR,corpus_recherche,2011-11,false,haute,,https://hdl.handle.net/11403/comere/cmr-88milsms,549,train
sg-00551,Et on se voit quand nous?,legitime,personnel,aucun,FR,corpus_recherche,2011-11,false,haute,,https://hdl.handle.net/11403/comere/cmr-88milsms,550,train
sg-00552,Bah oui et euh autant y à moyen de dormir chez toi ce soir ?,legitime,personnel,aucun,FR,corpus_recherche,2011-09,false,haute,,https://hdl.handle.net/11403/comere/cmr-88milsms,551,test
sg-00553,Reçu Tonton as tu une grosse bassine pour vendredi pour mettre des boissons dedans avec des glacons et de l'eau? Envoyé Mieux que ça une énorme glacière ou on peut faire rentre le chinois dedans Reçu Super je voudrai m'en débarrasser... Je te l'a récupérait alors...,legitime,personnel,aucun,FR,corpus_recherche,2011-11,false,haute,,https://hdl.handle.net/11403/comere/cmr-88milsms,552,train
sg-00554,Ben comme tu veux..,legitime,personnel,aucun,FR,corpus_recherche,2011-09,false,haute,,https://hdl.handle.net/11403/comere/cmr-88milsms,553,train
sg-00555,"Wesh, je prendrai pas le bus de 18h09 mais le suivant de 19h08, parce que j'ai des amis, tout ça tout ça! (Et j'ai bien révisé mes devoirs de demain, ne t'inquiète pas! :) )",legitime,personnel,aucun,FR,corpus_recherche,2011-10,false,haute,,https://hdl.handle.net/11403/comere/cmr-88milsms,554,train
sg-00556,C'est la panique générale! Ils vont etre pris d'assaut! Ca c'est passe comment le concours?,legitime,personnel,aucun,FR,corpus_recherche,2011-11,false,haute,,https://hdl.handle.net/11403/comere/cmr-88milsms,555,train
sg-00557,Forme tous courts sof la kestion du latin 1 peu plus long Fonction informative + incitative pour ermite divorce kestion latin,legitime,personnel,aucun,FR,corpus_recherche,2011-09,false,haute,,https://hdl.handle.net/11403/comere/cmr-88milsms,556,train
sg-00558,"Juste vos 2 ptis cul, ça suffira, svp !",legitime,personnel,aucun,FR,corpus_recherche,2011-11,false,haute,,https://hdl.handle.net/11403/comere/cmr-88milsms,557,train
sg-00559,Pareil ! Et notre tableau de variation est faux ! Nn ?,legitime,personnel,aucun,FR,corpus_recherche,2011-11,false,haute,,https://hdl.handle.net/11403/comere/cmr-88milsms,558,train
sg-00560,Te rejouit pas trop je pourrai rajouter plein de truc pas trres gentil XD,legitime,personnel,aucun,FR,corpus_recherche,2011-12,false,haute,,https://hdl.handle.net/11403/comere/cmr-88milsms,559,train
sg-00561,Oui ^^ c'etait juste pour imprimer un cours :p,legitime,personnel,aucun,FR,corpus_recherche,2011-10,false,haute,,https://hdl.handle.net/11403/comere/cmr-88milsms,560,train
sg-00562,Bah c'est parce qu'on t'aime toute tellement fort mon coeur !?!,legitime,personnel,aucun,FR,corpus_recherche,2011-10,false,haute,,https://hdl.handle.net/11403/comere/cmr-88milsms,561,train
sg-00563,Moi aussi. Ce soir je regarde pas Je film je t'aime,legitime,personnel,aucun,FR,corpus_recherche,2011-09,false,haute,,https://hdl.handle.net/11403/comere/cmr-88milsms,562,test
sg-00564,Un peu quand meme^^ c'était mon dossier correspondance^^ donc en gros les mails-romans quand tu étais en écosse et d'autres mails de toi et d'autres personnes^^ ce n'est pas que je les relisais mais bon c'était important quand meme^^ quoi de prévu cet après-midi? Révisions?,legitime,personnel,aucun,FR,corpus_recherche,2011-12,false,haute,,https://hdl.handle.net/11403/comere/cmr-88milsms,563,test
sg-00565,18h30 quoi !? :P sa me va,legitime,personnel,aucun,FR,corpus_recherche,2011-09,false,haute,,https://hdl.handle.net/11403/comere/cmr-88milsms,564,train
sg-00566,A noter sur liste tes reflexions pour ton choix ca m es venu d un coup,legitime,personnel,aucun,FR,corpus_recherche,2011-10,false,haute,,https://hdl.handle.net/11403/comere/cmr-88milsms,565,train
sg-00567,A tout de suite,legitime,personnel,aucun,FR,corpus_recherche,2011-09,false,haute,,https://hdl.handle.net/11403/comere/cmr-88milsms,566,train
sg-00568,Tu veux pas que dès que tu finis tu me rejoin à la gare à 16h pour m'éviter de faire des aller-retour parceque je suis pas passé encore :),legitime,personnel,aucun,FR,corpus_recherche,2011-09,false,haute,,https://hdl.handle.net/11403/comere/cmr-88milsms,567,train
sg-00569,J'ai oublié de te dire ! N'oublie pas de m'envoyer le pwpt ce soir / cette nuit pour que je regarde les 2 versions ! Bisous bisous,legitime,personnel,aucun,FR,corpus_recherche,2011-10,false,haute,,https://hdl.handle.net/11403/comere/cmr-88milsms,568,train
sg-00570,Haha ! J'l'ai dit à ma grand-mère..,legitime,personnel,aucun,FR,corpus_recherche,2011-11,false,haute,,https://hdl.handle.net/11403/comere/cmr-88milsms,569,train
sg-00571,"Bah ouai et j'assume , MOI",legitime,personnel,aucun,FR,corpus_recherche,2011-09,false,haute,,https://hdl.handle.net/11403/comere/cmr-88milsms,570,train
sg-00572,"Coucou dis moi si tu as ce message à temps, je dois pas etre très loin de ton boulot si tu veux qu'on déjeune ensemble :-)",legitime,personnel,aucun,FR,corpus_recherche,2011-10,false,haute,,https://hdl.handle.net/11403/comere/cmr-88milsms,571,test
sg-00573,Oui.... Tu fait quoi de beau la ?,legitime,personnel,aucun,FR,corpus_recherche,2011-10,false,haute,,https://hdl.handle.net/11403/comere/cmr-88milsms,572,train
sg-00574,"Ok je v regarder ca voir si g un jour de libre... Ms ca sera un mercredi soir surement c le + probable, ca serait bon pr toi?",legitime,personnel,aucun,FR,corpus_recherche,2011-10,false,haute,,https://hdl.handle.net/11403/comere/cmr-88milsms,573,test
sg-00575,T' m mon petit coeur,legitime,personnel,aucun,FR,corpus_recherche,2011-10,false,haute,,https://hdl.handle.net/11403/comere/cmr-88milsms,574,train
sg-00576,Tu crois que le prof de philo va nous faire un test v,legitime,personnel,aucun,FR,corpus_recherche,2011-12,false,haute,,https://hdl.handle.net/11403/comere/cmr-88milsms,575,train
sg-00577,Putain mais ya 2 exams a paris tu dois y retourner?! Ma pauvre j ai horreur d paris!,legitime,personnel,aucun,FR,corpus_recherche,2011-12,false,haute,,https://hdl.handle.net/11403/comere/cmr-88milsms,576,train
sg-00578,Je suis devant chez toi,legitime,personnel,aucun,FR,corpus_recherche,2011-09,false,haute,,https://hdl.handle.net/11403/comere/cmr-88milsms,577,train
sg-00579,Tu viens au truc de litterature generale ?,legitime,personnel,aucun,FR,corpus_recherche,2011-09,false,haute,,https://hdl.handle.net/11403/comere/cmr-88milsms,578,test
sg-00580,Quelle question debile biensur que oui,legitime,personnel,aucun,FR,corpus_recherche,2011-09,false,haute,,https://hdl.handle.net/11403/comere/cmr-88milsms,579,train
sg-00581,<NOM> va mieux? Dmain ele se sent de faire le gato? Tu peux t aretè prendre les truk? Pour le poulet jai pri sauce tomate pour coupè avk les pate. Jte passerai une barkete pour ton four si tu peux avant dentiste je rechauferai ici sil faut.,legitime,personnel,aucun,FR,corpus_recherche,2011-11,false,haute,,https://hdl.handle.net/11403/comere/cmr-88milsms,580,train
sg-00582,La prochaine fois jte voi je t'etripe espece de gouja,legitime,personnel,aucun,FR,corpus_recherche,2011-09,false,haute,,https://hdl.handle.net/11403/comere/cmr-88milsms,581,train
sg-00583,Je peux rentrer a 12h s'il te plait sinon je serais fatigué,legitime,personnel,aucun,FR,corpus_recherche,2011-12,false,haute,,https://hdl.handle.net/11403/comere/cmr-88milsms,582,test
sg-00584,Marci <NOM> a plus qu'à apprendre à faire marcher l'ordi.,legitime,personnel,aucun,FR,corpus_recherche,2011-11,false,haute,,https://hdl.handle.net/11403/comere/cmr-88milsms,583,train
sg-00585,"Bonjour, <NOM> du site Récupe. Puis-je passer récupérer les ampoules demain à 19h? Merci de me donner votre adresse. Cordialement",legitime,personnel,aucun,FR,corpus_recherche,2011-12,false,haute,,https://hdl.handle.net/11403/comere/cmr-88milsms,584,test
sg-00586,Je viens juste de voir -recevoir?- ton texto^^ donc il a du mal avec le u mais ça va quand meme^^ et hier soir j'ai fait une montée de fièvre donc j'étais complètement piquée^^ got to love you!,legitime,personnel,aucun,FR,corpus_recherche,2011-12,false,haute,,https://hdl.handle.net/11403/comere/cmr-88milsms,585,train
sg-00587,17h maxi vraiment Je t'aime,legitime,personnel,aucun,FR,corpus_recherche,2011-10,false,haute,,https://hdl.handle.net/11403/comere/cmr-88milsms,586,test
sg-00588,De ma mere : corneille bien barrricadé et groupe de lycéens déjà en manif plus une des fauteuils roulants qui se prépare attention aux carambolages ...,legitime,personnel,aucun,FR,corpus_recherche,2011-09,false,haute,,https://hdl.handle.net/11403/comere/cmr-88milsms,587,test
sg-00589,"Sois prudent sur la route quand meme.. T'es peut-etre grave, mais un mec bien. Joyeux anniv' encore une fois! Biz",legitime,personnel,aucun,FR,corpus_recherche,2011-09,false,haute,,https://hdl.handle.net/11403/comere/cmr-88milsms,588,test
sg-00590,Ok ... Au fait je suis avec mon fils !!!,legitime,personnel,aucun,FR,corpus_recherche,2011-09,false,haute,,https://hdl.handle.net/11403/comere/cmr-88milsms,589,train
sg-00591,C'est quoi comme tel?,legitime,personnel,aucun,FR,corpus_recherche,2011-12,false,haute,,https://hdl.handle.net/11403/comere/cmr-88milsms,590,train
sg-00592,LOL et <NOM> est finallement rentree chez elleXD,legitime,personnel,aucun,FR,corpus_recherche,2011-11,false,haute,,https://hdl.handle.net/11403/comere/cmr-88milsms,591,train
sg-00593,j'aime pas les s1,legitime,personnel,aucun,FR,corpus_recherche,2011-12,false,haute,,https://hdl.handle.net/11403/comere/cmr-88milsms,592,train
sg-00594,vous venez à quelle heure?,legitime,personnel,aucun,FR,corpus_recherche,2011-11,false,haute,,https://hdl.handle.net/11403/comere/cmr-88milsms,593,train
sg-00595,"Looool !!! Éclatez vous bien ! ;) moi ouais super sympa, bonne ambiance, bonne bouffe. Et y avait <NOM>. x)",legitime,personnel,aucun,FR,corpus_recherche,2011-11,false,haute,,https://hdl.handle.net/11403/comere/cmr-88milsms,594,train
sg-00596,À moins que tu m accueille chez toi :),legitime,personnel,aucun,FR,corpus_recherche,2011-09,false,haute,,https://hdl.handle.net/11403/comere/cmr-88milsms,595,test
sg-00597,"Préviens-moi quand les parents peuvent te rappeler, le téléphone de moman marche plus",legitime,personnel,aucun,FR,corpus_recherche,2011-10,false,haute,,https://hdl.handle.net/11403/comere/cmr-88milsms,596,train
sg-00598,^^ fais quoi là? une heure que je suis dans cette p***** de salle d'attente!...,legitime,personnel,aucun,FR,corpus_recherche,2011-12,false,haute,,https://hdl.handle.net/11403/comere/cmr-88milsms,597,train
sg-00599,A demain man neuveu ke jaime <3,legitime,personnel,aucun,FR,corpus_recherche,2011-11,false,haute,,https://hdl.handle.net/11403/comere/cmr-88milsms,598,train
sg-00600,"Lol, deja le scuio c'est pour les stages, le sport c'est le suaps. Mais la ca depend d'une asso etudiante, c'est autre chose. C'est pas grave ! A demain",legitime,personnel,aucun,FR,corpus_recherche,2011-10,false,haute,,https://hdl.handle.net/11403/comere/cmr-88milsms,599,train
sg-00601,Tu m étonne bon c déjà bien ^^,legitime,personnel,aucun,FR,corpus_recherche,2011-09,false,haute,,https://hdl.handle.net/11403/comere/cmr-88milsms,600,train
sg-00602,Je suis désolé j'ai plus de force je vais essayer de dormir meme si j'ai la nausée... Bonnze nuit bisous dors bien fais de beaux reves,legitime,personnel,aucun,FR,corpus_recherche,2011-10,false,haute,,https://hdl.handle.net/11403/comere/cmr-88milsms,601,train
sg-00603,"No pb ! Je peux vs mailer, en attendant",legitime,personnel,aucun,FR,corpus_recherche,2011-09,false,haute,,https://hdl.handle.net/11403/comere/cmr-88milsms,602,train
sg-00604,Est ce que tu as vu avec <NOM> pour le mardi ?,legitime,personnel,aucun,FR,corpus_recherche,2011-10,false,haute,,https://hdl.handle.net/11403/comere/cmr-88milsms,603,train
sg-00605,Si tu cas direct en ville 20h sinon quand tu veux à la cité u,legitime,personnel,aucun,FR,corpus_recherche,2011-11,false,haute,,https://hdl.handle.net/11403/comere/cmr-88milsms,604,test
sg-00606,J'vais debarquer tu vas voir !,legitime,personnel,aucun,FR,corpus_recherche,2011-10,false,haute,,https://hdl.handle.net/11403/comere/cmr-88milsms,605,test
sg-00607,Re:-) Tu penses que tu pourras nous mettre les crémaillères pour les placards ce week-end? Bisous!,legitime,personnel,aucun,FR,corpus_recherche,2011-10,false,haute,,https://hdl.handle.net/11403/comere/cmr-88milsms,606,train
sg-00608,Ok bon je passerais ce soir tkt :) bon courage ! Bisous,legitime,personnel,aucun,FR,corpus_recherche,2011-12,false,haute,,https://hdl.handle.net/11403/comere/cmr-88milsms,607,train
sg-00609,C bon si tu veux m'appeler sur le fixe!,legitime,personnel,aucun,FR,corpus_recherche,2011-11,false,haute,,https://hdl.handle.net/11403/comere/cmr-88milsms,608,train
sg-00610,"J'ai trop trop de trucs à faire la ces prochains jours, relou ! J't'aurais bien vu avant jeudi mais j'sais pas si je pourrais",legitime,personnel,aucun,FR,corpus_recherche,2011-11,false,haute,,https://hdl.handle.net/11403/comere/cmr-88milsms,609,train
sg-00611,Arréte. Tu cherchais juste une excuse pour me repousser. Celle-ci étant particulièrement ridicule ça ne marche pas lol,legitime,personnel,aucun,FR,corpus_recherche,2011-11,false,haute,,https://hdl.handle.net/11403/comere/cmr-88milsms,610,train
sg-00612,Beh elles se sont cassé . Oui mais J'en ai marre :( je t'aime,legitime,personnel,aucun,FR,corpus_recherche,2011-09,false,haute,,https://hdl.handle.net/11403/comere/cmr-88milsms,611,test
sg-00613,Voilà donc ce soir me parle pas mal si Je t attends pas j attendrait 5min de ta part c'est tout je t'aime,legitime,personnel,aucun,FR,corpus_recherche,2011-09,false,haute,,https://hdl.handle.net/11403/comere/cmr-88milsms,612,train
sg-00614,[Nom]Garage Spaeth; [Adresse]Le Cres;,legitime,personnel,aucun,FR,corpus_recherche,2011-09,false,haute,,https://hdl.handle.net/11403/comere/cmr-88milsms,613,test
sg-00615,Contente oui et nan ca va encore pas durer,legitime,personnel,aucun,FR,corpus_recherche,2011-11,false,haute,,https://hdl.handle.net/11403/comere/cmr-88milsms,614,train
sg-00616,Piauler. Sérieux.,legitime,personnel,aucun,FR,corpus_recherche,2011-12,false,haute,,https://hdl.handle.net/11403/comere/cmr-88milsms,615,train
sg-00617,"Les vieux, c'est plus ce que c'etait !",legitime,personnel,aucun,FR,corpus_recherche,2011-11,false,haute,,https://hdl.handle.net/11403/comere/cmr-88milsms,616,test
sg-00618,Y a un enfoiré de fils de p... Qui a surenchi! On est a 7 euros!,legitime,personnel,aucun,FR,corpus_recherche,2011-11,false,haute,,https://hdl.handle.net/11403/comere/cmr-88milsms,617,train
sg-00619,<NOM> veut savoir pendant combien de temps tu veux encore rester en salle?,legitime,personnel,aucun,FR,corpus_recherche,2011-11,false,haute,,https://hdl.handle.net/11403/comere/cmr-88milsms,618,train
sg-00620,Ben chez ya 7 page !,legitime,personnel,aucun,FR,corpus_recherche,2011-10,false,haute,,https://hdl.handle.net/11403/comere/cmr-88milsms,619,train
sg-00621,Si avec moi il faut :'( . Et c'est bon alors ce soir? Je t'aime,legitime,personnel,aucun,FR,corpus_recherche,2011-10,false,haute,,https://hdl.handle.net/11403/comere/cmr-88milsms,620,train
sg-00622,men fou car on bosse bien ensemble apres ca sarrete la,legitime,personnel,aucun,FR,corpus_recherche,2011-10,false,haute,,https://hdl.handle.net/11403/comere/cmr-88milsms,621,test
sg-00623,Coucou! Oui!! C'est moi!! Hihi!!=DD Je l'ai recu lundi! Je suis trop contente!,legitime,personnel,aucun,FR,corpus_recherche,2011-12,false,haute,,https://hdl.handle.net/11403/comere/cmr-88milsms,622,test
sg-00624,Bonjour. Trop mignnone. J ai pas eu de msg accompagnè c est la petite a <NOM>?,legitime,personnel,aucun,FR,corpus_recherche,2011-10,false,haute,,https://hdl.handle.net/11403/comere/cmr-88milsms,623,train
sg-00625,Jdemande que ca,legitime,personnel,aucun,FR,corpus_recherche,2011-12,false,haute,,https://hdl.handle.net/11403/comere/cmr-88milsms,624,train
sg-00626,"Coucou <NOM> .. Quel bonheur cela a été de te voir ! Ton sourire, ton aura .. Tjrs le même .. Famille ! .. Veille sur toi .. Ne m oublie pas et ... Run well and good ! Plein de bisous ! A bientôt ! Descends me voir !! .. <NOM>",legitime,personnel,aucun,FR,corpus_recherche,2011-10,false,haute,,https://hdl.handle.net/11403/comere/cmr-88milsms,625,train
sg-00627,Lol Beh moi pas trop non plus mais bon pas le choix quoi,legitime,personnel,aucun,FR,corpus_recherche,2011-11,false,haute,,https://hdl.handle.net/11403/comere/cmr-88milsms,626,train
sg-00628,Moi aussi mon coeur,legitime,personnel,aucun,FR,corpus_recherche,2011-09,false,haute,,https://hdl.handle.net/11403/comere/cmr-88milsms,627,train
sg-00629,"J'étais avec ma chérie en ville, j'en ai profité pr passer le voir",legitime,personnel,aucun,FR,corpus_recherche,2011-12,false,haute,,https://hdl.handle.net/11403/comere/cmr-88milsms,628,train
sg-00630,"Son plus.fort argument a oeudipe : je pourraiq pas la.presenter a ma.mere.. Le ""tu fais mure"" il etait pas mal...",legitime,personnel,aucun,FR,corpus_recherche,2011-11,false,haute,,https://hdl.handle.net/11403/comere/cmr-88milsms,629,train
sg-00631,"Non, trop cher, du coup je me contente de mtp.",legitime,personnel,aucun,FR,corpus_recherche,2011-09,false,haute,,https://hdl.handle.net/11403/comere/cmr-88milsms,630,train
sg-00632,90% sur Je t'aime,legitime,personnel,aucun,FR,corpus_recherche,2011-10,false,haute,,https://hdl.handle.net/11403/comere/cmr-88milsms,631,train
sg-00633,Lol ! Mais qu'est c'qui bombarde ??,legitime,personnel,aucun,FR,corpus_recherche,2011-11,false,haute,,https://hdl.handle.net/11403/comere/cmr-88milsms,632,train
sg-00634,Allez je pars chez <NOM>!,legitime,personnel,aucun,FR,corpus_recherche,2011-09,false,haute,,https://hdl.handle.net/11403/comere/cmr-88milsms,633,train
sg-00635,Ok j'espère que tu pourra te faire rembourser parce que c'est abusé quand meme. En tout cas c'était bien sympa meme si on est parti tot :) vous avez passé une bonne soirée après? Vous avez fait quoi?,legitime,personnel,aucun,FR,corpus_recherche,2011-11,false,haute,,https://hdl.handle.net/11403/comere/cmr-88milsms,634,train
sg-00636,"C'est pas demain, c'est mercredi",legitime,personnel,aucun,FR,corpus_recherche,2011-10,false,haute,,https://hdl.handle.net/11403/comere/cmr-88milsms,635,train
sg-00637,"Passe une bonne nuit . Fais de beaux reves. Moi Je suis pas prete de dormir , j'ai peur que ça recommence comme en janvier quand Je t avais dit voilà... Donc j Arrete pas d'y penser. Sinon j'ai vraiment passé une très bonne après midi Meme si tu m as pas dit . Je t'aime plus que tout mon coeur, Je t'aime.",legitime,personnel,aucun,FR,corpus_recherche,2011-10,false,haute,,https://hdl.handle.net/11403/comere/cmr-88milsms,636,test
sg-00638,Ca va etre cool :),legitime,personnel,aucun,FR,corpus_recherche,2011-10,false,haute,,https://hdl.handle.net/11403/comere/cmr-88milsms,637,train
sg-00639,":) J'dirais à mes potes de mettre les photos sur fb direct s'tu veux, ils ont des téléphones de geeks :D",legitime,personnel,aucun,FR,corpus_recherche,2011-10,false,haute,,https://hdl.handle.net/11403/comere/cmr-88milsms,638,test
sg-00640,"D'accord ... mais tu sais Ca ira beaucoup mieux après, s'ils font Ca c' pour toi",legitime,personnel,aucun,FR,corpus_recherche,2011-11,false,haute,,https://hdl.handle.net/11403/comere/cmr-88milsms,639,train
sg-00641,Super! Ca va etre a vous de les entrainer du coup?!,legitime,personnel,aucun,FR,corpus_recherche,2011-10,false,haute,,https://hdl.handle.net/11403/comere/cmr-88milsms,640,train
sg-00642,Genre t'es pas non plus un monstre!,legitime,personnel,aucun,FR,corpus_recherche,2011-11,false,haute,,https://hdl.handle.net/11403/comere/cmr-88milsms,641,train
sg-00643,"Ben limite, ton pédant ect",legitime,personnel,aucun,FR,corpus_recherche,2011-10,false,haute,,https://hdl.handle.net/11403/comere/cmr-88milsms,642,test
sg-00644,Coucou toi t'as une tete de gnou ! Mais sinon t'as l'air plutot pas mal. Ca te dit un ptit café demain après les cours ! NON JE RIGOLE ahahaha :),legitime,personnel,aucun,FR,corpus_recherche,2011-09,false,haute,,https://hdl.handle.net/11403/comere/cmr-88milsms,643,train
sg-00645,Oh je vais y etre tout seul ! Ro ! Vous tarder pas après ? ?,legitime,personnel,aucun,FR,corpus_recherche,2011-09,false,haute,,https://hdl.handle.net/11403/comere/cmr-88milsms,644,train
sg-00646,Et il y a quand meme le petit controle demain ?,legitime,personnel,aucun,FR,corpus_recherche,2011-12,false,haute,,https://hdl.handle.net/11403/comere/cmr-88milsms,645,train
sg-00647,Oh tu fais chier suis au lit,legitime,personnel,aucun,FR,corpus_recherche,2011-11,false,haute,,https://hdl.handle.net/11403/comere/cmr-88milsms,646,train
sg-00648,Mais c'est chiant des fois aussi crois moi ^^,legitime,personnel,aucun,FR,corpus_recherche,2011-12,false,haute,,https://hdl.handle.net/11403/comere/cmr-88milsms,647,train
sg-00649,Yes ! Vers quelle heure ?,legitime,personnel,aucun,FR,corpus_recherche,2011-10,false,haute,,https://hdl.handle.net/11403/comere/cmr-88milsms,648,train
sg-00650,Ouais c'est soulant. Y en a qui ont ca depuis la 6e,legitime,personnel,aucun,FR,corpus_recherche,2011-09,false,haute,,https://hdl.handle.net/11403/comere/cmr-88milsms,649,train
sg-00651,"si je te passe une clé usb la semaine pro, ya moyen que tu me mettes les photos de fort m stp?",legitime,personnel,aucun,FR,corpus_recherche,2011-10,false,haute,,https://hdl.handle.net/11403/comere/cmr-88milsms,650,train
sg-00652,"Ok c'est ça, bisous",legitime,personnel,aucun,FR,corpus_recherche,2011-11,false,haute,,https://hdl.handle.net/11403/comere/cmr-88milsms,651,train
sg-00653,Je verifie au cas ou lol ! Je vais à l'aqua fitness ! Piscine chauffée toute lol ! On s'appelle demain ? travaille bien mn amour doux !,legitime,personnel,aucun,FR,corpus_recherche,2011-10,false,haute,,https://hdl.handle.net/11403/comere/cmr-88milsms,652,train
sg-00654,Oooooh! Le fouuuuuuuuuuu! Tes un vrai malade dans ta tete!!!!!!!!!,legitime,personnel,aucun,FR,corpus_recherche,2011-11,false,haute,,https://hdl.handle.net/11403/comere/cmr-88milsms,653,train
sg-00655,T Tjrs pas à la douche? Je t'aime,legitime,personnel,aucun,FR,corpus_recherche,2011-10,false,haute,,https://hdl.handle.net/11403/comere/cmr-88milsms,654,train
sg-00656,"-un pied dans le vide- -une voix qui vient du bas et qui murmure ""saute saute, tu trouveras l'intelligence au bas du mur, saute""-",legitime,personnel,aucun,FR,corpus_recherche,2011-12,false,haute,,https://hdl.handle.net/11403/comere/cmr-88milsms,655,train
sg-00657,Je veux bien te croire,legitime,personnel,aucun,FR,corpus_recherche,2011-10,false,haute,,https://hdl.handle.net/11403/comere/cmr-88milsms,656,train
sg-00658,^^ ! Jmen rapelle pa mai ca m'etonne pa que jsoi parti! T'a pu avoir un moment collector apres :D Normalement fo le faire seul le diag,legitime,personnel,aucun,FR,corpus_recherche,2011-09,false,haute,,https://hdl.handle.net/11403/comere/cmr-88milsms,657,train
sg-00659,Tu te souviens la première fois que je t'ai vu après le concour de solfège?,legitime,personnel,aucun,FR,corpus_recherche,2011-09,false,haute,,https://hdl.handle.net/11403/comere/cmr-88milsms,658,train
sg-00660,Je suis en couple,legitime,personnel,aucun,FR,corpus_recherche,2011-12,false,haute,,https://hdl.handle.net/11403/comere/cmr-88milsms,659,train
sg-00661,Non! Demain j'ai rdv avec <NOM> mais je veux plus . C'est pour mon année à rien faire. Bref je t'aime,legitime,personnel,aucun,FR,corpus_recherche,2011-09,false,haute,,https://hdl.handle.net/11403/comere/cmr-88milsms,660,train
sg-00662,J ai une super recette pour les chocolats je te la donnerai,legitime,personnel,aucun,FR,corpus_recherche,2011-12,false,haute,,https://hdl.handle.net/11403/comere/cmr-88milsms,661,train
sg-00663,"Ouais c'est sur mais ca fait de la peine de l'abandonner :( alors qu'elle pourrait direct etre dans une famille qui va la garder longtemps , pov tite bete",legitime,personnel,aucun,FR,corpus_recherche,2011-09,false,haute,,https://hdl.handle.net/11403/comere/cmr-88milsms,662,train
sg-00664,mouais bah trop tard t'as voulu faire genre le mec j'ai jamais mal et tout alors pas de massage pr toi,legitime,personnel,aucun,FR,corpus_recherche,2011-11,false,haute,,https://hdl.handle.net/11403/comere/cmr-88milsms,663,train
sg-00665,"Je te laisse, à tout à l'heure ma ptite <NOM> <3",legitime,personnel,aucun,FR,corpus_recherche,2011-09,false,haute,,https://hdl.handle.net/11403/comere/cmr-88milsms,664,train
sg-00666,"Limite avant t'avais des moments de répis. Sans truc en attente genre ''s'occuper de tel truc administratif'', ''finir le projet X'', ''trouver ça avant que..'' maintenant t'arrives jamais à avoir fini ta liste, y a tjs la facture, le pb, le machin latent..",legitime,personnel,aucun,FR,corpus_recherche,2011-11,false,haute,,https://hdl.handle.net/11403/comere/cmr-88milsms,665,train
sg-00667,"Je pars manger, je dis à <NOM> de finir la partie et voilà ce que je retrouve !",legitime,personnel,aucun,FR,corpus_recherche,2011-11,false,haute,,https://hdl.handle.net/11403/comere/cmr-88milsms,666,test
sg-00668,"Rien c'est pour ca je vous propose de venir passer la soirée et dodo chez moi toutes les trois ! (c'est halloween, hein) <3",legitime,personnel,aucun,FR,corpus_recherche,2011-10,false,haute,,https://hdl.handle.net/11403/comere/cmr-88milsms,667,train
sg-00669,Si tu viens au ciné ce soir est ce que tu crois que tu pourra me ramener toutes mes archives stp? Je vais bientot trier tous mes cours ne serait ce que pour reviser pour la L3 alors ca serait cool que tu me ramene ca ce soir ou dans la semaine o pire stp,legitime,personnel,aucun,FR,corpus_recherche,2011-09,false,haute,,https://hdl.handle.net/11403/comere/cmr-88milsms,668,train
sg-00670,"Haha, <NOM>, la meuf qu'on à poké t'sais, ma pote. Elle me dit d'elle meme qu'elle supporte pas <NOM> :D elle hallu sur son mail. Et une autre meuf confirme",legitime,personnel,aucun,FR,corpus_recherche,2011-10,false,haute,,https://hdl.handle.net/11403/comere/cmr-88milsms,669,test
sg-00671,Mais c'est pas on pourrait c'est on y va ¤.¤,legitime,personnel,aucun,FR,corpus_recherche,2011-12,false,haute,,https://hdl.handle.net/11403/comere/cmr-88milsms,670,train
sg-00672,Je serai a la gare de jouy,legitime,personnel,aucun,FR,corpus_recherche,2011-10,false,haute,,https://hdl.handle.net/11403/comere/cmr-88milsms,671,train
sg-00673,Ça y est à l'hôtel après péripéties ... bisous,legitime,personnel,aucun,FR,corpus_recherche,2011-11,false,haute,,https://hdl.handle.net/11403/comere/cmr-88milsms,672,test
sg-00674,Eeeeuh closer !! :O,legitime,personnel,aucun,FR,corpus_recherche,2011-11,false,haute,,https://hdl.handle.net/11403/comere/cmr-88milsms,673,train
sg-00675,Non pas encore je me tate et toi?,legitime,personnel,aucun,FR,corpus_recherche,2011-12,false,haute,,https://hdl.handle.net/11403/comere/cmr-88milsms,674,train
sg-00676,<NOM> à ajouté <NOM> ! ..?,legitime,personnel,aucun,FR,corpus_recherche,2011-11,false,haute,,https://hdl.handle.net/11403/comere/cmr-88milsms,675,train
sg-00677,"Oki ca marche, je propose le mardi :) Bonne nuit, bisous!",legitime,personnel,aucun,FR,corpus_recherche,2011-09,false,haute,,https://hdl.handle.net/11403/comere/cmr-88milsms,676,train
sg-00678,Oui ... Et toi ?!?,legitime,personnel,aucun,FR,corpus_recherche,2011-10,false,haute,,https://hdl.handle.net/11403/comere/cmr-88milsms,677,train
sg-00679,Mais j'dois te raconter !! Pendant qu'ils l'ont fait les français se sont mis en V. Puis ils ont avancé genre on a pas peur ! Jusqu'à la ligne à pas dépasser et meme un peu après faut dire que c'est dimanche et qu't'as pas pris d'avance,legitime,personnel,aucun,FR,corpus_recherche,2011-10,false,haute,,https://hdl.handle.net/11403/comere/cmr-88milsms,678,train
sg-00680,Rroooo ... çà va etre chaud alors !!! Va falloir faire attention à tout ... Mdrrr Je sens qu'on va enfin s'amuser ! Des bisous,legitime,personnel,aucun,FR,corpus_recherche,2011-10,false,haute,,https://hdl.handle.net/11403/comere/cmr-88milsms,679,train
sg-00681,Oui on arrive tout de suite,legitime,personnel,aucun,FR,corpus_recherche,2011-12,false,haute,,https://hdl.handle.net/11403/comere/cmr-88milsms,680,train
sg-00682,Dis voir jpe négocier un truc pr la prochaine?,legitime,personnel,aucun,FR,corpus_recherche,2011-10,false,haute,,https://hdl.handle.net/11403/comere/cmr-88milsms,681,train
sg-00683,Au début je croyais que c que je dormais mal ms en fait je me suis rendue compte que ct sa faute ^^',legitime,personnel,aucun,FR,corpus_recherche,2011-12,false,haute,,https://hdl.handle.net/11403/comere/cmr-88milsms,682,train
sg-00684,Petite tee-shirt marin avec épaules à paillettes so cute et retrouvé chez mes parents attends sagement sa propriétaire :),legitime,personnel,aucun,FR,corpus_recherche,2011-11,false,haute,,https://hdl.handle.net/11403/comere/cmr-88milsms,683,train
sg-00685,Oui moi javais eu 20 mais c'était les maths et puis c'était un contrøle continu.,legitime,personnel,aucun,FR,corpus_recherche,2011-12,false,haute,,https://hdl.handle.net/11403/comere/cmr-88milsms,684,train
sg-00686,Pourquoi tu à pas rép hier?,legitime,personnel,aucun,FR,corpus_recherche,2011-12,false,haute,,https://hdl.handle.net/11403/comere/cmr-88milsms,685,test
sg-00687,"Pfff comme dab, à moi de papoter alala. ça va ? Ta passé un bon week end avec ton chéri ? :) J'ai une ptite question lundi prochain le soir tu fais quoi ?",legitime,personnel,aucun,FR,corpus_recherche,2011-10,false,haute,,https://hdl.handle.net/11403/comere/cmr-88milsms,686,test
sg-00688,"J'ai pas compris alors . Faut tu m explique :( . Faire comme si de rien été le jour j , ça veux dire donner des sourires meme s'il sont faux . Je t'aime",legitime,personnel,aucun,FR,corpus_recherche,2011-10,false,haute,,https://hdl.handle.net/11403/comere/cmr-88milsms,687,train
sg-00689,Oui^^ ça a l'air de t'étonner?,legitime,personnel,aucun,FR,corpus_recherche,2011-11,false,haute,,https://hdl.handle.net/11403/comere/cmr-88milsms,688,train
sg-00690,^^ pas de sortie prévu pour le moment non^^ et pour dimanche je saurais ce soir normalement.,legitime,personnel,aucun,FR,corpus_recherche,2011-10,false,haute,,https://hdl.handle.net/11403/comere/cmr-88milsms,689,train
sg-00691,La philo t'y arrives ? Il est pas trop fou ton prof ? Il est comment ?,legitime,personnel,aucun,FR,corpus_recherche,2011-09,false,haute,,https://hdl.handle.net/11403/comere/cmr-88milsms,690,train
sg-00692,Malade ! J'ai trop trop trop chaud !,legitime,personnel,aucun,FR,corpus_recherche,2011-10,false,haute,,https://hdl.handle.net/11403/comere/cmr-88milsms,691,train
sg-00693,Ro tu perd rien jte le dis :) . Oui t es complètement tarè pas nouveau :D,legitime,personnel,aucun,FR,corpus_recherche,2011-09,false,haute,,https://hdl.handle.net/11403/comere/cmr-88milsms,692,train
sg-00694,Entre ta raison et ma raison il peut y avoir un monde! Ce serait déraisonnable que de raisonner en prenant pour compte que ton raisonnement soit pareil au mien mon cher loulou ;-),legitime,personnel,aucun,FR,corpus_recherche,2011-10,false,haute,,https://hdl.handle.net/11403/comere/cmr-88milsms,693,train
sg-00695,Oui elle met en forme a la radio le matin celle la^^,legitime,personnel,aucun,FR,corpus_recherche,2011-11,false,haute,,https://hdl.handle.net/11403/comere/cmr-88milsms,694,test
sg-00696,Dit plutot que tu m'avais oublier lol,legitime,personnel,aucun,FR,corpus_recherche,2011-12,false,haute,,https://hdl.handle.net/11403/comere/cmr-88milsms,695,train
sg-00697,Je suis chez moi! TOILETTES \o/,legitime,personnel,aucun,FR,corpus_recherche,2011-10,false,haute,,https://hdl.handle.net/11403/comere/cmr-88milsms,696,train
sg-00698,Faire mes dev pour vendredi,legitime,personnel,aucun,FR,corpus_recherche,2011-11,false,haute,,https://hdl.handle.net/11403/comere/cmr-88milsms,697,train
sg-00699,C est une facon de voir les choses oui :-),legitime,personnel,aucun,FR,corpus_recherche,2011-09,false,haute,,https://hdl.handle.net/11403/comere/cmr-88milsms,698,train
sg-00700,"Et puis, pr tes photos, tu sais moi j'te trouve + beau maintenant que t'es + viril et tt ça :)",legitime,personnel,aucun,FR,corpus_recherche,2011-12,false,haute,,https://hdl.handle.net/11403/comere/cmr-88milsms,699,test
sg-00701,Injoignable : À partir de 14h. Maintenant quoi.,legitime,personnel,aucun,FR,corpus_recherche,2011-10,false,haute,,https://hdl.handle.net/11403/comere/cmr-88milsms,700,train
sg-00702,Quel vent de con mes aieux!,legitime,personnel,aucun,FR,corpus_recherche,2011-11,false,haute,,https://hdl.handle.net/11403/comere/cmr-88milsms,701,train
sg-00703,Merciiiii!! T'inquiète on se fera une soirée un de ces 4. Bisous!,legitime,personnel,aucun,FR,corpus_recherche,2011-10,false,haute,,https://hdl.handle.net/11403/comere/cmr-88milsms,702,train
sg-00704,T'es en vacance ?!? Combien de temps ?!? Rroooo il est gentil ... Mais vous vous voyez toujours jeudi ?!?,legitime,personnel,aucun,FR,corpus_recherche,2011-10,false,haute,,https://hdl.handle.net/11403/comere/cmr-88milsms,703,test
sg-00705,"Oki, bon retour.",legitime,personnel,aucun,FR,corpus_recherche,2011-11,false,haute,,https://hdl.handle.net/11403/comere/cmr-88milsms,704,train
sg-00706,"Mon bon <NOM> <NOM>, à mis son t9 à lenvers !",legitime,personnel,aucun,FR,corpus_recherche,2011-09,false,haute,,https://hdl.handle.net/11403/comere/cmr-88milsms,705,train
sg-00707,Et bon anniversaire à bao :-),legitime,personnel,aucun,FR,corpus_recherche,2011-12,false,haute,,https://hdl.handle.net/11403/comere/cmr-88milsms,706,train
sg-00708,Moi aussi tu sais. Moi ça peux allé . Des douleurs au dos et ma Tete explosé de calculs . Et toi? Je t'aime <3,legitime,personnel,aucun,FR,corpus_recherche,2011-09,false,haute,,https://hdl.handle.net/11403/comere/cmr-88milsms,707,train
sg-00709,Je viens d'arriver ...,legitime,personnel,aucun,FR,corpus_recherche,2011-10,false,haute,,https://hdl.handle.net/11403/comere/cmr-88milsms,708,train
sg-00710,Tkt elle es entrain de jemir dep8 tt a l'eur dc jsui pa inkiet mdrrr ......va aprendr a ecrir oki,legitime,personnel,aucun,FR,corpus_recherche,2011-12,false,haute,,https://hdl.handle.net/11403/comere/cmr-88milsms,709,train
sg-00711,"Mais tkt, je t'aime bien quand meme, je vais pas te hairx",legitime,personnel,aucun,FR,corpus_recherche,2011-09,false,haute,,https://hdl.handle.net/11403/comere/cmr-88milsms,710,train
sg-00712,Ah ben file tn num de fixe als.,legitime,personnel,aucun,FR,corpus_recherche,2011-09,false,haute,,https://hdl.handle.net/11403/comere/cmr-88milsms,711,test
sg-00713,"Je Suis chez,<NOM> j attends,son,retour.",legitime,personnel,aucun,FR,corpus_recherche,2011-10,false,haute,,https://hdl.handle.net/11403/comere/cmr-88milsms,712,train
sg-00714,Nerf pas grave bonne nuit,legitime,personnel,aucun,FR,corpus_recherche,2011-10,false,haute,,https://hdl.handle.net/11403/comere/cmr-88milsms,713,train
sg-00715,"Merde je viens a peine de voir ton message! Alors comment été le film, ca ta plu?",legitime,personnel,aucun,FR,corpus_recherche,2011-11,false,haute,,https://hdl.handle.net/11403/comere/cmr-88milsms,714,train
sg-00716,Tu pourras me racheter un collant swan avec pied quand t aura les sous stp,legitime,personnel,aucun,FR,corpus_recherche,2011-11,false,haute,,https://hdl.handle.net/11403/comere/cmr-88milsms,715,train
sg-00717,Il rentre quand de vacances?,legitime,personnel,aucun,FR,corpus_recherche,2011-09,false,haute,,https://hdl.handle.net/11403/comere/cmr-88milsms,716,test
sg-00718,Il recommence à pleuvoir un peu,legitime,personnel,aucun,FR,corpus_recherche,2011-11,false,haute,,https://hdl.handle.net/11403/comere/cmr-88milsms,717,test
sg-00719,Oui game over :-),legitime,personnel,aucun,FR,corpus_recherche,2011-11,false,haute,,https://hdl.handle.net/11403/comere/cmr-88milsms,718,train
sg-00720,Fils jte cné dpi ptite Tcè trb ke jte prend pa pr une roue dsecour jc que tu dèteste ke la 4d se soit divisai mw jtm fils tc ke kan tora plein de truc a mdmandè je serai la,legitime,personnel,aucun,FR,corpus_recherche,2011-11,false,haute,,https://hdl.handle.net/11403/comere/cmr-88milsms,719,train
sg-00721,Mon bus est a 17h15 y'en a qu'un. Ca me fait arriver a 18h30 a avignon,legitime,personnel,aucun,FR,corpus_recherche,2011-10,false,haute,,https://hdl.handle.net/11403/comere/cmr-88milsms,720,train
sg-00722,Tous le faire! Et refaire le tricdes article pk il snt hors sujet Avc le texte principal en gros fo le mm txt!!! Tu sais kan tu rentre plus ou moin?,legitime,personnel,aucun,FR,corpus_recherche,2011-10,false,haute,,https://hdl.handle.net/11403/comere/cmr-88milsms,721,train
sg-00723,J'en ai encore tte la semaine la ms pr l'instant ca c bien passé oui! ^^ tjs en normandie toi? bisous!,legitime,personnel,aucun,FR,corpus_recherche,2011-12,false,haute,,https://hdl.handle.net/11403/comere/cmr-88milsms,722,test
sg-00724,Je ne trouve plus ton mail. Tu peux me le renvoyer?bisous,legitime,personnel,aucun,FR,corpus_recherche,2011-09,false,haute,,https://hdl.handle.net/11403/comere/cmr-88milsms,723,train
sg-00725,Mais elle habite à clermont et moi dans le village D'a coté .... Je peut pas rentrée à pied <NOM>..,legitime,personnel,aucun,FR,corpus_recherche,2011-10,false,haute,,https://hdl.handle.net/11403/comere/cmr-88milsms,724,train
sg-00726,A...bon ba heu je sais pas quoi te dire alors :/,legitime,personnel,aucun,FR,corpus_recherche,2011-10,false,haute,,https://hdl.handle.net/11403/comere/cmr-88milsms,725,train
sg-00727,"Plus vieux ils sont plus fragile, un garcon défend sa mére et <NOM> va tellement jouer la victime ke tora tt perdu ta vie et ton fils",legitime,personnel,aucun,FR,corpus_recherche,2011-11,false,haute,,https://hdl.handle.net/11403/comere/cmr-88milsms,726,train
sg-00728,Excuse je t'ai appeler parce que je pensais que tu étais là j'arrivais pas à ouvrir la porte d'entrée le verrou est reste coincé ! ! Fais gaffe quand tu rentre hésite pas à recommencer plusieurs fois !,legitime,personnel,aucun,FR,corpus_recherche,2011-11,false,haute,,https://hdl.handle.net/11403/comere/cmr-88milsms,727,train
sg-00729,Au faite elle est dans ta classe?,legitime,personnel,aucun,FR,corpus_recherche,2011-10,false,haute,,https://hdl.handle.net/11403/comere/cmr-88milsms,728,train
sg-00730,"Mdr ah ouais, raah.. C'est vrai que j'avais pas pensé à ça ! Ouais, non.. Vraiment vaut mieux que j'me contente de rien dire et rester vague si elle m'en parle --'",legitime,personnel,aucun,FR,corpus_recherche,2011-12,false,haute,,https://hdl.handle.net/11403/comere/cmr-88milsms,729,test
sg-00731,Ben fodra i dire mdr,legitime,personnel,aucun,FR,corpus_recherche,2011-11,false,haute,,https://hdl.handle.net/11403/comere/cmr-88milsms,730,test
sg-00732,Fo savoir reconnaitre sa défaite ce que les marseillais ne savent pas faire,legitime,personnel,aucun,FR,corpus_recherche,2011-09,false,haute,,https://hdl.handle.net/11403/comere/cmr-88milsms,731,train
sg-00733,Fais toi remplacer!,legitime,personnel,aucun,FR,corpus_recherche,2011-09,false,haute,,https://hdl.handle.net/11403/comere/cmr-88milsms,732,train
sg-00734,"Et puis ils sont quand meme proches du statut ""prof"" je trouve...",legitime,personnel,aucun,FR,corpus_recherche,2011-11,false,haute,,https://hdl.handle.net/11403/comere/cmr-88milsms,733,train
sg-00735,Comme tu dis oui^^' et en plus la pauvre imprimante tu l'insultes et tout du coup ensuite tu te sens super coupable vis-à-vis d'elle^^ -ça dépend des gens tu me diras- enfin bon ça marche!,legitime,personnel,aucun,FR,corpus_recherche,2011-12,false,haute,,https://hdl.handle.net/11403/comere/cmr-88milsms,734,train
sg-00736,"Hey <NOM> ça va ? Ouai tout est ok, sauf pour un petit détail... pour aller de chez <NOM> à la suite... et ce qu'il te reste des places dans ta voiture ? Car jv sûrement amener le sarde (ptetre <NOM> et moi) mais comme j'ai pas le permis et que mes parents se bart on aurais pas de voiture... fin bref",legitime,personnel,aucun,FR,corpus_recherche,2011-10,false,haute,,https://hdl.handle.net/11403/comere/cmr-88milsms,735,train
sg-00737,Mdr oui non mais moi j'te dis pas vas-y fonce baby ! Mais à ce moment là ouais vois avec ton doc..! Au moins plus jamais besoin (enfin tant que t'as confiance),legitime,personnel,aucun,FR,corpus_recherche,2011-10,false,haute,,https://hdl.handle.net/11403/comere/cmr-88milsms,736,test
sg-00738,Slt ça va? Je viens de m'apercevoir que je n'avais pas mon matériel de tp. Je voulais savoir si par hasard tu ne l'aurais pas vu une fois que j'étais parti?,legitime,personnel,aucun,FR,corpus_recherche,2011-11,false,haute,,https://hdl.handle.net/11403/comere/cmr-88milsms,737,train
sg-00739,On se fait la séance de 20h ? :p,legitime,personnel,aucun,FR,corpus_recherche,2011-11,false,haute,,https://hdl.handle.net/11403/comere/cmr-88milsms,738,train
sg-00740,"Ahhhh j'ai eut peur !!! Mdrrr Oui tu as bcp de chance ... C'est vrai !!! Tu es très très bien entourée !!! Quoiqu'il t'arrive , quoique tu fasses tu auras toujours des gens près de toi pour t'aider et te soutenir ...",legitime,personnel,aucun,FR,corpus_recherche,2011-10,false,haute,,https://hdl.handle.net/11403/comere/cmr-88milsms,739,train
sg-00741,Jkiffe they are too cute. I send a photo on my fb wall. I'm in love of mine. THANKS!!! <NOM> fera le beau avec le sien à l'école dés demain :-D,legitime,personnel,aucun,FR,corpus_recherche,2011-10,false,haute,,https://hdl.handle.net/11403/comere/cmr-88milsms,740,train
sg-00742,A 4h du mat bebe..,legitime,personnel,aucun,FR,corpus_recherche,2011-09,false,haute,,https://hdl.handle.net/11403/comere/cmr-88milsms,741,train
sg-00743,Hey ma vieille bien et toi ?,legitime,personnel,aucun,FR,corpus_recherche,2011-11,false,haute,,https://hdl.handle.net/11403/comere/cmr-88milsms,742,train
sg-00744,En route. Rdvs au bt,legitime,personnel,aucun,FR,corpus_recherche,2011-12,false,haute,,https://hdl.handle.net/11403/comere/cmr-88milsms,743,train
sg-00745,Pas mal de boulot et la route qui commence à fatiguer mais avec le we ça va aller mieux,legitime,personnel,aucun,FR,corpus_recherche,2011-10,false,haute,,https://hdl.handle.net/11403/comere/cmr-88milsms,744,train
sg-00746,mdrr je suis gogol je sais mdrr,legitime,personnel,aucun,FR,corpus_recherche,2011-09,false,haute,,https://hdl.handle.net/11403/comere/cmr-88milsms,745,train
sg-00747,"Grave en plus je suis en mode cheveux détachés kilos en moins pas de cernes, a mon top possible",legitime,personnel,aucun,FR,corpus_recherche,2011-11,false,haute,,https://hdl.handle.net/11403/comere/cmr-88milsms,746,train
sg-00748,Allée à la fac ce matin mais pas trouvé place donc rentrée chez moi et y suis restée. Envisagé faire caribou mais pas de sirop d'érable donc ai boudé et bu trop de café à la place. Puis devais voir <NOM> à cinq heures mais annulé donc ai lu un chapitre sur les compléments circonstanciéls. Tu es passée à l'oral ce matin?,legitime,personnel,aucun,FR,corpus_recherche,2011-11,false,haute,,https://hdl.handle.net/11403/comere/cmr-88milsms,747,train
sg-00749,Mdrrr jei pa di ke jveu 1bb ak toi jei di pk pa...... Je frei un enfan ak toi seulmen si tei mn mari sinn tu pra tjr revei :|,legitime,personnel,aucun,FR,corpus_recherche,2011-12,false,haute,,https://hdl.handle.net/11403/comere/cmr-88milsms,748,train
sg-00750,"Samedi prochain je sais pas, je boss mais je connais pas encore les horaires... pas grave, on va bien retrouver un jour prochainement ! ;)",legitime,personnel,aucun,FR,corpus_recherche,2011-11,false,haute,,https://hdl.handle.net/11403/comere/cmr-88milsms,749,test
sg-00751,"Je sais qu'tu rigoles, mais sache que si c'était pas le cas, ça serait fini. HA",legitime,personnel,aucun,FR,corpus_recherche,2011-12,false,haute,,https://hdl.handle.net/11403/comere/cmr-88milsms,750,train
sg-00752,Alors la boulangerie ?,legitime,personnel,aucun,FR,corpus_recherche,2011-09,false,haute,,https://hdl.handle.net/11403/comere/cmr-88milsms,751,train
sg-00753,Non tkt sa va ;),legitime,personnel,aucun,FR,corpus_recherche,2011-09,false,haute,,https://hdl.handle.net/11403/comere/cmr-88milsms,752,train
sg-00754,"C'était pas le bon clavier d'occas' donc il en a commandé un. J'peux pas le récup' comme il est tt démonté. Il sera prét dans la semaine, il m'appelle tout de suite. Heureusement c'est 85euros en tout, montage compris tt ça. Il est vraiment pas cher et gentil. Dommage que là j'aurais plus d'ordi plusieurs jours. J'vais essayer d'en trouver un qu'on me préte Bisous",legitime,personnel,aucun,FR,corpus_recherche,2011-12,false,haute,,https://hdl.handle.net/11403/comere/cmr-88milsms,753,train
sg-00755,"Mouais.. au pire si vs voulez y aller le samedi, jte rembourserai la place du coup!",legitime,personnel,aucun,FR,corpus_recherche,2011-10,false,haute,,https://hdl.handle.net/11403/comere/cmr-88milsms,754,train
sg-00756,Ok j'ai rien compris tu m'expliqueras ^^ bon aprem;),legitime,personnel,aucun,FR,corpus_recherche,2011-09,false,haute,,https://hdl.handle.net/11403/comere/cmr-88milsms,755,test
sg-00757,Je vais passer sur orange+ . Et jme suis embrouillè avec le vieux d à coté au stade Je t'aime,legitime,personnel,aucun,FR,corpus_recherche,2011-10,false,haute,,https://hdl.handle.net/11403/comere/cmr-88milsms,756,train
sg-00758,Je fai bad ac <NOM> et ping avec <NOM>,legitime,personnel,aucun,FR,corpus_recherche,2011-09,false,haute,,https://hdl.handle.net/11403/comere/cmr-88milsms,757,train
sg-00759,Salut <NOM> ça va? Alors ton commentaire sur le match de rugby?,legitime,personnel,aucun,FR,corpus_recherche,2011-11,false,haute,,https://hdl.handle.net/11403/comere/cmr-88milsms,758,train
sg-00760,On se rejoint en salle couleur ou direct là bas ??,legitime,personnel,aucun,FR,corpus_recherche,2011-12,false,haute,,https://hdl.handle.net/11403/comere/cmr-88milsms,759,train
sg-00761,:( c'est méme pas moi qui t'ai faite changer d'avis,legitime,personnel,aucun,FR,corpus_recherche,2011-12,false,haute,,https://hdl.handle.net/11403/comere/cmr-88milsms,760,test
sg-00762,D'accord ma puce c'est promis!! Je te dis dès lundi! Bravo pour ton 15!! C'est génial!!<3,legitime,personnel,aucun,FR,corpus_recherche,2011-12,false,haute,,https://hdl.handle.net/11403/comere/cmr-88milsms,761,train
sg-00763,Bon je te laisse serieusement je vais au dodo et pour la 3eme fois jte dis bonne nuit :p,legitime,personnel,aucun,FR,corpus_recherche,2011-11,false,haute,,https://hdl.handle.net/11403/comere/cmr-88milsms,762,train
sg-00764,Alors cette ambu??,legitime,personnel,aucun,FR,corpus_recherche,2011-09,false,haute,,https://hdl.handle.net/11403/comere/cmr-88milsms,763,test
sg-00765,Ben a priori non!lol.que je t'ai pas embêté,legitime,personnel,aucun,FR,corpus_recherche,2011-11,false,haute,,https://hdl.handle.net/11403/comere/cmr-88milsms,764,train
sg-00766,Mon frere!!! <NOM> sait pas ce quelle veut mais moi je pense avoir trouvé un truc qui lui plairait. Tu veux participer? Cest quinze euros chacun :),legitime,personnel,aucun,FR,corpus_recherche,2011-11,false,haute,,https://hdl.handle.net/11403/comere/cmr-88milsms,765,train
sg-00767,Coucou! Ce serait mieux Que tu viennes la semaine prochaine pck je vais avoir une dure journée demain et samedi. dsl!!,legitime,personnel,aucun,FR,corpus_recherche,2011-10,false,haute,,https://hdl.handle.net/11403/comere/cmr-88milsms,766,train
sg-00768,Sur moi tu peu compter,legitime,personnel,aucun,FR,corpus_recherche,2011-10,false,haute,,https://hdl.handle.net/11403/comere/cmr-88milsms,767,train
sg-00769,Ok ok moi je suis à la comédie,legitime,personnel,aucun,FR,corpus_recherche,2011-12,false,haute,,https://hdl.handle.net/11403/comere/cmr-88milsms,768,train
sg-00770,Oh merde j'avei mm pa vu kil est 1h du mat ptdrrr tu sai cke sa veu dir,legitime,personnel,aucun,FR,corpus_recherche,2011-11,false,haute,,https://hdl.handle.net/11403/comere/cmr-88milsms,769,train
sg-00771,En mème tps j'ai loupé le début de Troie :-( j'ai pa pu voir Brad Pitt torse nu lol!,legitime,personnel,aucun,FR,corpus_recherche,2011-09,false,haute,,https://hdl.handle.net/11403/comere/cmr-88milsms,770,train
sg-00772,Enooorme ! J'te l'avais dis déjà :D nos pires ennemies enfin réunies,legitime,personnel,aucun,FR,corpus_recherche,2011-10,false,haute,,https://hdl.handle.net/11403/comere/cmr-88milsms,771,train
sg-00773,Alors 19h06 pile?:p,legitime,personnel,aucun,FR,corpus_recherche,2011-11,false,haute,,https://hdl.handle.net/11403/comere/cmr-88milsms,772,train
sg-00774,On verra pour ce soir,legitime,personnel,aucun,FR,corpus_recherche,2011-12,false,haute,,https://hdl.handle.net/11403/comere/cmr-88milsms,773,train
sg-00775,Mon maillot de bain va etre trempée avant meme que je sois dans l'eau,legitime,personnel,aucun,FR,corpus_recherche,2011-09,false,haute,,https://hdl.handle.net/11403/comere/cmr-88milsms,774,train
sg-00776,Ah geniale :) ils ont pris la vieille?,legitime,personnel,aucun,FR,corpus_recherche,2011-10,false,haute,,https://hdl.handle.net/11403/comere/cmr-88milsms,775,train
sg-00777,Ok je finis à 16h30,legitime,personnel,aucun,FR,corpus_recherche,2011-11,false,haute,,https://hdl.handle.net/11403/comere/cmr-88milsms,776,train
sg-00778,Alors?? Je viens de finir de manger la!,legitime,personnel,aucun,FR,corpus_recherche,2011-12,false,haute,,https://hdl.handle.net/11403/comere/cmr-88milsms,777,train
sg-00779,Lol. T'es pas sorti?,legitime,personnel,aucun,FR,corpus_recherche,2011-10,false,haute,,https://hdl.handle.net/11403/comere/cmr-88milsms,778,test
sg-00780,Je suis au cdi ! Tu es arrivee ?,legitime,personnel,aucun,FR,corpus_recherche,2011-11,false,haute,,https://hdl.handle.net/11403/comere/cmr-88milsms,779,train
sg-00781,Tes grognon ce soir,legitime,personnel,aucun,FR,corpus_recherche,2011-10,false,haute,,https://hdl.handle.net/11403/comere/cmr-88milsms,780,test
sg-00782,Pour te dire ce que je ne peux pas ecrire il faudrait que j'invente des mots qui existent meme pas dans le dico... C'est toi que je t aime........................................................................................................................vachement beaucoup!!! <3,legitime,personnel,aucun,FR,corpus_recherche,2011-11,false,haute,,https://hdl.handle.net/11403/comere/cmr-88milsms,781,train
sg-00783,Intéressant ds l'ensemble oui^^ Et vs etes allé boire un verre ou? Ct bien?,legitime,personnel,aucun,FR,corpus_recherche,2011-09,false,haute,,https://hdl.handle.net/11403/comere/cmr-88milsms,782,test
sg-00784,"Oh il s'est trompé dans ma note, 17,60/20 ! Demain j'espere que tu es là pour le champagne ma fleur des iles !",legitime,personnel,aucun,FR,corpus_recherche,2011-09,false,haute,,https://hdl.handle.net/11403/comere/cmr-88milsms,783,train
sg-00785,Coucou Ahhhhhhh marre de tout louper !!! je suis revenue à Carcassonne pour le pont :s j'ai la poisse niveau sorties en ce moment :( Gros bisous,legitime,personnel,aucun,FR,corpus_recherche,2011-09,false,haute,,https://hdl.handle.net/11403/comere/cmr-88milsms,784,train
sg-00786,Je t'embrasse:),legitime,personnel,aucun,FR,corpus_recherche,2011-09,false,haute,,https://hdl.handle.net/11403/comere/cmr-88milsms,785,train
sg-00787,J'suis à place de l'europe,legitime,personnel,aucun,FR,corpus_recherche,2011-11,false,haute,,https://hdl.handle.net/11403/comere/cmr-88milsms,786,train
sg-00788,C qui la tarée qui a mis <NOM> dvt la tv?!,legitime,personnel,aucun,FR,corpus_recherche,2011-12,false,haute,,https://hdl.handle.net/11403/comere/cmr-88milsms,787,test
sg-00789,Ma Bestah a écrit: Ca sappelle bref,legitime,personnel,aucun,FR,corpus_recherche,2011-10,false,haute,,https://hdl.handle.net/11403/comere/cmr-88milsms,788,train
sg-00790,Je suis de repos aujourd'hui . Je suis à l'aéroport . Je récupère <NOM> ! Trop hâte ... Lol Te fais des bisous . Profite de tes derniers jours ... face with stuck-out tongue and winking eye U+1F61C ??,legitime,personnel,aucun,FR,corpus_recherche,2011-11,false,haute,,https://hdl.handle.net/11403/comere/cmr-88milsms,789,train
sg-00791,Dak tu me alr kom sa jte derang pa,legitime,personnel,aucun,FR,corpus_recherche,2011-11,false,haute,,https://hdl.handle.net/11403/comere/cmr-88milsms,790,train
sg-00792,ça t'a fait quoi ? Tu t'ezst dit quoi ?,legitime,personnel,aucun,FR,corpus_recherche,2011-10,false,haute,,https://hdl.handle.net/11403/comere/cmr-88milsms,791,train
sg-00793,"Non non, ils ont fait tous mes voisins.. Et la semaine passé le rez-de-chaussé. Et d'autres résidences d'occitanie aussi",legitime,personnel,aucun,FR,corpus_recherche,2011-12,false,haute,,https://hdl.handle.net/11403/comere/cmr-88milsms,792,train
sg-00794,Nan mm pa mm pa baleyei Mdrrrr jsui fatiguei,legitime,personnel,aucun,FR,corpus_recherche,2011-12,false,haute,,https://hdl.handle.net/11403/comere/cmr-88milsms,793,train
sg-00795,Pq tu :/ . Je trouve j'ai pas à penser certaines choses. Et voilà du coup Je t'aime,legitime,personnel,aucun,FR,corpus_recherche,2011-10,false,haute,,https://hdl.handle.net/11403/comere/cmr-88milsms,794,test
sg-00796,Nan bah je vais le faire mtn comme ca ca sera fait :),legitime,personnel,aucun,FR,corpus_recherche,2011-10,false,haute,,https://hdl.handle.net/11403/comere/cmr-88milsms,795,train
sg-00797,Non non :P pas du tt.. C'pas ma faute si tu t'es pris pour Lucky luke,legitime,personnel,aucun,FR,corpus_recherche,2011-12,false,haute,,https://hdl.handle.net/11403/comere/cmr-88milsms,796,train
sg-00798,Ok ! Bon on refera l'inventaire demain !!! Je mettrai <NOM> dessus ! C'est tjs ou toi ou moi !!! Oui jeudi pour faire dodo avec toi !!! Hihihihi...,legitime,personnel,aucun,FR,corpus_recherche,2011-10,false,haute,,https://hdl.handle.net/11403/comere/cmr-88milsms,797,train
sg-00799,On est dans les bouchons...,legitime,personnel,aucun,FR,corpus_recherche,2011-10,false,haute,,https://hdl.handle.net/11403/comere/cmr-88milsms,798,train
sg-00800,Moi vendredi je vais demander de passer mon code,legitime,personnel,aucun,FR,corpus_recherche,2011-10,false,haute,,https://hdl.handle.net/11403/comere/cmr-88milsms,799,train
sg-00801,J'ai pris mes basket. Tu veux aller courir ce mardi?,legitime,personnel,aucun,FR,corpus_recherche,2011-11,false,haute,,https://hdl.handle.net/11403/comere/cmr-88milsms,800,test
sg-00802,C'est fini. On attend que la foule sorte car trop de monde. À toute...,legitime,personnel,aucun,FR,corpus_recherche,2011-11,false,haute,,https://hdl.handle.net/11403/comere/cmr-88milsms,801,train
sg-00803,Mdr j'espère qu'elle en fera bon usage ^^ elle le prennait pour elle?,legitime,personnel,aucun,FR,corpus_recherche,2011-10,false,haute,,https://hdl.handle.net/11403/comere/cmr-88milsms,802,train
sg-00804,Je fais chauffer les tiens ou pas ?,legitime,personnel,aucun,FR,corpus_recherche,2011-10,false,haute,,https://hdl.handle.net/11403/comere/cmr-88milsms,803,train
sg-00805,Ca veut dire quoi?,legitime,personnel,aucun,FR,corpus_recherche,2011-10,false,haute,,https://hdl.handle.net/11403/comere/cmr-88milsms,804,test
sg-00806,"D'accord d'accord, mais lui il ne risque pas de m'en parler. J'aurai pas évoqué ce sujet, t'inquiète, tu m'as bien fait comprendre que je devais pas lui dire. ^^",legitime,personnel,aucun,FR,corpus_recherche,2011-11,false,haute,,https://hdl.handle.net/11403/comere/cmr-88milsms,805,train
sg-00807,Mdr bonne nuit! Oui t'inquiète on s'arrange ca!,legitime,personnel,aucun,FR,corpus_recherche,2011-10,false,haute,,https://hdl.handle.net/11403/comere/cmr-88milsms,806,train
sg-00808,Je suis deja sur la route :o,legitime,personnel,aucun,FR,corpus_recherche,2011-12,false,haute,,https://hdl.handle.net/11403/comere/cmr-88milsms,807,test
sg-00809,ça dépend du temps ! ! Parce que là ! Lol mais oui oui je suis libre !,legitime,personnel,aucun,FR,corpus_recherche,2011-10,false,haute,,https://hdl.handle.net/11403/comere/cmr-88milsms,808,train
sg-00810,Pour acheter un jean mais pas pour aller au cine XD,legitime,personnel,aucun,FR,corpus_recherche,2011-11,false,haute,,https://hdl.handle.net/11403/comere/cmr-88milsms,809,test
sg-00811,Ta totalement oublie ton stylo chez moi et tu ten ai carrement pas rendu compte!,legitime,personnel,aucun,FR,corpus_recherche,2011-12,false,haute,,https://hdl.handle.net/11403/comere/cmr-88milsms,810,train
sg-00812,Et ok pr le film^^,legitime,personnel,aucun,FR,corpus_recherche,2011-10,false,haute,,https://hdl.handle.net/11403/comere/cmr-88milsms,811,train
sg-00813,Envoyé Demain le monsieur qui viens récupérer les papiers et qui veut jamais boire doit passer pour récupérer le dossier Dis lui que je vais aller les amener a son épouse directement Dis a <NOM> qu elle fasse les desserts en premier Je l appèlerais pour les plats a faire Merci,legitime,personnel,aucun,FR,corpus_recherche,2011-11,false,haute,,https://hdl.handle.net/11403/comere/cmr-88milsms,812,train
sg-00814,"<NOM> : ""Fais-tu partie des pauvres 95% qui accumulent les villes classiques d'inconnus, ou fais-tu partie d'une quelconque méta? As-tu déjà pris conscience de l'immensité communautaire de Hordes? <NOM> : Euh, je fais des villes classiques, je dois faire partie des 95% ! <NOM> : D'accord. Attends, déjà : Est-ce que tu lis et participes au forum de ta ville? <NOM> : Nan!!! "" H-H-H-HEADSHOT!",legitime,personnel,aucun,FR,corpus_recherche,2011-10,false,haute,,https://hdl.handle.net/11403/comere/cmr-88milsms,813,train
sg-00815,Lol moi non plu^^,legitime,personnel,aucun,FR,corpus_recherche,2011-09,false,haute,,https://hdl.handle.net/11403/comere/cmr-88milsms,814,train
sg-00816,Oh oui un petit roquefort jus de pomme pour le gouter avec toi! J'en reves :p,legitime,personnel,aucun,FR,corpus_recherche,2011-12,false,haute,,https://hdl.handle.net/11403/comere/cmr-88milsms,815,train
sg-00817,Je te dirais la semaine prochaine une fois que j'ai réservé l'hotel toussa toussa,legitime,personnel,aucun,FR,corpus_recherche,2011-12,false,haute,,https://hdl.handle.net/11403/comere/cmr-88milsms,816,train
sg-00818,ça va ? Tu ne réponds pas au mail et on t'a pas vu hier ... <NOM> s'inquiete ... en plus t'es pas sur le tchat ...,legitime,personnel,aucun,FR,corpus_recherche,2011-11,false,haute,,https://hdl.handle.net/11403/comere/cmr-88milsms,817,test
sg-00819,T'es partie au moins ? :),legitime,personnel,aucun,FR,corpus_recherche,2011-11,false,haute,,https://hdl.handle.net/11403/comere/cmr-88milsms,818,train
sg-00820,D'accord. ... Écris moins en abrégé stp ça commence à allé Mieu alors voilà Je t'aime,legitime,personnel,aucun,FR,corpus_recherche,2011-10,false,haute,,https://hdl.handle.net/11403/comere/cmr-88milsms,819,train
sg-00821,Uii et la je dor :-p,legitime,personnel,aucun,FR,corpus_recherche,2011-11,false,haute,,https://hdl.handle.net/11403/comere/cmr-88milsms,820,train
sg-00822,Tu viens a macdo avec nous demain ?,legitime,personnel,aucun,FR,corpus_recherche,2011-09,false,haute,,https://hdl.handle.net/11403/comere/cmr-88milsms,821,test
sg-00823,"Tu sais avant je n'étais pas du coup comme ca ! Je n'etais que très peu pleurnicharde ou en colère ! Et je deteste avoir ce sentiment de perte de controle ... J'ai eu ensuite des travers que j'ai détesté : jalousie, ... Surtout vers la fin a vrai dire",legitime,personnel,aucun,FR,corpus_recherche,2011-11,false,haute,,https://hdl.handle.net/11403/comere/cmr-88milsms,822,train
sg-00824,Ouai ça va :P tu mange où demain ?,legitime,personnel,aucun,FR,corpus_recherche,2011-10,false,haute,,https://hdl.handle.net/11403/comere/cmr-88milsms,823,train
sg-00825,Je prenais justement des nouvelles de camion aussi héhé :) oui je veux etre en russie ! Je vais tout faire pour,legitime,personnel,aucun,FR,corpus_recherche,2011-12,false,haute,,https://hdl.handle.net/11403/comere/cmr-88milsms,824,test
sg-00826,Tant pis. Pourquoi vous allez la bas vous?,legitime,personnel,aucun,FR,corpus_recherche,2011-11,false,haute,,https://hdl.handle.net/11403/comere/cmr-88milsms,825,test
sg-00827,Merci! Des bisous,legitime,personnel,aucun,FR,corpus_recherche,2011-10,false,haute,,https://hdl.handle.net/11403/comere/cmr-88milsms,826,train
sg-00828,Ben je vais jamais a Besançon :/ c'est a une heure de chez moi donc bon... Bon ça va pour la grosse et ça lui fera une compagnie ! Oh le gros chaaat :D Il va découvrir Paris :),legitime,personnel,aucun,FR,corpus_recherche,2011-10,false,haute,,https://hdl.handle.net/11403/comere/cmr-88milsms,827,train
sg-00829,Mais je pensais que tu allais me donne des nouvelles,legitime,personnel,aucun,FR,corpus_recherche,2011-09,false,haute,,https://hdl.handle.net/11403/comere/cmr-88milsms,828,train
sg-00830,Kikou ma Bibiche :) oui ça va. C'est que ça fait un moment que je ne tai pas appelé et que nous n'avons pas papoté :( que dirais tu de se voir ce weekend ou que l'on mange ensemble vendredi ou un jour dans la semaine avec <NOM> si dispo?! :) hihi! Vive le café je suis a mon deuxième.... LOL! Pas encore écouté le single de Mymy mais je vais aller sur le site de ce pas. Tu as lu mes @? Bisouuuuusss Caribou!!!,legitime,personnel,aucun,FR,corpus_recherche,2011-11,false,haute,,https://hdl.handle.net/11403/comere/cmr-88milsms,829,train
sg-00831,Jpe pas jmokupe du ptit,legitime,personnel,aucun,FR,corpus_recherche,2011-11,false,haute,,https://hdl.handle.net/11403/comere/cmr-88milsms,830,test
sg-00832,Ah bon ? Meme pas recu d'appel ou de notifications pr me dire que ça avait sonné ! ! Oui emmene ta clé demain je les donnerai !,legitime,personnel,aucun,FR,corpus_recherche,2011-11,false,haute,,https://hdl.handle.net/11403/comere/cmr-88milsms,831,test
sg-00833,J'en ai pour encore 3/4 d'h vu que c'est à rives du lez,legitime,personnel,aucun,FR,corpus_recherche,2011-11,false,haute,,https://hdl.handle.net/11403/comere/cmr-88milsms,832,train
sg-00834,"Chats (x3), chien. Mais c'est surtt les 2 chez mon père et ma mère. L'autre chat c'est un roumain :D et le chien est un peu débile",legitime,personnel,aucun,FR,corpus_recherche,2011-12,false,haute,,https://hdl.handle.net/11403/comere/cmr-88milsms,833,train
sg-00835,"Ok çà marche ... Je travaille pas parce que <NOM> a pas ecole et que <NOM> est barré en week-end !!! Donc j'ai posé 2 jours ... Bisous , bisous",legitime,personnel,aucun,FR,corpus_recherche,2011-11,false,haute,,https://hdl.handle.net/11403/comere/cmr-88milsms,834,train
sg-00836,Wé dit leurs mais il faut aussi qu'il fassent tourner il en faut 50 60 avant ce soir minuit et oui tu ira de ton coté avec <NOM> et moi du miens avec <NOM> comme en plus les autres photos sont pas très bien à part une ou 2 ... DIT LEURS MAN ASSURE ET AUSSI QU'IL FASSENT TOURNER,legitime,personnel,aucun,FR,corpus_recherche,2011-12,false,haute,,https://hdl.handle.net/11403/comere/cmr-88milsms,835,train
sg-00837,Ben on véra dans un ou deux mois quand je bosserai non stop et que j'aurai rattrapé mon retard!,legitime,personnel,aucun,FR,corpus_recherche,2011-11,false,haute,,https://hdl.handle.net/11403/comere/cmr-88milsms,836,train
sg-00838,"Jpense être en retard, ya pleins de bouchons",legitime,personnel,aucun,FR,corpus_recherche,2011-11,false,haute,,https://hdl.handle.net/11403/comere/cmr-88milsms,837,test
sg-00839,Ils sont trop nuls de faire ca !,legitime,personnel,aucun,FR,corpus_recherche,2011-11,false,haute,,https://hdl.handle.net/11403/comere/cmr-88milsms,838,train
sg-00840,Le lendemain de sa soirée il a acquiésé qu'il me kiffait hahaha mais après a t il changé d'avis ? Moi j'en parle pas trop a <NOM>,legitime,personnel,aucun,FR,corpus_recherche,2011-12,false,haute,,https://hdl.handle.net/11403/comere/cmr-88milsms,839,train
sg-00841,"Il faut que tu apelles <NOM> <NOM>, et j'avais dja fait les palmiers ^^",legitime,personnel,aucun,FR,corpus_recherche,2011-09,false,haute,,https://hdl.handle.net/11403/comere/cmr-88milsms,840,train
sg-00842,Cei pa lui mm ??,legitime,personnel,aucun,FR,corpus_recherche,2011-11,false,haute,,https://hdl.handle.net/11403/comere/cmr-88milsms,841,train
sg-00843,Je sais mais j'ai pas trop le choix :(,legitime,personnel,aucun,FR,corpus_recherche,2011-12,false,haute,,https://hdl.handle.net/11403/comere/cmr-88milsms,842,train
sg-00844,"dans le dm de maths, m prime il est aussi sur le cercle?",legitime,personnel,aucun,FR,corpus_recherche,2011-12,false,haute,,https://hdl.handle.net/11403/comere/cmr-88milsms,843,train
sg-00845,Non j'me suis trop pas énervée. C'était plutøt de la consternation mdr,legitime,personnel,aucun,FR,corpus_recherche,2011-12,false,haute,,https://hdl.handle.net/11403/comere/cmr-88milsms,844,train
sg-00846,"C'est deja bien, il faut un truc pour melanger, des glacons et je prends un truc sans alcool. Vers quelle heure ?",legitime,personnel,aucun,FR,corpus_recherche,2011-10,false,haute,,https://hdl.handle.net/11403/comere/cmr-88milsms,845,train
sg-00847,Meeerde! Tu connais pas qqun qui aurait une blouse?,legitime,personnel,aucun,FR,corpus_recherche,2011-10,false,haute,,https://hdl.handle.net/11403/comere/cmr-88milsms,846,train
sg-00848,Meme pas tu ma raconté Pfffff jte boude,legitime,personnel,aucun,FR,corpus_recherche,2011-10,false,haute,,https://hdl.handle.net/11403/comere/cmr-88milsms,847,train
sg-00849,"C'est bon tu t'es embrouille ca arrive a tout le monde, moi la 1ere",legitime,personnel,aucun,FR,corpus_recherche,2011-11,false,haute,,https://hdl.handle.net/11403/comere/cmr-88milsms,848,train
sg-00850,Pourquoi ce point d'interrogation isolé?,legitime,personnel,aucun,FR,corpus_recherche,2011-10,false,haute,,https://hdl.handle.net/11403/comere/cmr-88milsms,849,test
sg-00851,Coucou tata ça va,legitime,personnel,aucun,FR,corpus_recherche,2011-11,false,haute,,https://hdl.handle.net/11403/comere/cmr-88milsms,850,test
sg-00852,Lol mais nn tkt ;),legitime,personnel,aucun,FR,corpus_recherche,2011-10,false,haute,,https://hdl.handle.net/11403/comere/cmr-88milsms,851,test
sg-00853,T'as fini tes maths?,legitime,personnel,aucun,FR,corpus_recherche,2011-09,false,haute,,https://hdl.handle.net/11403/comere/cmr-88milsms,852,train
sg-00854,":S .. Fais gaffe, si il est là tout triste et tout t'oseras pas le refoul lol",legitime,personnel,aucun,FR,corpus_recherche,2011-10,false,haute,,https://hdl.handle.net/11403/comere/cmr-88milsms,853,train
sg-00855,tu as récup ton numéro?,legitime,personnel,aucun,FR,corpus_recherche,2011-09,false,haute,,https://hdl.handle.net/11403/comere/cmr-88milsms,854,train
sg-00856,T'as pas peur qu'il interpréte ça comme un ''faible petite qui crève de moi et ne supporte pas l'idée que..blabla'' plutøt que comme un ''elle aimerait plus que de l'amitié'' que tu pourrais toi lui dire ? Disons qu'il aurait moins l'égo surdimensionné après et qu'il flipperait moins qu'si il croit que tu peux pas vivre sans lui lol,legitime,personnel,aucun,FR,corpus_recherche,2011-10,false,haute,,https://hdl.handle.net/11403/comere/cmr-88milsms,855,train
sg-00857,Ah pardon j'te laisse. Bonne soirée. Bisous,legitime,personnel,aucun,FR,corpus_recherche,2011-12,false,haute,,https://hdl.handle.net/11403/comere/cmr-88milsms,856,test
sg-00858,Bien arrivée à toulouse... Rdv cet hiver dans les alpes ! <NOM>,legitime,personnel,aucun,FR,corpus_recherche,2011-09,false,haute,,https://hdl.handle.net/11403/comere/cmr-88milsms,857,train
sg-00859,Mdr avec le fameux bus lol c'est vrai t es un gamin ! Encore en terminal ! XD ;) Moi rentré du boulot en voiture.,legitime,personnel,aucun,FR,corpus_recherche,2011-11,false,haute,,https://hdl.handle.net/11403/comere/cmr-88milsms,858,train
sg-00860,Jtenlevéré just avant pck yen a plein dc g véré lakel é libre =),legitime,personnel,aucun,FR,corpus_recherche,2011-09,false,haute,,https://hdl.handle.net/11403/comere/cmr-88milsms,859,train
sg-00861,<ETR> Bwiii bassi nambiyei ni jouwei nahi dji presentei ni jouwei ni parei mdrrr amba el es pa sensuel,legitime,personnel,aucun,FR,corpus_recherche,2011-12,false,haute,,https://hdl.handle.net/11403/comere/cmr-88milsms,860,train
sg-00862,Ah trop rigolo !!! Moi qui veux venir au marché de noël en plus ! Ben si je suis un peu plus en forme jessaye de venir samedi :P jte tiendrai au courant tkt :) Je ferai le père noël alors !,legitime,personnel,aucun,FR,corpus_recherche,2011-12,false,haute,,https://hdl.handle.net/11403/comere/cmr-88milsms,861,train
sg-00863,nooo t folle c ferié ^^,legitime,personnel,aucun,FR,corpus_recherche,2011-10,false,haute,,https://hdl.handle.net/11403/comere/cmr-88milsms,862,train
sg-00864,Mdr.. Elle y est pas elle j'crois. Et elle a pas de piercing,legitime,personnel,aucun,FR,corpus_recherche,2011-11,false,haute,,https://hdl.handle.net/11403/comere/cmr-88milsms,863,train
sg-00865,Non je voulais que tu m'appelles 2min.Mais ta maman doit dormir.Je suis trop curieuse la!Je voudrais tt savoir!Il est si petit que ca?,legitime,personnel,aucun,FR,corpus_recherche,2011-09,false,haute,,https://hdl.handle.net/11403/comere/cmr-88milsms,864,test
sg-00866,Ah quel film?^^,legitime,personnel,aucun,FR,corpus_recherche,2011-12,false,haute,,https://hdl.handle.net/11403/comere/cmr-88milsms,865,train
sg-00867,Trop hahaha :) si il veut pas <NOM> je chanterais ss la douche cm <NOM> :$,legitime,personnel,aucun,FR,corpus_recherche,2011-10,false,haute,,https://hdl.handle.net/11403/comere/cmr-88milsms,866,train
sg-00868,Pas poly. Diapos pardon.,legitime,personnel,aucun,FR,corpus_recherche,2011-11,false,haute,,https://hdl.handle.net/11403/comere/cmr-88milsms,867,train
sg-00869,Pfff je men tape moi ;) mais merci,legitime,personnel,aucun,FR,corpus_recherche,2011-10,false,haute,,https://hdl.handle.net/11403/comere/cmr-88milsms,868,test
sg-00870,Mdrrr j'aime comme tu me dis ça,legitime,personnel,aucun,FR,corpus_recherche,2011-10,false,haute,,https://hdl.handle.net/11403/comere/cmr-88milsms,869,test
sg-00871,Saye jsui ds le bus!,legitime,personnel,aucun,FR,corpus_recherche,2011-09,false,haute,,https://hdl.handle.net/11403/comere/cmr-88milsms,870,train
sg-00872,Tu c ce ke ca ve dire?,legitime,personnel,aucun,FR,corpus_recherche,2011-09,false,haute,,https://hdl.handle.net/11403/comere/cmr-88milsms,871,test
sg-00873,Je sais pas si c sur feuille oui ou non ?,legitime,personnel,aucun,FR,corpus_recherche,2011-09,false,haute,,https://hdl.handle.net/11403/comere/cmr-88milsms,872,train
sg-00874,"<NOM>, je dodo. J'ai du mal à envoyer des msg le soir. Je suis souvent pas bien. Je t fais un bisous. Et t envoie un msg demain , promis! Bonne nuit :)",legitime,personnel,aucun,FR,corpus_recherche,2011-09,false,haute,,https://hdl.handle.net/11403/comere/cmr-88milsms,873,train
sg-00875,Je passe mais ne resterai pas longtemps.,legitime,personnel,aucun,FR,corpus_recherche,2011-10,false,haute,,https://hdl.handle.net/11403/comere/cmr-88milsms,874,test
sg-00876,"Ahhh c'est comme ci ;) lol bon appétit alors, moi je suis à Sochaux mais la on reviens :P",legitime,personnel,aucun,FR,corpus_recherche,2011-10,false,haute,,https://hdl.handle.net/11403/comere/cmr-88milsms,875,train
sg-00877,Bon on (je) vais voir ce que ça donne,legitime,personnel,aucun,FR,corpus_recherche,2011-09,false,haute,,https://hdl.handle.net/11403/comere/cmr-88milsms,876,train
sg-00878,En encore toi t'as pas a marcher jusqu'a la salle mdrr,legitime,personnel,aucun,FR,corpus_recherche,2011-12,false,haute,,https://hdl.handle.net/11403/comere/cmr-88milsms,877,train
sg-00879,Salut! Alors comment ca c'est passé Bordeau? Ca te dit de boire un pot vers 7h demain soir (avec <NOM> et je voulais proposer à <NOM> aussi). Bisous,legitime,personnel,aucun,FR,corpus_recherche,2011-10,false,haute,,https://hdl.handle.net/11403/comere/cmr-88milsms,878,train
sg-00880,Ok pas de souci :) à demain,legitime,personnel,aucun,FR,corpus_recherche,2011-12,false,haute,,https://hdl.handle.net/11403/comere/cmr-88milsms,879,train
sg-00881,Lol non la c'est l'heure de se lever,legitime,personnel,aucun,FR,corpus_recherche,2011-12,false,haute,,https://hdl.handle.net/11403/comere/cmr-88milsms,880,train
sg-00882,OK to start at 8:30 at LRCCP. Enjoy your evening.,legitime,personnel,aucun,FR,corpus_recherche,2011-11,false,haute,,https://hdl.handle.net/11403/comere/cmr-88milsms,881,train
sg-00883,Moi aussi mais il manque un truc ou quoi . T en parlera avec le tatoueur au pire Je t'aime,legitime,personnel,aucun,FR,corpus_recherche,2011-09,false,haute,,https://hdl.handle.net/11403/comere/cmr-88milsms,882,train
sg-00884,"du tout ! Je demanderais, elle est dans ma classe ! Les jupes sont sur avignon ! Je te dis des que je les ai !",legitime,personnel,aucun,FR,corpus_recherche,2011-11,false,haute,,https://hdl.handle.net/11403/comere/cmr-88milsms,883,test
sg-00885,"C'est <NOM>! Au fait, <NOM>, c'est vrai qu'elle est partie lundi en republique dominicaine et qu'elle revient demain?",legitime,personnel,aucun,FR,corpus_recherche,2011-10,false,haute,,https://hdl.handle.net/11403/comere/cmr-88milsms,884,train
sg-00886,Ms tu t en rends pas compte en plus.. Bref en tout cas ca mfait trop chier pck en mdisant ttes ces conneries jai cru que t étais un minimum sincere et jcommencais a vrmt croire en nous,legitime,personnel,aucun,FR,corpus_recherche,2011-10,false,haute,,https://hdl.handle.net/11403/comere/cmr-88milsms,885,train
sg-00887,Je suivrais tes conseils avisés alors :-),legitime,personnel,aucun,FR,corpus_recherche,2011-10,false,haute,,https://hdl.handle.net/11403/comere/cmr-88milsms,886,train
sg-00888,<ETR> Vibration chow et hopey mdrr,legitime,personnel,aucun,FR,corpus_recherche,2011-11,false,haute,,https://hdl.handle.net/11403/comere/cmr-88milsms,887,train
sg-00889,Tu sais pas à quel point :).,legitime,personnel,aucun,FR,corpus_recherche,2011-10,false,haute,,https://hdl.handle.net/11403/comere/cmr-88milsms,888,train
sg-00890,Vamos a comer !,legitime,personnel,aucun,FR,corpus_recherche,2011-10,false,haute,,https://hdl.handle.net/11403/comere/cmr-88milsms,889,test
sg-00891,Amour dimanche non . Donc regarde ton match et on s voit l aprem ou le samedi Je t'aime,legitime,personnel,aucun,FR,corpus_recherche,2011-10,false,haute,,https://hdl.handle.net/11403/comere/cmr-88milsms,890,train
sg-00892,Jprefere rester chez moi,legitime,personnel,aucun,FR,corpus_recherche,2011-12,false,haute,,https://hdl.handle.net/11403/comere/cmr-88milsms,891,train
sg-00893,Pareil enfin surtt l'apres,legitime,personnel,aucun,FR,corpus_recherche,2011-10,false,haute,,https://hdl.handle.net/11403/comere/cmr-88milsms,892,test
sg-00894,Je vais aller me laver bientot,legitime,personnel,aucun,FR,corpus_recherche,2011-09,false,haute,,https://hdl.handle.net/11403/comere/cmr-88milsms,893,train
sg-00895,"J'vais faire du shopping ! J'ai besoin d'écouteurs, d'un pyjama hahaha, de cartes postales, :p",legitime,personnel,aucun,FR,corpus_recherche,2011-11,false,haute,,https://hdl.handle.net/11403/comere/cmr-88milsms,894,train
sg-00896,Normalement pour mon annif le 30 mars environ,legitime,personnel,aucun,FR,corpus_recherche,2011-12,false,haute,,https://hdl.handle.net/11403/comere/cmr-88milsms,895,train
sg-00897,Oui ça me va bien je trouve,legitime,personnel,aucun,FR,corpus_recherche,2011-09,false,haute,,https://hdl.handle.net/11403/comere/cmr-88milsms,896,train
sg-00898,Jeudi je fais les Magasins t'a oublier,legitime,personnel,aucun,FR,corpus_recherche,2011-10,false,haute,,https://hdl.handle.net/11403/comere/cmr-88milsms,897,train
sg-00899,Mdr j'avoue c'est bon t'as gagné !,legitime,personnel,aucun,FR,corpus_recherche,2011-12,false,haute,,https://hdl.handle.net/11403/comere/cmr-88milsms,898,train
sg-00900,Lol on verra mais je pense pas. Et toi aufait ???,legitime,personnel,aucun,FR,corpus_recherche,2011-11,false,haute,,https://hdl.handle.net/11403/comere/cmr-88milsms,899,train
sg-00901,Y savent pu c'est dans lalbum vers la 6 ou 7 e nothing beat the bite le titre de lalbum ils savent pu le titre de la musique.,legitime,personnel,aucun,FR,corpus_recherche,2011-09,false,haute,,https://hdl.handle.net/11403/comere/cmr-88milsms,900,test
sg-00902,Bah on t'appellera ce soir ou demain,legitime,personnel,aucun,FR,corpus_recherche,2011-11,false,haute,,https://hdl.handle.net/11403/comere/cmr-88milsms,901,train
sg-00903,S'tu veux quand j'passe en ville au lieu d'apres aller a odysseum j'vais te voir,legitime,personnel,aucun,FR,corpus_recherche,2011-10,false,haute,,https://hdl.handle.net/11403/comere/cmr-88milsms,902,train
sg-00904,"Yo baby, tu dors ?",legitime,personnel,aucun,FR,corpus_recherche,2011-10,false,haute,,https://hdl.handle.net/11403/comere/cmr-88milsms,903,train
sg-00905,Nn <NOM> il est tjrs a la case départ,legitime,personnel,aucun,FR,corpus_recherche,2011-09,false,haute,,https://hdl.handle.net/11403/comere/cmr-88milsms,904,train
sg-00906,"C'est quand méme pas terrible, niveau émancipation, t'es chez ton tonton.. :S puis t'as pas un vrai appart 'étudiant du coup mdrr",legitime,personnel,aucun,FR,corpus_recherche,2011-10,false,haute,,https://hdl.handle.net/11403/comere/cmr-88milsms,905,test
sg-00907,La vie fait qu'à partir d'un moment tu réalises que tu es seule c'est tout. Je suis contre les religions maintenant. Même si je respecte les choix des gens.,legitime,personnel,aucun,FR,corpus_recherche,2011-10,false,haute,,https://hdl.handle.net/11403/comere/cmr-88milsms,906,train
sg-00908,Oui :) si tveux jpeux passer te prendre devant ton lycée si c'est pas trop compliqué,legitime,personnel,aucun,FR,corpus_recherche,2011-11,false,haute,,https://hdl.handle.net/11403/comere/cmr-88milsms,907,test
sg-00909,Tu peux sans aucun soucis,legitime,personnel,aucun,FR,corpus_recherche,2011-12,false,haute,,https://hdl.handle.net/11403/comere/cmr-88milsms,908,test
sg-00910,ouh :s t'as fait quoi?,legitime,personnel,aucun,FR,corpus_recherche,2011-11,false,haute,,https://hdl.handle.net/11403/comere/cmr-88milsms,909,test
sg-00911,Ouah j'ai lu un article dans l'actu qui me fait trop pensé à l'histoire de <NOM> sur facebook. Je le découpe je te le montre demain.,legitime,personnel,aucun,FR,corpus_recherche,2011-11,false,haute,,https://hdl.handle.net/11403/comere/cmr-88milsms,910,train
sg-00912,Mdr Je vais avo lunette pour qu'il m les mette droite. C'est demain le rumato Je t'aime,legitime,personnel,aucun,FR,corpus_recherche,2011-10,false,haute,,https://hdl.handle.net/11403/comere/cmr-88milsms,911,train
sg-00913,C pa la question il fo vou parler seul à seul,legitime,personnel,aucun,FR,corpus_recherche,2011-11,false,haute,,https://hdl.handle.net/11403/comere/cmr-88milsms,912,train
sg-00914,T es de retour à besac ?,legitime,personnel,aucun,FR,corpus_recherche,2011-10,false,haute,,https://hdl.handle.net/11403/comere/cmr-88milsms,913,train
sg-00915,Désole pour hier mais plus de batterie bisous,legitime,personnel,aucun,FR,corpus_recherche,2011-09,false,haute,,https://hdl.handle.net/11403/comere/cmr-88milsms,914,train
sg-00916,Tu pourras m'apporter ma liste de noël aussi ? Ya <NOM> qui va m'appeler ...,legitime,personnel,aucun,FR,corpus_recherche,2011-11,false,haute,,https://hdl.handle.net/11403/comere/cmr-88milsms,915,train
sg-00917,Tu l'as attaché dans le vide ou pas attaché du tout?,legitime,personnel,aucun,FR,corpus_recherche,2011-11,false,haute,,https://hdl.handle.net/11403/comere/cmr-88milsms,916,train
sg-00918,On na pa dinvit non + c <NOM> ki lè a. On se retrouve la ba direct je te tel 2min matin. Kan to scoop c pa tro for ca! El doi etre ds 1 èta! Devine ki ma tel g pa répondu? La <NOM>! Bisou bone nui alor c t bien bartok!,legitime,personnel,aucun,FR,corpus_recherche,2011-10,false,haute,,https://hdl.handle.net/11403/comere/cmr-88milsms,917,train
sg-00919,Ils ont séparés les forums ? Mais c'est bidon !!,legitime,personnel,aucun,FR,corpus_recherche,2011-11,false,haute,,https://hdl.handle.net/11403/comere/cmr-88milsms,918,train
sg-00920,C a i est j ai fini,legitime,personnel,aucun,FR,corpus_recherche,2011-11,false,haute,,https://hdl.handle.net/11403/comere/cmr-88milsms,919,test
sg-00921,Alors? Tu commences quand? Quelle classe finalement?,legitime,personnel,aucun,FR,corpus_recherche,2011-10,false,haute,,https://hdl.handle.net/11403/comere/cmr-88milsms,920,train
sg-00922,Oui! Promis! Dès que je serai vraiment réinsérée dans la société en souscrivant une mutuelle!,legitime,personnel,aucun,FR,corpus_recherche,2011-11,false,haute,,https://hdl.handle.net/11403/comere/cmr-88milsms,921,train
sg-00923,<ETR> Jei fai abra kadabra ptdrrr jsui dan la truc d'batir pui cetei en ba jei clikei pui sa ma mi,legitime,personnel,aucun,FR,corpus_recherche,2011-12,false,haute,,https://hdl.handle.net/11403/comere/cmr-88milsms,922,train
sg-00924,"Lol ouiii! Mtarde trop. Ben avec ton cheri vous sortez pas? Haha, <NOM>, c'est poto maintenant :P",legitime,personnel,aucun,FR,corpus_recherche,2011-09,false,haute,,https://hdl.handle.net/11403/comere/cmr-88milsms,923,train
sg-00925,"J'ai du retard, essais de prendre le bus.",legitime,personnel,aucun,FR,corpus_recherche,2011-10,false,haute,,https://hdl.handle.net/11403/comere/cmr-88milsms,924,train
sg-00926,Lol jsai pa mdrrr jcroi pa mai jei pa d'blem :-p,legitime,personnel,aucun,FR,corpus_recherche,2011-11,false,haute,,https://hdl.handle.net/11403/comere/cmr-88milsms,925,train
sg-00927,Tu devrais faire une pause,legitime,personnel,aucun,FR,corpus_recherche,2011-11,false,haute,,https://hdl.handle.net/11403/comere/cmr-88milsms,926,train
sg-00928,"C'est vrai j'avais oublié qu'on pouvait être 4. Mais comme j'ai possibilité d'avoir quelqu'un avec un iphone prêt à participer et que cela semble être une denrée rare, je vais plutôt lancer 1 autre gpe",legitime,personnel,aucun,FR,corpus_recherche,2011-10,false,haute,,https://hdl.handle.net/11403/comere/cmr-88milsms,927,train
sg-00929,Tu veux que je gere?,legitime,personnel,aucun,FR,corpus_recherche,2011-10,false,haute,,https://hdl.handle.net/11403/comere/cmr-88milsms,928,train
sg-00930,G d nouvele lunet,legitime,personnel,aucun,FR,corpus_recherche,2011-10,false,haute,,https://hdl.handle.net/11403/comere/cmr-88milsms,929,test
sg-00931,Ok bon moi j'vais prendre le bleu là. Mates ton tel j'te dis quand j'arrive,legitime,personnel,aucun,FR,corpus_recherche,2011-12,false,haute,,https://hdl.handle.net/11403/comere/cmr-88milsms,930,test
sg-00932,Mdr je savais pas quoi te répondre,legitime,personnel,aucun,FR,corpus_recherche,2011-12,false,haute,,https://hdl.handle.net/11403/comere/cmr-88milsms,931,train
sg-00933,Moi aussi zeteeeem mais le bus est tjs pas arrivé. Je suis triiiiste!,legitime,personnel,aucun,FR,corpus_recherche,2011-11,false,haute,,https://hdl.handle.net/11403/comere/cmr-88milsms,932,train
sg-00934,Non je vais pouvoir faire rire bcp de gens avec cette histoire...,legitime,personnel,aucun,FR,corpus_recherche,2011-10,false,haute,,https://hdl.handle.net/11403/comere/cmr-88milsms,933,test
sg-00935,"Hello ma <NOM>, comment vas tu ? Quoi de beau ? Today je t'écris <3",legitime,personnel,aucun,FR,corpus_recherche,2011-11,false,haute,,https://hdl.handle.net/11403/comere/cmr-88milsms,934,train
sg-00936,"Oouaaaah ! Folie, tu l'as gardé :D",legitime,personnel,aucun,FR,corpus_recherche,2011-11,false,haute,,https://hdl.handle.net/11403/comere/cmr-88milsms,935,train
sg-00937,Et jeux de plateforme?,legitime,personnel,aucun,FR,corpus_recherche,2011-12,false,haute,,https://hdl.handle.net/11403/comere/cmr-88milsms,936,train
sg-00938,"Bonjour petit etre! Jai un petit pblm d'ordi, pourrais tu m'aider? :3",legitime,personnel,aucun,FR,corpus_recherche,2011-11,false,haute,,https://hdl.handle.net/11403/comere/cmr-88milsms,937,train
sg-00939,La jsuis sur un quadruple homicide!!,legitime,personnel,aucun,FR,corpus_recherche,2011-10,false,haute,,https://hdl.handle.net/11403/comere/cmr-88milsms,938,train
sg-00940,"Coucou toi, bon dimanche?? Reconciliation or not??",legitime,personnel,aucun,FR,corpus_recherche,2011-10,false,haute,,https://hdl.handle.net/11403/comere/cmr-88milsms,939,test
sg-00941,"Ok la nuit de merde, j'ai revé au moins 5 fois qu'il me trompait (alors qu'on est plus ensemble) ... Ca me rend ouf de pas savoir ou il est ce qu'il fait .....",legitime,personnel,aucun,FR,corpus_recherche,2011-11,false,haute,,https://hdl.handle.net/11403/comere/cmr-88milsms,940,test
sg-00942,Et les bocaux tu en as ??,legitime,personnel,aucun,FR,corpus_recherche,2011-12,false,haute,,https://hdl.handle.net/11403/comere/cmr-88milsms,941,test
sg-00943,coucou ma puce!!<3Vii!! Super!!<3 <3 Merci beaucoup beaucoup!!!<3 <3 Je t'aime!!<3 <3 <3,legitime,personnel,aucun,FR,corpus_recherche,2011-11,false,haute,,https://hdl.handle.net/11403/comere/cmr-88milsms,942,train
sg-00944,Je suis à toulouse dans le train.bisous,legitime,personnel,aucun,FR,corpus_recherche,2011-12,false,haute,,https://hdl.handle.net/11403/comere/cmr-88milsms,943,train
sg-00945,À l'irish corner ya les rugbymen.lol,legitime,personnel,aucun,FR,corpus_recherche,2011-10,false,haute,,https://hdl.handle.net/11403/comere/cmr-88milsms,944,train
sg-00946,Trop tard secret déjà au lit LOL a demain,legitime,personnel,aucun,FR,corpus_recherche,2011-10,false,haute,,https://hdl.handle.net/11403/comere/cmr-88milsms,945,train
sg-00947,je sors de la zumba ;),legitime,personnel,aucun,FR,corpus_recherche,2011-09,false,haute,,https://hdl.handle.net/11403/comere/cmr-88milsms,946,train
sg-00948,Imagine toi moi mon copain et un pote à lui (c'est un bg ) a Londres se serait trop Foy,legitime,personnel,aucun,FR,corpus_recherche,2011-12,false,haute,,https://hdl.handle.net/11403/comere/cmr-88milsms,947,train
sg-00949,"Maintenant, j'en ai le coeur net",legitime,personnel,aucun,FR,corpus_recherche,2011-09,false,haute,,https://hdl.handle.net/11403/comere/cmr-88milsms,948,train
sg-00950,Fine ! I saw a super show yesterday ! :) and <NOM> tried to chat with me ... Hahaha weak boy ! How are you ?,legitime,personnel,aucun,FR,corpus_recherche,2011-11,false,haute,,https://hdl.handle.net/11403/comere/cmr-88milsms,949,train
sg-00951,Ok moi ossi jtm tkt pa bisous bisous,legitime,personnel,aucun,FR,corpus_recherche,2011-10,false,haute,,https://hdl.handle.net/11403/comere/cmr-88milsms,950,train
sg-00952,Tu arrives à quelle heure chéri?,legitime,personnel,aucun,FR,corpus_recherche,2011-09,false,haute,,https://hdl.handle.net/11403/comere/cmr-88milsms,951,train
sg-00953,T'es tout content :) ?,legitime,personnel,aucun,FR,corpus_recherche,2011-10,false,haute,,https://hdl.handle.net/11403/comere/cmr-88milsms,952,train
sg-00954,Mdrr. Pourquoi. Je fais des algorythmes la donc je suis normal,legitime,personnel,aucun,FR,corpus_recherche,2011-10,false,haute,,https://hdl.handle.net/11403/comere/cmr-88milsms,953,train
sg-00955,"Coucou! Je vois <NOM> demain soir. On pensait boire un pot toutes les deux, et puis, si tu es dispo, que tu nous rejoignes pour diner. Qu'en dis-tu? Bisous",legitime,personnel,aucun,FR,corpus_recherche,2011-10,false,haute,,https://hdl.handle.net/11403/comere/cmr-88milsms,954,train
sg-00956,N'oublie pas de me prendre a 19h 15.,legitime,personnel,aucun,FR,corpus_recherche,2011-09,false,haute,,https://hdl.handle.net/11403/comere/cmr-88milsms,955,train
sg-00957,Bouge ton cul :D,legitime,personnel,aucun,FR,corpus_recherche,2011-10,false,haute,,https://hdl.handle.net/11403/comere/cmr-88milsms,956,test
sg-00958,Je suis arrivée à l appart. Bisou,legitime,personnel,aucun,FR,corpus_recherche,2011-12,false,haute,,https://hdl.handle.net/11403/comere/cmr-88milsms,957,train
sg-00959,Je sais pas je suis pas chez moi =/,legitime,personnel,aucun,FR,corpus_recherche,2011-10,false,haute,,https://hdl.handle.net/11403/comere/cmr-88milsms,958,train
sg-00960,"J'avais trop de choses lourdes à prendre, j'ai pris la 106, alors j'en ai profité pour tout prendre :) ça change la vie de faire des courses en voiture sans avoir à tout porter comme depuis 3 ans et demi mdr.. En plus je voulais prendre plein de bonne choses pour quand tu viens :) d'où le vin etc. Bon du coup paye ton 66e de courses quoi lol, mais j'ai 6e de réduc pour la prochaine fois, c'est toujours ça !",legitime,personnel,aucun,FR,corpus_recherche,2011-11,false,haute,,https://hdl.handle.net/11403/comere/cmr-88milsms,959,train
sg-00961,"si ça pouvait se faire sans que j'ai à me lever, moi nn plus",legitime,personnel,aucun,FR,corpus_recherche,2011-10,false,haute,,https://hdl.handle.net/11403/comere/cmr-88milsms,960,train
sg-00962,Ta réussi la question 10?,legitime,personnel,aucun,FR,corpus_recherche,2011-10,false,haute,,https://hdl.handle.net/11403/comere/cmr-88milsms,961,train
sg-00963,"Tiens, je suis sur que t'adorerais <NOM> toi (si ce n'est déjà le cas)",legitime,personnel,aucun,FR,corpus_recherche,2011-10,false,haute,,https://hdl.handle.net/11403/comere/cmr-88milsms,962,train
sg-00964,Sa fait du bien de regarder la télé mdr,legitime,personnel,aucun,FR,corpus_recherche,2011-12,false,haute,,https://hdl.handle.net/11403/comere/cmr-88milsms,963,train
sg-00965,Devant chez <NOM>,legitime,personnel,aucun,FR,corpus_recherche,2011-10,false,haute,,https://hdl.handle.net/11403/comere/cmr-88milsms,964,train
sg-00966,Recherche beau vampire musclé comme <NOM> et <NOM> ou indien souriant sympa et... Musclé! Ca ferait une belle petite annonce ;-),legitime,personnel,aucun,FR,corpus_recherche,2011-09,false,haute,,https://hdl.handle.net/11403/comere/cmr-88milsms,965,train
sg-00967,Très contente d'avoir papoté avec toi ! A tout bientot ! Et bon courage pour le trajet. Bisous <NOM>,legitime,personnel,aucun,FR,corpus_recherche,2011-12,false,haute,,https://hdl.handle.net/11403/comere/cmr-88milsms,966,train
sg-00968,Plus en fait car le tram arrive dans 10 min,legitime,personnel,aucun,FR,corpus_recherche,2011-10,false,haute,,https://hdl.handle.net/11403/comere/cmr-88milsms,967,train
sg-00969,"Non mais plus sérieusement, tu crois vraiment que je vais demander à une dizaine de personnes leurs avis sur mes amis? C'était pour déconner hein o/",legitime,personnel,aucun,FR,corpus_recherche,2011-09,false,haute,,https://hdl.handle.net/11403/comere/cmr-88milsms,968,test
sg-00970,Tu me pardonnes?,legitime,personnel,aucun,FR,corpus_recherche,2011-10,false,haute,,https://hdl.handle.net/11403/comere/cmr-88milsms,969,test
sg-00971,"Wesh frérot! Bravo toussa, bref Est-ce que 5abr^2 - 5br , c'est réductible en quelque chose genre ar ?",legitime,personnel,aucun,FR,corpus_recherche,2011-10,false,haute,,https://hdl.handle.net/11403/comere/cmr-88milsms,970,train
sg-00972,Les propos sont crus hein?,legitime,personnel,aucun,FR,corpus_recherche,2011-12,false,haute,,https://hdl.handle.net/11403/comere/cmr-88milsms,971,train
sg-00973,Comment c passé l'oral de votre fils?? Biz <NOM>,legitime,personnel,aucun,FR,corpus_recherche,2011-09,false,haute,,https://hdl.handle.net/11403/comere/cmr-88milsms,972,train
sg-00974,"Ok, tu penses venir a quel heure ? Il y aura qqun de 16h30 a 21h.",legitime,personnel,aucun,FR,corpus_recherche,2011-10,false,haute,,https://hdl.handle.net/11403/comere/cmr-88milsms,973,train
sg-00975,"Aaaah ok ! Non ms en fait j'avais supprimé le msg de <NOM>. Bn als je passe te chercher à 20h, on va vite fait au café ac mn pote psk il me saoule, il vt qu on se voit. Brf, 20h devant chez oit !",legitime,personnel,aucun,FR,corpus_recherche,2011-10,false,haute,,https://hdl.handle.net/11403/comere/cmr-88milsms,974,train
sg-00976,"Juste une question qui vient de me traverser l'esprit, que se passeras t'il si ton mec apres qu'on est sorti ensemble?",legitime,personnel,aucun,FR,corpus_recherche,2011-10,false,haute,,https://hdl.handle.net/11403/comere/cmr-88milsms,975,train
sg-00977,Ok çà marche ... Je vous rejoint ou ?!? Chez toi ?!?,legitime,personnel,aucun,FR,corpus_recherche,2011-09,false,haute,,https://hdl.handle.net/11403/comere/cmr-88milsms,976,test
sg-00978,Comment ca se fait que t'ai pas reussis a dormir ?,legitime,personnel,aucun,FR,corpus_recherche,2011-09,false,haute,,https://hdl.handle.net/11403/comere/cmr-88milsms,977,train
sg-00979,De toute fafon je pense que ca ne m'aurait pas ete ;),legitime,personnel,aucun,FR,corpus_recherche,2011-12,false,haute,,https://hdl.handle.net/11403/comere/cmr-88milsms,978,train
sg-00980,Mais t'as vu les 2 explosions ?,legitime,personnel,aucun,FR,corpus_recherche,2011-09,false,haute,,https://hdl.handle.net/11403/comere/cmr-88milsms,979,train
sg-00981,"J'avais les jtons mdr. pour une 1ere conduite a mtp, c'est pas mal en mini ;)",legitime,personnel,aucun,FR,corpus_recherche,2011-10,false,haute,,https://hdl.handle.net/11403/comere/cmr-88milsms,980,train
sg-00982,"Bon eh ben normalement j'ai toutes les info que je voulais, les 417e non négociables me font pas plaisirs mais bosser sur des projets pour IBM un peu plus!! We'll see :) toujours pas écartelé par tes jeunots ?!^^",legitime,personnel,aucun,FR,corpus_recherche,2011-10,false,haute,,https://hdl.handle.net/11403/comere/cmr-88milsms,981,train
sg-00983,"Je suis dispo jeudi soir cette semaine, ce sera pas à cause de moi si tu cherches pas un job :)",legitime,personnel,aucun,FR,corpus_recherche,2011-10,false,haute,,https://hdl.handle.net/11403/comere/cmr-88milsms,982,train
sg-00984,Mouais tu parles.. Bon. Fais de beaux réves,legitime,personnel,aucun,FR,corpus_recherche,2011-12,false,haute,,https://hdl.handle.net/11403/comere/cmr-88milsms,983,test
sg-00985,Mmm.. On se voit vendredi alors :D,legitime,personnel,aucun,FR,corpus_recherche,2011-11,false,haute,,https://hdl.handle.net/11403/comere/cmr-88milsms,984,train
sg-00986,Et toi tu est en couple maintenant ?,legitime,personnel,aucun,FR,corpus_recherche,2011-12,false,haute,,https://hdl.handle.net/11403/comere/cmr-88milsms,985,train
sg-00987,Tu c la <NOM> et la <NOM> et <NOM> elle mon demander si jaller a la st barbe et jai di peut etre si la <NOM> i va peu etre jirai avec ell,legitime,personnel,aucun,FR,corpus_recherche,2011-11,false,haute,,https://hdl.handle.net/11403/comere/cmr-88milsms,986,train
sg-00988,"Voilà je sais pas comment dire mais voilà, j'ai eu limpression l'autre jour que tu me parlais bien car tu avais besoin de moi et après basta, je sais pas voilà c'est une impression après à toi de me dire si c'est vrai... mais on dirais que tu change jc pas voilà.",legitime,personnel,aucun,FR,corpus_recherche,2011-09,false,haute,,https://hdl.handle.net/11403/comere/cmr-88milsms,987,test
sg-00989,Je me suis jamais fais taper,legitime,personnel,aucun,FR,corpus_recherche,2011-12,false,haute,,https://hdl.handle.net/11403/comere/cmr-88milsms,988,train
sg-00990,Ha pas trop tot lol :D,legitime,personnel,aucun,FR,corpus_recherche,2011-12,false,haute,,https://hdl.handle.net/11403/comere/cmr-88milsms,989,train
sg-00991,T es sure que c est le 6?,legitime,personnel,aucun,FR,corpus_recherche,2011-12,false,haute,,https://hdl.handle.net/11403/comere/cmr-88milsms,990,train
sg-00992,Ah oui c'est pa mieu mdr!,legitime,personnel,aucun,FR,corpus_recherche,2011-09,false,haute,,https://hdl.handle.net/11403/comere/cmr-88milsms,991,train
sg-00993,"Aucune idée, ms j'imagine que oui puisque sur 5 arbres testés il en faisait partie... Par contre elle me disait qu'elle comprenait pas parce que ct plutot février mars ca, et moi ct en mai^^'",legitime,personnel,aucun,FR,corpus_recherche,2011-10,false,haute,,https://hdl.handle.net/11403/comere/cmr-88milsms,992,train
sg-00994,"Je suis a la maison ! Je commence qu'a 13h donc je me repose , fin je dois partir a 12h30 il faut que je prenne une douche avant ! Je ne rentrerais que ce soir je pense ensuite",legitime,personnel,aucun,FR,corpus_recherche,2011-09,false,haute,,https://hdl.handle.net/11403/comere/cmr-88milsms,993,test
sg-00995,"En plus chez sine mensuel, contrairement à charia hebdo, tu n'as pas à envoyer un justificatif de pauvreté pour obtenir un tarif réduit, ils te croient sur parole. -<NOM>, voit avec <NOM> pour le début de la conversation-.",legitime,personnel,aucun,FR,corpus_recherche,2011-11,false,haute,,https://hdl.handle.net/11403/comere/cmr-88milsms,994,test
sg-00996,Ok on a pa mps :-),legitime,personnel,aucun,FR,corpus_recherche,2011-09,false,haute,,https://hdl.handle.net/11403/comere/cmr-88milsms,995,train
sg-00997,Sa i est i l et la,legitime,personnel,aucun,FR,corpus_recherche,2011-11,false,haute,,https://hdl.handle.net/11403/comere/cmr-88milsms,996,train
sg-00998,Que je taaaime..,legitime,personnel,aucun,FR,corpus_recherche,2011-11,false,haute,,https://hdl.handle.net/11403/comere/cmr-88milsms,997,train
sg-00999,Pense a dire a maman ke je dors chez <NOM>. Ce soir j'ai oublie de lui dire hier bisous n'oublie pas !,legitime,personnel,aucun,FR,corpus_recherche,2011-10,false,haute,,https://hdl.handle.net/11403/comere/cmr-88milsms,998,train
sg-01000,J'ai mis une alarme Je devrai pas oublié xD Je t'aime,legitime,personnel,aucun,FR,corpus_recherche,2011-10,false,haute,,https://hdl.handle.net/11403/comere/cmr-88milsms,999,train
sg-01001,Comment s'est passée cette petite journée de stage ma <NOM> ?,legitime,personnel,aucun,FR,corpus_recherche,2011-12,false,haute,,https://hdl.handle.net/11403/comere/cmr-88milsms,1000,train
sg-01002,"Mais non ... C'est juste qu'entre le hand , le travail et ta vie sociale , tu n'es pas souvent dispo .... C'était pas une critique ! Pour une fois !!!",legitime,personnel,aucun,FR,corpus_recherche,2011-11,false,haute,,https://hdl.handle.net/11403/comere/cmr-88milsms,1001,test
sg-01003,Tqt ça passera complètement dans qlq semaine Je t'aime,legitime,personnel,aucun,FR,corpus_recherche,2011-10,false,haute,,https://hdl.handle.net/11403/comere/cmr-88milsms,1002,train
sg-01004,Je vais prendre ma douche bsx :),legitime,personnel,aucun,FR,corpus_recherche,2011-11,false,haute,,https://hdl.handle.net/11403/comere/cmr-88milsms,1003,train
sg-01005,Nan mais <NOM>... U kidding??,legitime,personnel,aucun,FR,corpus_recherche,2011-09,false,haute,,https://hdl.handle.net/11403/comere/cmr-88milsms,1004,test
sg-01006,"Y'avait plus de place au qu'importe, alors j'ai réservé à l'imprévu, juste à coté! Rue vautier me semble. Trop hate de te voir ma greluche! Poutoupoutoux!",legitime,personnel,aucun,FR,corpus_recherche,2011-10,false,haute,,https://hdl.handle.net/11403/comere/cmr-88milsms,1005,train
sg-01007,Tu me l'otes de la bouche.,legitime,personnel,aucun,FR,corpus_recherche,2011-11,false,haute,,https://hdl.handle.net/11403/comere/cmr-88milsms,1006,train
sg-01008,"On en a fait 2 quand meme, l'eau et CHCl3 donc c'est possible... Si c'est un comme ces 2 là ca va c'est facile c'est du sudoku^^",legitime,personnel,aucun,FR,corpus_recherche,2011-09,false,haute,,https://hdl.handle.net/11403/comere/cmr-88milsms,1007,train
sg-01009,ouais je vais essayer de pas oublier ! Je dois porter mon ordi demain !,legitime,personnel,aucun,FR,corpus_recherche,2011-12,false,haute,,https://hdl.handle.net/11403/comere/cmr-88milsms,1008,test
sg-01010,Moi je te vend 20 € celui de <NOM> !,legitime,personnel,aucun,FR,corpus_recherche,2011-11,false,haute,,https://hdl.handle.net/11403/comere/cmr-88milsms,1009,train
sg-01011,"Ok... Bah tant que tu peux l'amener, moi y'a aucun problème (7 places)",legitime,personnel,aucun,FR,corpus_recherche,2011-10,false,haute,,https://hdl.handle.net/11403/comere/cmr-88milsms,1010,train
sg-01012,"ça va m'énerver, l'agence peut pas me filer la caf, elle va le donner au proprio, sauf que moi j'ai déjà payé l'intégralité du loyer dc j'ai plus de sous et lui en a trop. Ils peuvent pas se bouger la caf, faut dire ??? C'pas compliqué de changer UN truc !!",legitime,personnel,aucun,FR,corpus_recherche,2011-12,false,haute,,https://hdl.handle.net/11403/comere/cmr-88milsms,1011,train
sg-01013,Jdisais daccord tu rep pas c que tu dois etre sur le tournage du clip,legitime,personnel,aucun,FR,corpus_recherche,2011-10,false,haute,,https://hdl.handle.net/11403/comere/cmr-88milsms,1012,train
sg-01014,Lol ils m'ont trop foutu la trouille,legitime,personnel,aucun,FR,corpus_recherche,2011-10,false,haute,,https://hdl.handle.net/11403/comere/cmr-88milsms,1013,train
sg-01015,Et elle ne répond plus au téléphone,legitime,personnel,aucun,FR,corpus_recherche,2011-10,false,haute,,https://hdl.handle.net/11403/comere/cmr-88milsms,1014,train
sg-01016,Mdr mwa kan fr jlai ap jcroi et art pla,legitime,personnel,aucun,FR,corpus_recherche,2011-11,false,haute,,https://hdl.handle.net/11403/comere/cmr-88milsms,1015,train
sg-01017,<NOM> t'arrive a maquiller/un peu coiffer les gens ?,legitime,personnel,aucun,FR,corpus_recherche,2011-10,false,haute,,https://hdl.handle.net/11403/comere/cmr-88milsms,1016,test
sg-01018,T'as le droit de sortir toi ?!? Mdrrr Et on sort ou ?!? La cote ?!? L'ô bar ?!?,legitime,personnel,aucun,FR,corpus_recherche,2011-09,false,haute,,https://hdl.handle.net/11403/comere/cmr-88milsms,1017,train
sg-01019,Pas grand chose!,legitime,personnel,aucun,FR,corpus_recherche,2011-10,false,haute,,https://hdl.handle.net/11403/comere/cmr-88milsms,1018,test
sg-01020,Jeudi il m'a dit .. Mille ans plus tard,legitime,personnel,aucun,FR,corpus_recherche,2011-12,false,haute,,https://hdl.handle.net/11403/comere/cmr-88milsms,1019,train
sg-01021,Mercii :)) ce soir jai cour juskaa 6h apres hv a la danse et apres au resto jtecris kan jrentre pr voir si t es reveille cm ca on fait langlais? :),legitime,personnel,aucun,FR,corpus_recherche,2011-10,false,haute,,https://hdl.handle.net/11403/comere/cmr-88milsms,1020,train
sg-01022,mdr toujours aussi barré,legitime,personnel,aucun,FR,corpus_recherche,2011-11,false,haute,,https://hdl.handle.net/11403/comere/cmr-88milsms,1021,train
sg-01023,Salut <NOM>. Juste un message pour te dire que ça soir je peux venir mais pas longtemps. Il y a eu un problème hier et je dois m'occuper de la maison et de mon frère. À quelle c'est déjà la repetition ? Bisous,legitime,personnel,aucun,FR,corpus_recherche,2011-12,false,haute,,https://hdl.handle.net/11403/comere/cmr-88milsms,1022,train
sg-01024,Ben oui pourquoi cette question ?,legitime,personnel,aucun,FR,corpus_recherche,2011-09,false,haute,,https://hdl.handle.net/11403/comere/cmr-88milsms,1023,train
sg-01025,Pareiil ! C'est vraiment abuser j'avance 2 a l'heure et en plus je fais que de paraphraser alors ca sert a rien,legitime,personnel,aucun,FR,corpus_recherche,2011-12,false,haute,,https://hdl.handle.net/11403/comere/cmr-88milsms,1024,train
sg-01026,"Quel boulet je me suis trompé ds le destinataire, je comprenais pas pourquoi tu répondais pas aussi-_-'",legitime,personnel,aucun,FR,corpus_recherche,2011-12,false,haute,,https://hdl.handle.net/11403/comere/cmr-88milsms,1025,train
sg-01027,"J'prends pas de train demain! :/ j'arrive pour le déjeuner vers 12h30 j'irai faire des courses avant pour te faire un bon petit plat ;-) prend soin de toi d'ici là, qu'est ce que tu fais encore debout! p'tite tisane et dodo pour ma tite malade :-)",legitime,personnel,aucun,FR,corpus_recherche,2011-10,false,haute,,https://hdl.handle.net/11403/comere/cmr-88milsms,1026,test
sg-01028,J'ai eu <NOM> au téléphone : j'aimerais bien être à Sète vers <REF> demain pour le voir au marché. On l'attendrait ailleurs le temps qu'il finisse et puis il nous rejoindrait. Ça serait cool non ?,legitime,personnel,aucun,FR,corpus_recherche,2011-10,false,haute,,https://hdl.handle.net/11403/comere/cmr-88milsms,1027,train
sg-01029,"C'est un faux ami, comme le priapisme.",legitime,personnel,aucun,FR,corpus_recherche,2011-11,false,haute,,https://hdl.handle.net/11403/comere/cmr-88milsms,1028,train
sg-01030,Tu prends le bus di stade??,legitime,personnel,aucun,FR,corpus_recherche,2011-10,false,haute,,https://hdl.handle.net/11403/comere/cmr-88milsms,1029,train
sg-01031,"Lol, ton pote aux cartes magiques et ben il est déjà au bàtiment administratif pour jouer lol il a que ça à faire ^^ gros bisous mon chéri, à tout à l'heure :-)",legitime,personnel,aucun,FR,corpus_recherche,2011-11,false,haute,,https://hdl.handle.net/11403/comere/cmr-88milsms,1030,train
sg-01032,Ah :) d'accord merci !,legitime,personnel,aucun,FR,corpus_recherche,2011-12,false,haute,,https://hdl.handle.net/11403/comere/cmr-88milsms,1031,train
sg-01033,Hiii :D merci !! Arréte là c'est toi qui kiff me faire kiffer mdr,legitime,personnel,aucun,FR,corpus_recherche,2011-11,false,haute,,https://hdl.handle.net/11403/comere/cmr-88milsms,1032,train
sg-01034,Non mais c'est elle qui est decu... Je reve... C'zst pas apollon mais bon il vaut mieux qu'elle...,legitime,personnel,aucun,FR,corpus_recherche,2011-11,false,haute,,https://hdl.handle.net/11403/comere/cmr-88milsms,1033,test
sg-01035,Ah ouais c'est pas tard. Dommage.. Enfin c'est gentil. Elle part combien de temps? Elle va me ramener des A&F??,legitime,personnel,aucun,FR,corpus_recherche,2011-10,false,haute,,https://hdl.handle.net/11403/comere/cmr-88milsms,1034,train
sg-01036,Mdr ben euh ouai en espérant que jme lève pas à 13h lol car faut que je prenne mon bus xD,legitime,personnel,aucun,FR,corpus_recherche,2011-10,false,haute,,https://hdl.handle.net/11403/comere/cmr-88milsms,1035,train
sg-01037,Mdrrr pk tu di sa ?,legitime,personnel,aucun,FR,corpus_recherche,2011-11,false,haute,,https://hdl.handle.net/11403/comere/cmr-88milsms,1036,train
sg-01038,Ouais ! Trop bien ! Et pas cliché pour une fois,legitime,personnel,aucun,FR,corpus_recherche,2011-11,false,haute,,https://hdl.handle.net/11403/comere/cmr-88milsms,1037,train
sg-01039,Yep nikel je sors tout juste du resto à st malo en bretagne tu vois j'me fais pas chier^^ ça va toi?,legitime,personnel,aucun,FR,corpus_recherche,2011-10,false,haute,,https://hdl.handle.net/11403/comere/cmr-88milsms,1038,train
sg-01040,Par sécurité il vaut mieux que tu récupères le ptit bonhomme ce soir ... Bisous,legitime,personnel,aucun,FR,corpus_recherche,2011-12,false,haute,,https://hdl.handle.net/11403/comere/cmr-88milsms,1039,train
sg-01041,"Yo <NOM> :-) ca va? Je sais pas si tu t'es connecté à facebook mais c'est pour te dire que demain soir soirée à la cité u, mercredi soir soirée au mazet de <NOM>, et j'ai prévu une date pour le canöé dis moi si ca te vas c'est le 21 22 juillet. Voilou. A demain si tu peux. Bonne soirée:-)",legitime,personnel,aucun,FR,corpus_recherche,2011-09,false,haute,,https://hdl.handle.net/11403/comere/cmr-88milsms,1040,train
sg-01042,Ok mais sa sera dans le tgv toute façon et la prochaine fois madame <NOM> nous fera des sandwich,legitime,personnel,aucun,FR,corpus_recherche,2011-11,false,haute,,https://hdl.handle.net/11403/comere/cmr-88milsms,1041,train
sg-01043,Bon less moi mangei dja jme forc lol j'y ariv pa heureuzmen cei pa moi ki a preparei parck sinn j'orei mm pa eu le coeur a mangei hum,legitime,personnel,aucun,FR,corpus_recherche,2011-11,false,haute,,https://hdl.handle.net/11403/comere/cmr-88milsms,1042,train
sg-01044,Ah merde! Ben moi jsuis sur le quai j attends le train c est tout,legitime,personnel,aucun,FR,corpus_recherche,2011-10,false,haute,,https://hdl.handle.net/11403/comere/cmr-88milsms,1043,train
sg-01045,"Mais c'pas possible tu t'ennuies ou quoi pour connaitre outre le nom de toutes les stars, leurs vies ?",legitime,personnel,aucun,FR,corpus_recherche,2011-10,false,haute,,https://hdl.handle.net/11403/comere/cmr-88milsms,1044,train
sg-01046,:) j'vais remonter. Pour bosser avec <NOM> et tout,legitime,personnel,aucun,FR,corpus_recherche,2011-10,false,haute,,https://hdl.handle.net/11403/comere/cmr-88milsms,1045,train
sg-01047,Alors ca avance bb?,legitime,personnel,aucun,FR,corpus_recherche,2011-10,false,haute,,https://hdl.handle.net/11403/comere/cmr-88milsms,1046,test
sg-01048,Fais pas ton malin petit homme,legitime,personnel,aucun,FR,corpus_recherche,2011-11,false,haute,,https://hdl.handle.net/11403/comere/cmr-88milsms,1047,train
sg-01049,"Bonne nuit mon coeur. Je veux vraiment que tu ailles mieux, t'es quelqu'un d'extraordinaire et je supporte pas de voir que tu te fais encore plus de mal seule quand tu vas déjà pas bien",legitime,personnel,aucun,FR,corpus_recherche,2011-11,false,haute,,https://hdl.handle.net/11403/comere/cmr-88milsms,1048,train
sg-01050,Non mais avant !,legitime,personnel,aucun,FR,corpus_recherche,2011-11,false,haute,,https://hdl.handle.net/11403/comere/cmr-88milsms,1049,train
sg-01051,"(Là normalement, tu réponds ""Quoi donc jeune sacripant?"" )",legitime,personnel,aucun,FR,corpus_recherche,2011-10,false,haute,,https://hdl.handle.net/11403/comere/cmr-88milsms,1050,train
sg-01052,J c pa hier il été dan la poche av l T shirt,legitime,personnel,aucun,FR,corpus_recherche,2011-10,false,haute,,https://hdl.handle.net/11403/comere/cmr-88milsms,1051,train
sg-01053,T'as taffé j'espère mme la sportive!,legitime,personnel,aucun,FR,corpus_recherche,2011-10,false,haute,,https://hdl.handle.net/11403/comere/cmr-88milsms,1052,train
sg-01054,Tu finis a quelle heure ce midi?!,legitime,personnel,aucun,FR,corpus_recherche,2011-11,false,haute,,https://hdl.handle.net/11403/comere/cmr-88milsms,1053,train
sg-01055,C bizarres de faire ^^,legitime,personnel,aucun,FR,corpus_recherche,2011-09,false,haute,,https://hdl.handle.net/11403/comere/cmr-88milsms,1054,test
sg-01056,T'as vu ya les notes de tp ato:-) j'ai eu 16 je suis contente j'espère que ca me permettra d'avoir la moyenne. Et toi?,legitime,personnel,aucun,FR,corpus_recherche,2011-09,false,haute,,https://hdl.handle.net/11403/comere/cmr-88milsms,1055,train
sg-01057,Ok ! Le mail servira a rien,legitime,personnel,aucun,FR,corpus_recherche,2011-09,false,haute,,https://hdl.handle.net/11403/comere/cmr-88milsms,1056,test
sg-01058,Pardon ?????? Bon.,legitime,personnel,aucun,FR,corpus_recherche,2011-11,false,haute,,https://hdl.handle.net/11403/comere/cmr-88milsms,1057,train
sg-01059,Pourquoi tu te permets pas d'aller bien?!,legitime,personnel,aucun,FR,corpus_recherche,2011-10,false,haute,,https://hdl.handle.net/11403/comere/cmr-88milsms,1058,train
sg-01060,Ouep. J'ai droit d'ouvrir ?,legitime,personnel,aucun,FR,corpus_recherche,2011-11,false,haute,,https://hdl.handle.net/11403/comere/cmr-88milsms,1059,train
sg-01061,Càd ? Ils sont partis ? Et <NOM>,legitime,personnel,aucun,FR,corpus_recherche,2011-10,false,haute,,https://hdl.handle.net/11403/comere/cmr-88milsms,1060,train
sg-01062,j'aime nos grandes conversations sur le sens de la vie!,legitime,personnel,aucun,FR,corpus_recherche,2011-10,false,haute,,https://hdl.handle.net/11403/comere/cmr-88milsms,1061,train
sg-01063,"Tjs à occitanie. Enfin entre 'chateau d'ø' et 'occitanie'.. La résidence, pas celle avec un peu de bois sur les terrasses, mais celles toute en métal. Tu te rappelles ?",legitime,personnel,aucun,FR,corpus_recherche,2011-11,false,haute,,https://hdl.handle.net/11403/comere/cmr-88milsms,1062,test
sg-01064,Oui mon coeur!! Je t'ai pas repondu parce que ca allait te reprendre des sous... tout va bien? <3 <3,legitime,personnel,aucun,FR,corpus_recherche,2011-11,false,haute,,https://hdl.handle.net/11403/comere/cmr-88milsms,1063,train
sg-01065,Je vais attendre l'amour de mes reves encore un peu et ensuite je vais travailler mes cours je pense^^,legitime,personnel,aucun,FR,corpus_recherche,2011-12,false,haute,,https://hdl.handle.net/11403/comere/cmr-88milsms,1064,train
sg-01066,Depuis quand :o c'est pas normal sa Chu pas daccord ! XD franchement bien foutu jtrouve.,legitime,personnel,aucun,FR,corpus_recherche,2011-10,false,haute,,https://hdl.handle.net/11403/comere/cmr-88milsms,1065,test
sg-01067,ça doit être pathologique à ce niveau...,legitime,personnel,aucun,FR,corpus_recherche,2011-10,false,haute,,https://hdl.handle.net/11403/comere/cmr-88milsms,1066,train
sg-01068,T'as chante l'opera? t'as fais cha cha cha?,legitime,personnel,aucun,FR,corpus_recherche,2011-11,false,haute,,https://hdl.handle.net/11403/comere/cmr-88milsms,1067,train
sg-01069,ça peut etre un sans viande par exemple,legitime,personnel,aucun,FR,corpus_recherche,2011-12,false,haute,,https://hdl.handle.net/11403/comere/cmr-88milsms,1068,train
sg-01070,<NOM> est a maintenon et <NOM> et <NOM> il reponde pas sniiiiiif lol Nan mais comme ca je vais travailler;),legitime,personnel,aucun,FR,corpus_recherche,2011-10,false,haute,,https://hdl.handle.net/11403/comere/cmr-88milsms,1069,test
sg-01071,Ha bon Beh ke viens de demander à <NOM> elle ma dit non ...,legitime,personnel,aucun,FR,corpus_recherche,2011-12,false,haute,,https://hdl.handle.net/11403/comere/cmr-88milsms,1070,train
sg-01072,Un type avec des soucis,legitime,personnel,aucun,FR,corpus_recherche,2011-09,false,haute,,https://hdl.handle.net/11403/comere/cmr-88milsms,1071,train
sg-01073,Ouai mais moi jme leve a 6h30 meme le week end pck ya la rugby world cup !,legitime,personnel,aucun,FR,corpus_recherche,2011-09,false,haute,,https://hdl.handle.net/11403/comere/cmr-88milsms,1072,train
sg-01074,Je sors de chez le kiné. Du coup tu veux plus y aller ou tu veux faire quoi ? Tu dois repasser a la maison en plus j'imagine ?,legitime,personnel,aucun,FR,corpus_recherche,2011-10,false,haute,,https://hdl.handle.net/11403/comere/cmr-88milsms,1073,test
sg-01075,Viens en boite lundi !! Avec <NOM> si tveux :) <NOM> <3,legitime,personnel,aucun,FR,corpus_recherche,2011-10,false,haute,,https://hdl.handle.net/11403/comere/cmr-88milsms,1074,train
sg-01076,Envoy moi un sms dès que t'arrive au parking ;),legitime,personnel,aucun,FR,corpus_recherche,2011-09,false,haute,,https://hdl.handle.net/11403/comere/cmr-88milsms,1075,train
sg-01077,Ca devient stressant ...,legitime,personnel,aucun,FR,corpus_recherche,2011-11,false,haute,,https://hdl.handle.net/11403/comere/cmr-88milsms,1076,train
sg-01078,De rien :) toujours la pour rendre service ;),legitime,personnel,aucun,FR,corpus_recherche,2011-11,false,haute,,https://hdl.handle.net/11403/comere/cmr-88milsms,1077,train
sg-01079,Ouaisss. Mais y avait rien a pardonner,legitime,personnel,aucun,FR,corpus_recherche,2011-10,false,haute,,https://hdl.handle.net/11403/comere/cmr-88milsms,1078,train
sg-01080,"Eh d'abord moi je viens en pseudo vampire. Pseudo parce que j'vais juste m'habiller en noir :P mais c'est toujours mieux qu'un ""marin sexy"" comme <NOM> :D",legitime,personnel,aucun,FR,corpus_recherche,2011-10,false,haute,,https://hdl.handle.net/11403/comere/cmr-88milsms,1079,train
sg-01081,Lol c'est bizarre paske tu me l'avais envoyé^^ pas grave. Poutou Poutou:-),legitime,personnel,aucun,FR,corpus_recherche,2011-09,false,haute,,https://hdl.handle.net/11403/comere/cmr-88milsms,1080,train
sg-01082,"Oui ça va, enfin c'était bref, j'suis resté une heure. Après j'ai rejoins <NOM> elle ezst allé chez moi et a essayé ma jupe pr une soirée. Et <NOM> est arrivé on a commencé à parler du projet et voilà",legitime,personnel,aucun,FR,corpus_recherche,2011-11,false,haute,,https://hdl.handle.net/11403/comere/cmr-88milsms,1081,train
sg-01083,J'arrive a pile,legitime,personnel,aucun,FR,corpus_recherche,2011-12,false,haute,,https://hdl.handle.net/11403/comere/cmr-88milsms,1082,train
sg-01084,"C'est vrai. ^^ Mais physiquement, c'est pas dur.",legitime,personnel,aucun,FR,corpus_recherche,2011-09,false,haute,,https://hdl.handle.net/11403/comere/cmr-88milsms,1083,train
sg-01085,Bonjour ma cherie allez bon courage et bonne reprise gros bisous,legitime,personnel,aucun,FR,corpus_recherche,2011-09,false,haute,,https://hdl.handle.net/11403/comere/cmr-88milsms,1084,train
sg-01086,Tu sais c'est pas la peine de repondre comme ca :),legitime,personnel,aucun,FR,corpus_recherche,2011-10,false,haute,,https://hdl.handle.net/11403/comere/cmr-88milsms,1085,train
sg-01087,"Oui ! J'ai réussi pour la recurence du 1, je te montrerais mercredi",legitime,personnel,aucun,FR,corpus_recherche,2011-10,false,haute,,https://hdl.handle.net/11403/comere/cmr-88milsms,1086,train
sg-01088,Haha jsuis forte :p,legitime,personnel,aucun,FR,corpus_recherche,2011-11,false,haute,,https://hdl.handle.net/11403/comere/cmr-88milsms,1087,test
sg-01089,Vous êtes trop belles !,legitime,personnel,aucun,FR,corpus_recherche,2011-11,false,haute,,https://hdl.handle.net/11403/comere/cmr-88milsms,1088,test
sg-01090,Joyeux anniversaire a toi <NOM> :) !!!,legitime,personnel,aucun,FR,corpus_recherche,2011-10,false,haute,,https://hdl.handle.net/11403/comere/cmr-88milsms,1089,train
sg-01091,"""Face à l'augmentation de la fréquentation des lieux, poussant meme les gens a devoir attendre leur rendez vous debout, le pôle emploi de la Madeleine à décidé de reagir en ... achetant des chaises.""",legitime,personnel,aucun,FR,corpus_recherche,2011-11,false,haute,,https://hdl.handle.net/11403/comere/cmr-88milsms,1090,train
sg-01092,Juste pour savoir^^ merci ;),legitime,personnel,aucun,FR,corpus_recherche,2011-09,false,haute,,https://hdl.handle.net/11403/comere/cmr-88milsms,1091,test
sg-01093,Tu n'es pas au bout de tes peines en effet..^^' elle a fait une belle percée en l'espace d'une semaine quand meme...,legitime,personnel,aucun,FR,corpus_recherche,2011-10,false,haute,,https://hdl.handle.net/11403/comere/cmr-88milsms,1092,train
sg-01094,"Jadore quand tu me hais, ca me fait maimer encore plus x)",legitime,personnel,aucun,FR,corpus_recherche,2011-09,false,haute,,https://hdl.handle.net/11403/comere/cmr-88milsms,1093,train
sg-01095,<NOM> CA FAIT MILE FOI QUE JE TE LE DIS,legitime,personnel,aucun,FR,corpus_recherche,2011-09,false,haute,,https://hdl.handle.net/11403/comere/cmr-88milsms,1094,test
sg-01096,Merci c'est vraiment super gentil t'es adorable,legitime,personnel,aucun,FR,corpus_recherche,2011-10,false,haute,,https://hdl.handle.net/11403/comere/cmr-88milsms,1095,train
sg-01097,Hey chica hace un rato que no vienes. Espero que estes bien..?,legitime,personnel,aucun,FR,corpus_recherche,2011-10,false,haute,,https://hdl.handle.net/11403/comere/cmr-88milsms,1096,train
sg-01098,Mais t es courageux dis donc :) <NOM> <NOM> demande si <NOM> va bien?! :p,legitime,personnel,aucun,FR,corpus_recherche,2011-11,false,haute,,https://hdl.handle.net/11403/comere/cmr-88milsms,1097,train
sg-01099,Bon bein le chien de mon cousin est mort...,legitime,personnel,aucun,FR,corpus_recherche,2011-10,false,haute,,https://hdl.handle.net/11403/comere/cmr-88milsms,1098,train
sg-01100,Ah oui ok eeuh pour moi le chap 3 c'est société et culture depuis 45 donc ca y est en faite lol,legitime,personnel,aucun,FR,corpus_recherche,2011-10,false,haute,,https://hdl.handle.net/11403/comere/cmr-88milsms,1099,train
sg-01101,Ah merde je sais pas comment je vais faire Cpg je vais trouver lol,legitime,personnel,aucun,FR,corpus_recherche,2011-12,false,haute,,https://hdl.handle.net/11403/comere/cmr-88milsms,1100,train
sg-01102,Nous étions à une exposition sur les jouets. Y'avait Martin le pêcheur !!!,legitime,personnel,aucun,FR,corpus_recherche,2011-10,false,haute,,https://hdl.handle.net/11403/comere/cmr-88milsms,1101,train
sg-01103,"Le pomme d'api de Dodo est arrivé chez nous (???)...bizarre. En tout cas, c'est very nice et le papa de ce petit relou de Petit Ours Brun fait la cuisine. Bisous",legitime,personnel,aucun,FR,corpus_recherche,2011-09,false,haute,,https://hdl.handle.net/11403/comere/cmr-88milsms,1102,test
sg-01104,"Wesh ma poul, devine quoi! Le week end d'integration de la fac d'eco a eu lieu ce week end, et il était.... Ä AUNAT!!! fou non?",legitime,personnel,aucun,FR,corpus_recherche,2011-10,false,haute,,https://hdl.handle.net/11403/comere/cmr-88milsms,1103,train
sg-01105,J'ai pété mon rétro droit ce matin! Je suis vraiment un con!,legitime,personnel,aucun,FR,corpus_recherche,2011-09,false,haute,,https://hdl.handle.net/11403/comere/cmr-88milsms,1104,test
sg-01106,tu arrives a 13h ? Tu t'es trompé je crois ! J'ai un trou de 11h a 15h mais j'dois etre a 12h45 a la fac,legitime,personnel,aucun,FR,corpus_recherche,2011-10,false,haute,,https://hdl.handle.net/11403/comere/cmr-88milsms,1105,train
sg-01107,"Oui, c'est ce que je disais à <NOM>, déjà 4mois...!! Tant pis pour <NOM> mais c'est peut-être mieux alors... Ça va lui faire bizarre ! Il a du s'y habituer comme il faut à chez vous et surtout à vous !",legitime,personnel,aucun,FR,corpus_recherche,2011-09,false,haute,,https://hdl.handle.net/11403/comere/cmr-88milsms,1106,train
sg-01108,"Ca marche ! Je peux attendre 23h20 en mode pyjama ! Je finis a 19h15 mais je vais aller au sport donc ca le fait :) retour de gossip girl aussi ! Ca en fait avec how i met, desperate, dexter, gossip girl et californication qu'il faut voir aussi",legitime,personnel,aucun,FR,corpus_recherche,2011-09,false,haute,,https://hdl.handle.net/11403/comere/cmr-88milsms,1107,train
sg-01109,"Mdr jme disais, sa sent bon le cochon :) lol Oui moi ça va :P mdr tu va sortir ?",legitime,personnel,aucun,FR,corpus_recherche,2011-11,false,haute,,https://hdl.handle.net/11403/comere/cmr-88milsms,1108,train
sg-01110,Et alors?! Tu veux plus boire un verre?,legitime,personnel,aucun,FR,corpus_recherche,2011-10,false,haute,,https://hdl.handle.net/11403/comere/cmr-88milsms,1109,test
sg-01111,"Coucou ! Scuze moi pr hier, ma pote est venue me chercher en avance et du coup jai oublié mon tel. Jreviens ds 15jrs pr presque 1 mois alr jspr kon aura ltemps dse voir :-D. Bsx",legitime,personnel,aucun,FR,corpus_recherche,2011-11,false,haute,,https://hdl.handle.net/11403/comere/cmr-88milsms,1110,train
sg-01112,Je vais dormir. Envoi moi d msg quand meme. Tu m à dit Bonne nuit au phone? Je t'aime,legitime,personnel,aucun,FR,corpus_recherche,2011-10,false,haute,,https://hdl.handle.net/11403/comere/cmr-88milsms,1111,train
sg-01113,J'ai pas trp free ce que t'as free :p,legitime,personnel,aucun,FR,corpus_recherche,2011-10,false,haute,,https://hdl.handle.net/11403/comere/cmr-88milsms,1112,test
sg-01114,Je vais m sentir mal :'( Je t'aime,legitime,personnel,aucun,FR,corpus_recherche,2011-10,false,haute,,https://hdl.handle.net/11403/comere/cmr-88milsms,1113,test
sg-01115,Faut que tu fasses gouter a t parents !!!!,legitime,personnel,aucun,FR,corpus_recherche,2011-09,false,haute,,https://hdl.handle.net/11403/comere/cmr-88milsms,1114,train
sg-01116,Ben je m en fou,legitime,personnel,aucun,FR,corpus_recherche,2011-09,false,haute,,https://hdl.handle.net/11403/comere/cmr-88milsms,1115,train
sg-01117,"J'ai une fucking veste d'hiver et j'ai les fesses en phase de congélation avancée! Jsuis en train d'aller chez <NOM> là, on a reservé une table dans un bar sympa! On devrait etre une dizaine, ca va etre cool :). Toi tu fais quoi? :)",legitime,personnel,aucun,FR,corpus_recherche,2011-10,false,haute,,https://hdl.handle.net/11403/comere/cmr-88milsms,1116,train
sg-01118,Ben sur. Un exos de math sa a foirer y compter 6 pt ... Mais en espa ca c'est plutot bien passer,legitime,personnel,aucun,FR,corpus_recherche,2011-09,false,haute,,https://hdl.handle.net/11403/comere/cmr-88milsms,1117,train
sg-01119,VACAAAAANCES :D :D :D :D,legitime,personnel,aucun,FR,corpus_recherche,2011-10,false,haute,,https://hdl.handle.net/11403/comere/cmr-88milsms,1118,train
sg-01120,Info transmise à <NOM>.,legitime,personnel,aucun,FR,corpus_recherche,2011-09,false,haute,,https://hdl.handle.net/11403/comere/cmr-88milsms,1119,train
sg-01121,"Tu fais rechercher un cours, c'est dans l'espace pédagogique",legitime,personnel,aucun,FR,corpus_recherche,2011-11,false,haute,,https://hdl.handle.net/11403/comere/cmr-88milsms,1120,train
sg-01122,Mdr bah de rien :) merci pour le gateau lol la prochaine fois c'est au tour du cheese :D,legitime,personnel,aucun,FR,corpus_recherche,2011-11,false,haute,,https://hdl.handle.net/11403/comere/cmr-88milsms,1121,train
sg-01123,Depuis quand TU decides si JE te fais chier ou non :p,legitime,personnel,aucun,FR,corpus_recherche,2011-11,false,haute,,https://hdl.handle.net/11403/comere/cmr-88milsms,1122,train
sg-01124,"Mdr, on est pas freres et soeurs pour rien! Fajitas c'est tout de meme une bonne idee! Mais faudra tester un jour quand meme :)",legitime,personnel,aucun,FR,corpus_recherche,2011-10,false,haute,,https://hdl.handle.net/11403/comere/cmr-88milsms,1123,train
sg-01125,Ohhh. Je vois pas exactement qui c'est. Putaiinn c'est un ouf. C'est styléeee. Quand est ce qu'il monte en France,legitime,personnel,aucun,FR,corpus_recherche,2011-12,false,haute,,https://hdl.handle.net/11403/comere/cmr-88milsms,1124,train
sg-01126,J'ai pas donner ton numéro a <NOM> pk ?,legitime,personnel,aucun,FR,corpus_recherche,2011-10,false,haute,,https://hdl.handle.net/11403/comere/cmr-88milsms,1125,train
sg-01127,Jariv cetei une blagu,legitime,personnel,aucun,FR,corpus_recherche,2011-12,false,haute,,https://hdl.handle.net/11403/comere/cmr-88milsms,1126,train
sg-01128,Hi hi ! Ben ouaiiii!,legitime,personnel,aucun,FR,corpus_recherche,2011-09,false,haute,,https://hdl.handle.net/11403/comere/cmr-88milsms,1127,train
sg-01129,"Il reste quelques places, les moins chers ce soir ou demain matin sont à 123 euros soit une semaine de ton boulot ! Ah ah ah !",legitime,personnel,aucun,FR,corpus_recherche,2011-09,false,haute,,https://hdl.handle.net/11403/comere/cmr-88milsms,1128,train
sg-01130,Oue cest pour ca que je te dis ca :-) en gros laime pad trop trop:-\,legitime,personnel,aucun,FR,corpus_recherche,2011-10,false,haute,,https://hdl.handle.net/11403/comere/cmr-88milsms,1129,train
sg-01131,*en pleine tragédie musicale*,legitime,personnel,aucun,FR,corpus_recherche,2011-09,false,haute,,https://hdl.handle.net/11403/comere/cmr-88milsms,1130,train
sg-01132,"Ah oui c drole, jolimont sa sa dit belmont en occitan! Bizx",legitime,personnel,aucun,FR,corpus_recherche,2011-10,false,haute,,https://hdl.handle.net/11403/comere/cmr-88milsms,1131,train
sg-01133,"Bon dsl jv au lit, on en reparle demain si tveux. Bonne nuit ;)",legitime,personnel,aucun,FR,corpus_recherche,2011-09,false,haute,,https://hdl.handle.net/11403/comere/cmr-88milsms,1132,train
sg-01134,Ahah je le savais ! :P moi retour du boulot xD,legitime,personnel,aucun,FR,corpus_recherche,2011-09,false,haute,,https://hdl.handle.net/11403/comere/cmr-88milsms,1133,train
sg-01135,<NOM> ? Elle a pas du te capter. Impossible,legitime,personnel,aucun,FR,corpus_recherche,2011-12,false,haute,,https://hdl.handle.net/11403/comere/cmr-88milsms,1134,train
sg-01136,Hahaha putin les calculs de malade! Mais trop!! Non elle l'a fait dans le coin ou je me trouvais,legitime,personnel,aucun,FR,corpus_recherche,2011-10,false,haute,,https://hdl.handle.net/11403/comere/cmr-88milsms,1135,train
sg-01137,Mais non t'inquiete,legitime,personnel,aucun,FR,corpus_recherche,2011-10,false,haute,,https://hdl.handle.net/11403/comere/cmr-88milsms,1136,train
sg-01138,Mdr' non Tkt c'est pas grave ^^ c'est pas comme si il était 8h du matin non plus ^^,legitime,personnel,aucun,FR,corpus_recherche,2011-10,false,haute,,https://hdl.handle.net/11403/comere/cmr-88milsms,1137,test
sg-01139,Ben non je veux pas changer va vision de lui.et Je sais pas ce qu'il t'as dis...,legitime,personnel,aucun,FR,corpus_recherche,2011-11,false,haute,,https://hdl.handle.net/11403/comere/cmr-88milsms,1138,train
sg-01140,"Et tu sais que j'ai la wii avec mario kart maintenant, et j'ai aussi pris guitar hero... Et devine quelle chanson on peut jouer..... !??",legitime,personnel,aucun,FR,corpus_recherche,2011-10,false,haute,,https://hdl.handle.net/11403/comere/cmr-88milsms,1139,train
sg-01141,Bonne journee mon amoureux :),legitime,personnel,aucun,FR,corpus_recherche,2011-11,false,haute,,https://hdl.handle.net/11403/comere/cmr-88milsms,1140,test
sg-01142,ça m'a gonflé ça servait trop à rien... c'était bien la séance?,legitime,personnel,aucun,FR,corpus_recherche,2011-10,false,haute,,https://hdl.handle.net/11403/comere/cmr-88milsms,1141,train
sg-01143,Demain avant l'anglais (de 14h à 15h30) on commencera la pmc avec <NOM> tu pourras venir ?,legitime,personnel,aucun,FR,corpus_recherche,2011-11,false,haute,,https://hdl.handle.net/11403/comere/cmr-88milsms,1142,train
sg-01144,Ouais juste le nez qui coule encore,legitime,personnel,aucun,FR,corpus_recherche,2011-10,false,haute,,https://hdl.handle.net/11403/comere/cmr-88milsms,1143,train
sg-01145,Ah; qu'est ce qu'ils t'ont fais?,legitime,personnel,aucun,FR,corpus_recherche,2011-09,false,haute,,https://hdl.handle.net/11403/comere/cmr-88milsms,1144,train
sg-01146,Faut que je trouve qq pour me ramener... Mais ca serait sympa ouais ;),legitime,personnel,aucun,FR,corpus_recherche,2011-10,false,haute,,https://hdl.handle.net/11403/comere/cmr-88milsms,1145,train
sg-01147,"On craint, stop.",legitime,personnel,aucun,FR,corpus_recherche,2011-10,false,haute,,https://hdl.handle.net/11403/comere/cmr-88milsms,1146,train
sg-01148,"Non mais tsais dit le au moin c'est fait , apres sa fait immature",legitime,personnel,aucun,FR,corpus_recherche,2011-09,false,haute,,https://hdl.handle.net/11403/comere/cmr-88milsms,1147,test
sg-01149,Gros bisous et bon petit dèj' !,legitime,personnel,aucun,FR,corpus_recherche,2011-09,false,haute,,https://hdl.handle.net/11403/comere/cmr-88milsms,1148,train
sg-01150,Mdrrrr je t'aime,legitime,personnel,aucun,FR,corpus_recherche,2011-09,false,haute,,https://hdl.handle.net/11403/comere/cmr-88milsms,1149,train
sg-01151,Ba ouai et twa?,legitime,personnel,aucun,FR,corpus_recherche,2011-10,false,haute,,https://hdl.handle.net/11403/comere/cmr-88milsms,1150,test
sg-01152,J'ai fini!!! :p,legitime,personnel,aucun,FR,corpus_recherche,2011-12,false,haute,,https://hdl.handle.net/11403/comere/cmr-88milsms,1151,test
sg-01153,C'etait une affaire ! 80 euros aller retour de lyon !,legitime,personnel,aucun,FR,corpus_recherche,2011-12,false,haute,,https://hdl.handle.net/11403/comere/cmr-88milsms,1152,train
sg-01154,Je viens de t'envoyer la photo ... Lol,legitime,personnel,aucun,FR,corpus_recherche,2011-09,false,haute,,https://hdl.handle.net/11403/comere/cmr-88milsms,1153,train
sg-01155,Enchanté <NOM> ^^,legitime,personnel,aucun,FR,corpus_recherche,2011-12,false,haute,,https://hdl.handle.net/11403/comere/cmr-88milsms,1154,train
sg-01156,Oui ça peut aller :) et toi pas trop dur ;),legitime,personnel,aucun,FR,corpus_recherche,2011-09,false,haute,,https://hdl.handle.net/11403/comere/cmr-88milsms,1155,test
sg-01157,Sinon je passe vite fait à l'appart pour récupérer et je te rejoins des que tu es â quai,legitime,personnel,aucun,FR,corpus_recherche,2011-09,false,haute,,https://hdl.handle.net/11403/comere/cmr-88milsms,1156,test
sg-01158,Oui enfin pas tt à fait préte mais...,legitime,personnel,aucun,FR,corpus_recherche,2011-11,false,haute,,https://hdl.handle.net/11403/comere/cmr-88milsms,1157,test
sg-01159,reposes toi bien copine...;-),legitime,personnel,aucun,FR,corpus_recherche,2011-10,false,haute,,https://hdl.handle.net/11403/comere/cmr-88milsms,1158,train
sg-01160,Tu fait encore un stage cette année ?,legitime,personnel,aucun,FR,corpus_recherche,2011-10,false,haute,,https://hdl.handle.net/11403/comere/cmr-88milsms,1159,train
sg-01161,Okiii :) tu me sauves la vie !,legitime,personnel,aucun,FR,corpus_recherche,2011-11,false,haute,,https://hdl.handle.net/11403/comere/cmr-88milsms,1160,train
sg-01162,Envoyé Bonjour c est <NOM> est ce que je pourrai passé demain matin vers 8h50 par la porte vitrée ?? Suis complètement coincé à plus dormir juste le chaud me soulage et aucun cachet ne me soulage <NOM> Reçu Oui,legitime,personnel,aucun,FR,corpus_recherche,2011-11,false,haute,,https://hdl.handle.net/11403/comere/cmr-88milsms,1161,test
sg-01163,Je pense à trouver un bouquin historique : histoire du havre et de l'estuaire de la seine,legitime,personnel,aucun,FR,corpus_recherche,2011-12,false,haute,,https://hdl.handle.net/11403/comere/cmr-88milsms,1162,train
sg-01164,"J'ai oubliée de tel a mami, dit a maman de me tel demain quand elle y sera sinon je vais zapper pr l'h",legitime,personnel,aucun,FR,corpus_recherche,2011-11,false,haute,,https://hdl.handle.net/11403/comere/cmr-88milsms,1163,train
sg-01165,Ben oui qu'est ce que tu crois!! Lol,legitime,personnel,aucun,FR,corpus_recherche,2011-12,false,haute,,https://hdl.handle.net/11403/comere/cmr-88milsms,1164,test
sg-01166,Tu dors pas j'espère ? Mdr,legitime,personnel,aucun,FR,corpus_recherche,2011-12,false,haute,,https://hdl.handle.net/11403/comere/cmr-88milsms,1165,train
sg-01167,"Je dors 6 heures par nuit, ça fait un peu chier.",legitime,personnel,aucun,FR,corpus_recherche,2011-11,false,haute,,https://hdl.handle.net/11403/comere/cmr-88milsms,1166,train
sg-01168,Eh dis tu déjeune où mercredi midi? Paske j'ai un entretien à levallois!,legitime,personnel,aucun,FR,corpus_recherche,2011-11,false,haute,,https://hdl.handle.net/11403/comere/cmr-88milsms,1167,train
sg-01169,:) merveilleux!,legitime,personnel,aucun,FR,corpus_recherche,2011-11,false,haute,,https://hdl.handle.net/11403/comere/cmr-88milsms,1168,train
sg-01170,"^^ je me fais trop chier :( comme il y a 3semaines, je suis chez mon pere et ça recommence :(",legitime,personnel,aucun,FR,corpus_recherche,2011-09,false,haute,,https://hdl.handle.net/11403/comere/cmr-88milsms,1169,train
sg-01171,Mouai bah sa ira pas plus vite ste fois si,legitime,personnel,aucun,FR,corpus_recherche,2011-09,false,haute,,https://hdl.handle.net/11403/comere/cmr-88milsms,1170,train
sg-01172,Surtout que la dernière fois elle est venue pour l'anniv de ma filleule et jsuis allé chez <NOM>...,legitime,personnel,aucun,FR,corpus_recherche,2011-10,false,haute,,https://hdl.handle.net/11403/comere/cmr-88milsms,1171,train
sg-01173,"Oui g bien u ton message, sauf que jv pas voir <NOM> de la semaine dc bon... Bref pas grave je me débrouille.",legitime,personnel,aucun,FR,corpus_recherche,2011-11,false,haute,,https://hdl.handle.net/11403/comere/cmr-88milsms,1172,train
sg-01174,Je prenais mon cours de guitare avec <NOM>.,legitime,personnel,aucun,FR,corpus_recherche,2011-09,false,haute,,https://hdl.handle.net/11403/comere/cmr-88milsms,1173,test
sg-01175,"Salut. Non c'est bon t'inquiètes, à moins que tu me retiennes je pourrais rentrer chez moi ;) on se retrouve vers 21h45 devant le ciné ? Bonne journée. Biz",legitime,personnel,aucun,FR,corpus_recherche,2011-11,false,haute,,https://hdl.handle.net/11403/comere/cmr-88milsms,1174,train
sg-01176,Yaaay il vient manger avc nous? La classe!!! :),legitime,personnel,aucun,FR,corpus_recherche,2011-10,false,haute,,https://hdl.handle.net/11403/comere/cmr-88milsms,1175,test
sg-01177,"Lu pr moi^^ Et ok pr la voiture,bravo :d Et pr mangé aussi^^",legitime,personnel,aucun,FR,corpus_recherche,2011-09,false,haute,,https://hdl.handle.net/11403/comere/cmr-88milsms,1176,train
sg-01178,mdrrrrr grave et gt deg car jvoulai y aller et en finde compte <NOM> a gueuler et t parti avc mdrrr,legitime,personnel,aucun,FR,corpus_recherche,2011-10,false,haute,,https://hdl.handle.net/11403/comere/cmr-88milsms,1177,train
sg-01179,oui mais t'en avais besoin tout le long?,legitime,personnel,aucun,FR,corpus_recherche,2011-11,false,haute,,https://hdl.handle.net/11403/comere/cmr-88milsms,1178,train
sg-01180,Et ben <NOM> elle ma raconter lalalalalere !,legitime,personnel,aucun,FR,corpus_recherche,2011-09,false,haute,,https://hdl.handle.net/11403/comere/cmr-88milsms,1179,train
sg-01181,"Vu que Borloo s'est dégonflé et va certainement retourner à droite, le second tour risque d'être encore fatal au centre à moins que Bayrou appelle à voter PS cette fois ci donc autant participer au choix du candidat ps et prouver à l'ump que les primaires c'est bien ! Même Fillon l'a admis :)",legitime,personnel,aucun,FR,corpus_recherche,2011-10,false,haute,,https://hdl.handle.net/11403/comere/cmr-88milsms,1180,train
sg-01182,Je viens de m'asseoir sur les marches. A toute,legitime,personnel,aucun,FR,corpus_recherche,2011-09,false,haute,,https://hdl.handle.net/11403/comere/cmr-88milsms,1181,test
sg-01183,Tu m'amènes pas les pains au chocolat ?!,legitime,personnel,aucun,FR,corpus_recherche,2011-11,false,haute,,https://hdl.handle.net/11403/comere/cmr-88milsms,1182,train
sg-01184,Ok on se tient o Ju et éclate toi bien au Kenya ! Bonne nuit bisous,legitime,personnel,aucun,FR,corpus_recherche,2011-09,false,haute,,https://hdl.handle.net/11403/comere/cmr-88milsms,1183,test
sg-01185,Oui oui pas de souci merci :D,legitime,personnel,aucun,FR,corpus_recherche,2011-12,false,haute,,https://hdl.handle.net/11403/comere/cmr-88milsms,1184,test
sg-01186,Jen ai marre de découper des lettres...,legitime,personnel,aucun,FR,corpus_recherche,2011-10,false,haute,,https://hdl.handle.net/11403/comere/cmr-88milsms,1185,train
sg-01187,Fais gaffe tu vas te prendre un coup de fouet dixit <NOM> :D,legitime,personnel,aucun,FR,corpus_recherche,2011-11,false,haute,,https://hdl.handle.net/11403/comere/cmr-88milsms,1186,train
sg-01188,Ouai mon gars! Ca roule!,legitime,personnel,aucun,FR,corpus_recherche,2011-11,false,haute,,https://hdl.handle.net/11403/comere/cmr-88milsms,1187,test
sg-01189,Oui ... Mais l'hôtesse garde un œil ! Il a l'habitude ... Il fait çà souvent ! Train ou avion ...,legitime,personnel,aucun,FR,corpus_recherche,2011-10,false,haute,,https://hdl.handle.net/11403/comere/cmr-88milsms,1188,train
sg-01190,Aufait jme demandé. Comment tu fais pour les diminutif de prenon...?,legitime,personnel,aucun,FR,corpus_recherche,2011-11,false,haute,,https://hdl.handle.net/11403/comere/cmr-88milsms,1189,train
sg-01191,Il dit que ca lui manquait :). Donc je suis happy!,legitime,personnel,aucun,FR,corpus_recherche,2011-10,false,haute,,https://hdl.handle.net/11403/comere/cmr-88milsms,1190,train
sg-01192,C bon tu p annule l esthéticienne à c soir,legitime,personnel,aucun,FR,corpus_recherche,2011-12,false,haute,,https://hdl.handle.net/11403/comere/cmr-88milsms,1191,train
sg-01193,Oh bon ça va c'est mignon alors,legitime,personnel,aucun,FR,corpus_recherche,2011-11,false,haute,,https://hdl.handle.net/11403/comere/cmr-88milsms,1192,train
sg-01194,Vous ave fini de regarder lefilm ou pas;),legitime,personnel,aucun,FR,corpus_recherche,2011-09,false,haute,,https://hdl.handle.net/11403/comere/cmr-88milsms,1193,train
sg-01195,"Du tout :/ normalement vers 21h je pense, j'espere !",legitime,personnel,aucun,FR,corpus_recherche,2011-10,false,haute,,https://hdl.handle.net/11403/comere/cmr-88milsms,1194,train
sg-01196,Sorti! Je vais chez <NOM> récupéré des photocopies et Je vais chez moi. Je t'aime,legitime,personnel,aucun,FR,corpus_recherche,2011-10,false,haute,,https://hdl.handle.net/11403/comere/cmr-88milsms,1195,train
sg-01197,<NOM> T'as trouvé super gentille :),legitime,personnel,aucun,FR,corpus_recherche,2011-10,false,haute,,https://hdl.handle.net/11403/comere/cmr-88milsms,1196,train
sg-01198,J'avais compris lol,legitime,personnel,aucun,FR,corpus_recherche,2011-11,false,haute,,https://hdl.handle.net/11403/comere/cmr-88milsms,1197,train
sg-01199,Ca marche. Tora un kdo un jour mais je te dis rien ca sera une surprise. Bon boulot.,legitime,personnel,aucun,FR,corpus_recherche,2011-11,false,haute,,https://hdl.handle.net/11403/comere/cmr-88milsms,1198,train
sg-01200,Ils l'ont déplacée ou la boîte aux lettres de rochebaron?!,legitime,personnel,aucun,FR,corpus_recherche,2011-09,false,haute,,https://hdl.handle.net/11403/comere/cmr-88milsms,1199,train
sg-01201,Le ver solitaire ?,legitime,personnel,aucun,FR,corpus_recherche,2011-09,false,haute,,https://hdl.handle.net/11403/comere/cmr-88milsms,1200,train
sg-01202,Oui oui !!! Bien sur !!!,legitime,personnel,aucun,FR,corpus_recherche,2011-11,false,haute,,https://hdl.handle.net/11403/comere/cmr-88milsms,1201,train
sg-01203,"J'ai le coeur qui va vite, je suis assoifée et j'ai troooop chaud",legitime,personnel,aucun,FR,corpus_recherche,2011-10,false,haute,,https://hdl.handle.net/11403/comere/cmr-88milsms,1202,train
sg-01204,"Mouai, ms ca sera les premiers jours de la foire ET le week-end alors... On verra!^^",legitime,personnel,aucun,FR,corpus_recherche,2011-10,false,haute,,https://hdl.handle.net/11403/comere/cmr-88milsms,1203,test
sg-01205,D'accord. J'comprends.,legitime,personnel,aucun,FR,corpus_recherche,2011-10,false,haute,,https://hdl.handle.net/11403/comere/cmr-88milsms,1204,train
sg-01206,Alors le match?,legitime,personnel,aucun,FR,corpus_recherche,2011-10,false,haute,,https://hdl.handle.net/11403/comere/cmr-88milsms,1205,train
sg-01207,Ok et en sport au college ca ete ?,legitime,personnel,aucun,FR,corpus_recherche,2011-11,false,haute,,https://hdl.handle.net/11403/comere/cmr-88milsms,1206,test
sg-01208,WAVE: Félicitations! Vous êtes bénéficiaire d'un cadeau de 37 000 FCFA. Recevez-le en remplissant le formulaire: hxxps://wave-cadeau-ci[.]online,arnaque,phishing_lien,wave,CI,autorite,2026-09,true,haute,ci-2026-09-wave-cadeau,https://www.aip.ci/cote-divoire-aip-cybercriminalite-la-plcc-demantele-un-reseau-darnaque-aux-faux-cadeaux-mobile-money/,1207,train
sg-01209,Cadeau Wave 🎁 37.000F offert aux clients fidèles. Entrez votre numéro et votre code secret ici pour valider: hxxp://wave-bonus[.]xyz/ci,arnaque,phishing_lien,wave,CI,autorite,2026-09,true,haute,ci-2026-09-wave-cadeau,https://www.aip.ci/cote-divoire-aip-cybercriminalite-la-plcc-demantele-un-reseau-darnaque-aux-faux-cadeaux-mobile-money/,1207,train
sg-01210,"Bonjour, Wave Côte d'Ivoire vous offre 37000 F pour fêter ses clients. Cliquez vite avant ce soir: bit[.]ly/cadeau-wave-ci",arnaque,phishing_lien,wave,CI,autorite,2026-09,true,haute,ci-2026-09-wave-cadeau,https://www.aip.ci/cote-divoire-aip-cybercriminalite-la-plcc-demantele-un-reseau-darnaque-aux-faux-cadeaux-mobile-money/,1207,train
sg-01211,Vous avez un cadeau Wave de 37 000 FCFA en attente. Confirmez votre compte (numéro + code) pour le recevoir: hxxps://cadeau-wave[.]site,arnaque,phishing_lien,wave,CI,autorite,2026-09,true,haute,ci-2026-09-wave-cadeau,https://www.aip.ci/cote-divoire-aip-cybercriminalite-la-plcc-demantele-un-reseau-darnaque-aux-faux-cadeaux-mobile-money/,1207,train
sg-01212,Offre spéciale Mobile Money: recevez 50 000 F de bonus en installant notre application. Téléchargez ici: hxxp://mobilemoney-bonus[.]top/app.apk,arnaque,phishing_lien,aucun,CI,autorite,2026-08,true,haute,ci-2026-08-lien-apk,https://www.koaci.com/article/2026/08/08/cote-divoire/societe/cote-divoire-larnaque-au-mobile-money-par-liens-frauduleux-se-repand-actuellement-ce-quil-faut-faire-pour-eviter-de-tomber-dans-le-piege_199362.html,1208,train
sg-01213,Profitez de 10Go + 25 000 F offerts! Installez l'appli Mobile Money Plus: hxxps://mm-plus-ci[.]xyz/telecharger,arnaque,phishing_lien,aucun,CI,autorite,2026-08,true,haute,ci-2026-08-lien-apk,https://www.koaci.com/article/2026/08/08/cote-divoire/societe/cote-divoire-larnaque-au-mobile-money-par-liens-frauduleux-se-repand-actuellement-ce-quil-faut-faire-pour-eviter-de-tomber-dans-le-piege_199362.html,1208,train
sg-01214,Nouvelle application officielle pour vos transferts sans frais. Télécharge l'APK ici et active ton compte: hxxp://transfert-gratuit[.]click/apk,arnaque,phishing_lien,aucun,CI,autorite,2026-08,true,haute,ci-2026-08-lien-apk,https://www.koaci.com/article/2026/08/08/cote-divoire/societe/cote-divoire-larnaque-au-mobile-money-par-liens-frauduleux-se-repand-actuellement-ce-quil-faut-faire-pour-eviter-de-tomber-dans-le-piege_199362.html,1208,train
sg-01215,Bonus fidélité 2026 disponible. Installez l'application et entrez votre code pour recevoir votre prime: hxxps://prime-mobile[.]online/app.apk,arnaque,phishing_lien,aucun,CI,autorite,2026-08,true,haute,ci-2026-08-lien-apk,https://www.koaci.com/article/2026/08/08/cote-divoire/societe/cote-divoire-larnaque-au-mobile-money-par-liens-frauduleux-se-repand-actuellement-ce-quil-faut-faire-pour-eviter-de-tomber-dans-le-piege_199362.html,1208,train
sg-01216,Service client Wave: une anomalie a été détectée sur votre compte. Rappelez notre agent au <TEL> pour éviter le blocage de votre portefeuille.,arnaque,usurpation_operateur,wave,CI,autorite,2026-04,true,haute,ci-2026-04-faux-agent-wave,https://www.aip.ci/353937/cote-divoire-aip-la-police-de-san-pedro-met-en-garde-contre-la-recrudescence-des-arnaques-au-mobile-money/,1209,train
sg-01217,"WAVE CI: Bonjour, votre compte doit être vérifié aujourd'hui. Notre agent va vous appeler, suivez ses instructions et confirmez le code reçu.",arnaque,usurpation_operateur,wave,CI,autorite,2026-04,true,haute,ci-2026-04-faux-agent-wave,https://www.aip.ci/353937/cote-divoire-aip-la-police-de-san-pedro-met-en-garde-contre-la-recrudescence-des-arnaques-au-mobile-money/,1209,train
sg-01218,Bonjour c'est le service Wave. Votre solde est temporairement gelé. Appelez vite le <TEL> pour le libérer.,arnaque,usurpation_operateur,wave,CI,autorite,2026-04,true,haute,ci-2026-04-faux-agent-wave,https://www.aip.ci/353937/cote-divoire-aip-la-police-de-san-pedro-met-en-garde-contre-la-recrudescence-des-arnaques-au-mobile-money/,1209,train
sg-01219,"Agent Orange Money: suite à une mise à jour, votre compte sera suspendu. Composez #144# puis le code que je vous donne pour le réactiver.",arnaque,usurpation_operateur,orange,CI,operateur,,true,haute,ci-orange-faux-agent,https://www.orange.ci/fr/assistance-stop-arnaques-orange-money.html,1210,train
sg-01220,"Bonjour, ici Orange Côte d'Ivoire. Pour sécuriser votre compte Orange Money, communiquez-nous le code à 4 chiffres que vous allez recevoir.",arnaque,usurpation_operateur,orange,CI,operateur,,true,haute,ci-orange-faux-agent,https://www.orange.ci/fr/assistance-stop-arnaques-orange-money.html,1210,train
sg-01221,Orange Money: votre compte présente une anomalie. Rappelez le service technique au <TEL> avant 18h.,arnaque,usurpation_operateur,orange,CI,operateur,,true,haute,ci-orange-faux-agent,https://www.orange.ci/fr/assistance-stop-arnaques-orange-money.html,1210,train
sg-01222,"Bonsoir, je suis en difficulté à l'hôpital avec mon enfant, aidez-moi avec 10 000 F sur ce numéro, Dieu vous le rendra",arnaque,autre_arnaque,aucun,CI,operateur,,true,haute,ci-orange-demande-aide,https://www.orange.ci/fr/assistance-stop-arnaques-orange-money.html,1211,train
sg-01223,"Pardon frère, je suis bloqué à la gare d'Adjamé sans argent, fais-moi un dépôt de 5000 sur ce numéro je te rembourse demain",arnaque,autre_arnaque,aucun,CI,operateur,,true,haute,ci-orange-demande-aide,https://www.orange.ci/fr/assistance-stop-arnaques-orange-money.html,1211,train
sg-01224,"Bonjour madame, je vous écris de la part de votre cousin, il a un souci et demande que vous envoyiez 25 000 F sur ce numéro",arnaque,autre_arnaque,aucun,CI,operateur,,true,haute,ci-orange-demande-aide,https://www.orange.ci/fr/assistance-stop-arnaques-orange-money.html,1211,train
sg-01225,"Bonjour, j'ai fait un dépôt de 30 000 F sur votre compte par erreur. Vérifiez votre solde et renvoyez-moi ça svp, c'est l'argent de ma marchandise",arnaque,faux_transfert,aucun,CI,presse,,true,haute,ci-depot-par-erreur,https://cybersecuritymag.africa/mobile-money-et-vacances-la-saison-des-arnaques/,1212,train
sg-01226,"Mon frère, 50 000 sont partis chez toi par erreur. Consulte ton solde et fais le retrait pour me renvoyer, je t'appelle",arnaque,faux_transfert,aucun,CI,presse,,true,haute,ci-depot-par-erreur,https://cybersecuritymag.africa/mobile-money-et-vacances-la-saison-des-arnaques/,1212,train
sg-01227,"Orange Money: Vous avez reçu 45 000 FCFA. Solde: 45 600 FCFA. Message de l'expéditeur: erreur de numéro, merci de renvoyer au <TEL>",arnaque,faux_transfert,aucun,CI,presse,,true,haute,ci-depot-par-erreur,https://cybersecuritymag.africa/mobile-money-et-vacances-la-saison-des-arnaques/,1212,train
sg-01228,"Pardon tantie, le dépôt de 20 000 que j'ai fait c'était pas pour toi. Vérifie et renvoie vite, je suis dans le bus",arnaque,faux_transfert,aucun,CI,presse,,true,haute,ci-depot-par-erreur,https://cybersecuritymag.africa/mobile-money-et-vacances-la-saison-des-arnaques/,1212,train
sg-01229,"Recrutement Aéroport FHB: 386 postes de stagiaires (bagagistes, hôtesses, agents de billetterie). Niveau BEPC/BAC. Dépôt des dossiers à <EMAIL> avant le 22 mai.",arnaque,investissement_emploi,aucun,CI,presse,2026-05,true,haute,ci-2026-05-recrutement-aeroport,https://www.yessouan.ci/Recrutement-aeroport-Felix-Houphouet-Boigny-FHB-d-Abidjan-une-arnaque-circule-en-ligne-la-PLCC-saisie_a8074.html,1213,train
sg-01230,Bonne nouvelle! L'aéroport d'Abidjan recrute des hôtesses au sol et des agents de piste. Stage de 6 mois puis embauche. Envoie ton dossier à <EMAIL>,arnaque,investissement_emploi,aucun,CI,presse,2026-05,true,haute,ci-2026-05-recrutement-aeroport,https://www.yessouan.ci/Recrutement-aeroport-Felix-Houphouet-Boigny-FHB-d-Abidjan-une-arnaque-circule-en-ligne-la-PLCC-saisie_a8074.html,1213,train
sg-01231,"Offre de stage aéroport FHB: places limitées, envoyez CV et pièces à <EMAIL>. Les frais de traitement du dossier vous seront communiqués.",arnaque,investissement_emploi,aucun,CI,presse,2026-05,true,haute,ci-2026-05-recrutement-aeroport,https://www.yessouan.ci/Recrutement-aeroport-Felix-Houphouet-Boigny-FHB-d-Abidjan-une-arnaque-circule-en-ligne-la-PLCC-saisie_a8074.html,1213,train
sg-01232,"Recrutement direct Douanes, Impôts et Trésor 2026: inscriptions ouvertes. Contactez le coordonnateur au <TEL> pour réserver votre place.",arnaque,investissement_emploi,aucun,CI,autorite,2026-09,true,haute,ci-2026-09-recrutement-fonction-publique,https://www.yeclo.com/fonction-publique-cote-divoire-une-fausse-offre-de-recrutement-douanes-impots-tresor-denoncee/,1214,train
sg-01233,"Fonction publique: recrutement direct sans concours aux Douanes. Places limitées, frais de dossier 25 000 F par Mobile Money au <TEL>.",arnaque,investissement_emploi,aucun,CI,autorite,2026-09,true,haute,ci-2026-09-recrutement-fonction-publique,https://www.yeclo.com/fonction-publique-cote-divoire-une-fausse-offre-de-recrutement-douanes-impots-tresor-denoncee/,1214,train
sg-01234,Info: le Trésor recrute 500 agents sur dossier. Envoie ton nom et ta photo sur WhatsApp au <TEL> avant vendredi.,arnaque,investissement_emploi,aucun,CI,autorite,2026-09,true,haute,ci-2026-09-recrutement-fonction-publique,https://www.yeclo.com/fonction-publique-cote-divoire-une-fausse-offre-de-recrutement-douanes-impots-tresor-denoncee/,1214,train
sg-01235,Concours Eaux et Forêts 2026: je peux vous garantir l'admission. Envoyez 150 000 F par Orange Money au <TEL> pour réserver votre place.,arnaque,investissement_emploi,aucun,CI,autorite,2026-03,true,haute,ci-2026-03-concours-eaux-forets,https://www.kaweru.com/politique-societe/2026/03/23/cote-divoire-concours-des-eaux-et-forets-le-ministere-alerte-sur-des-arnaques-en-ligne/,1215,train
sg-01236,"Bonjour, je suis administrateur aux Eaux et Forêts. Inscription spéciale au concours, paiement de 50 000 F par Wave à ce numéro.",arnaque,investissement_emploi,aucun,CI,autorite,2026-03,true,haute,ci-2026-03-concours-eaux-forets,https://www.kaweru.com/politique-societe/2026/03/23/cote-divoire-concours-des-eaux-et-forets-le-ministere-alerte-sur-des-arnaques-en-ligne/,1215,train
sg-01237,Concours Eaux et Forêts: dernier délai pour le paiement des frais d'inscription. Envoyez 20 000 F au <TEL> pour valider votre dossier.,arnaque,investissement_emploi,aucun,CI,autorite,2026-03,true,haute,ci-2026-03-concours-eaux-forets,https://www.kaweru.com/politique-societe/2026/03/23/cote-divoire-concours-des-eaux-et-forets-le-ministere-alerte-sur-des-arnaques-en-ligne/,1215,train
sg-01238,SUNPOWER: investissez dans les panneaux solaires et gagnez 3 000 F par jour. Dépôt minimum 10 000 F par Mobile Money. Gains rapides garantis!,arnaque,investissement_emploi,aucun,CI,autorite,2025-02,true,haute,ci-2025-02-sunpower,https://www.koaci.com/article/2025/02/17/cote-divoire/societe/cote-divoire-fin-de-parcours-pour-les-arnaqueurs-de-la-plateforme-sunpower-la-plcc-met-en-lumiere-lampleur-des-fraudes-en-ligne_184587.html,1216,train
sg-01239,Rejoins SUNPOWER: tu achètes un panneau à 25 000 F et tu reçois 15% chaque semaine. Invite tes amis pour des bonus.,arnaque,investissement_emploi,aucun,CI,autorite,2025-02,true,haute,ci-2025-02-sunpower,https://www.koaci.com/article/2025/02/17/cote-divoire/societe/cote-divoire-fin-de-parcours-pour-les-arnaqueurs-de-la-plateforme-sunpower-la-plcc-met-en-lumiere-lampleur-des-fraudes-en-ligne_184587.html,1216,train
sg-01240,"Placement solaire sans risque: 50 000 F investis = 150 000 F en un mois. Inscris-toi vite, dépôt par Wave ou Orange Money.",arnaque,investissement_emploi,aucun,CI,autorite,2025-02,true,haute,ci-2025-02-sunpower,https://www.koaci.com/article/2025/02/17/cote-divoire/societe/cote-divoire-fin-de-parcours-pour-les-arnaqueurs-de-la-plateforme-sunpower-la-plcc-met-en-lumiere-lampleur-des-fraudes-en-ligne_184587.html,1216,train
sg-01241,"Félicitations, votre compte SUNPOWER est activé. Faites votre premier dépôt pour commencer à recevoir vos gains quotidiens.",arnaque,investissement_emploi,aucun,CI,autorite,2025-02,true,haute,ci-2025-02-sunpower,https://www.koaci.com/article/2025/02/17/cote-divoire/societe/cote-divoire-fin-de-parcours-pour-les-arnaqueurs-de-la-plateforme-sunpower-la-plcc-met-en-lumiere-lampleur-des-fraudes-en-ligne_184587.html,1216,train
sg-01242,"PLCC: votre plainte a été enregistrée. Pour récupérer l'argent perdu, payez les frais de procédure de 15 000 F au <TEL>.",arnaque,autre_arnaque,aucun,CI,autorite,2022-02,true,haute,ci-2022-02-faux-plcc,https://www.koaci.com/article/2022/02/05/cote-divoire/societe/cote-divoire-il-cree-un-compte-denomme-plcc-pour-arnaquer-les-victimes-invitees-a-porter-plainte_157432.html,1217,train
sg-01243,Plateforme de Lutte Contre la Cybercriminalité: nous pouvons régler votre affaire rapidement. Envoyez 20 000 F pour l'ouverture du dossier.,arnaque,autre_arnaque,aucun,CI,autorite,2022-02,true,haute,ci-2022-02-faux-plcc,https://www.koaci.com/article/2022/02/05/cote-divoire/societe/cote-divoire-il-cree-un-compte-denomme-plcc-pour-arnaquer-les-victimes-invitees-a-porter-plainte_157432.html,1217,train
sg-01244,"Bonjour, je suis agent de la PLCC. Votre numéro est cité dans une affaire d'escroquerie. Payez l'amende de 50 000 F pour éviter des poursuites.",arnaque,autre_arnaque,aucun,CI,autorite,2022-02,true,haute,ci-2022-02-faux-plcc,https://www.koaci.com/article/2022/02/05/cote-divoire/societe/cote-divoire-il-cree-un-compte-denomme-plcc-pour-arnaquer-les-victimes-invitees-a-porter-plainte_157432.html,1217,train
sg-01245,Police de la circulation: vous avez une amende forfaitaire impayée. Réglez-la ici pour éviter une majoration: hxxps://amendes-sn[.]click,arnaque,phishing_lien,aucun,SN,autorite,2026-08,true,haute,sn-2026-08-fausses-amendes,https://fr.allafrica.com/stories/202608080106.html,1218,test
sg-01246,Avis de contravention: infraction constatée sur votre véhicule. Paiement en ligne avant 48h: hxxps://amendsc-sn[.]help/sn,arnaque,phishing_lien,aucun,SN,autorite,2026-08,true,haute,sn-2026-08-fausses-amendes,https://fr.allafrica.com/stories/202608080106.html,1218,test
sg-01247,Rappel: amende de circulation non payée. Payez maintenant sur hxxps://amendes-sn[.]click pour éviter la mise en fourrière.,arnaque,phishing_lien,aucun,SN,autorite,2026-08,true,haute,sn-2026-08-fausses-amendes,https://fr.allafrica.com/stories/202608080106.html,1218,test
sg-01248,Fonction publique: les inscriptions aux concours administratifs se font exclusivement sur www[.]fonctionpublique[.]gouv[.]ci. Aucun paiement à un particulier.,legitime,promo_operateur,aucun,CI,autorite,2026-09,true,haute,ci-officiel-fonction-publique,https://www.yeclo.com/fonction-publique-cote-divoire-une-fausse-offre-de-recrutement-douanes-impots-tresor-denoncee/,1219,train
sg-01249,Concours Eaux et Forêts 2026: inscriptions en ligne du 16 mars au 30 avril. Paiement des frais uniquement via TresorPay. Ignorez toute autre sollicitation.,legitime,promo_operateur,aucun,CI,autorite,2026-03,true,haute,ci-officiel-eaux-forets,https://www.kaweru.com/politique-societe/2026/03/23/cote-divoire-concours-des-eaux-et-forets-le-ministere-alerte-sur-des-arnaques-en-ligne/,1220,train
sg-01250,PLCC: le dépôt de plainte est gratuit. Ne payez jamais quelqu'un qui se présente comme agent de la PLCC.,legitime,promo_operateur,aucun,CI,autorite,2022-02,true,haute,ci-officiel-plcc,https://www.koaci.com/article/2022/02/05/cote-divoire/societe/cote-divoire-il-cree-un-compte-denomme-plcc-pour-arnaquer-les-victimes-invitees-a-porter-plainte_157432.html,1221,train
sg-01251,"Orange Money: si vous avez fait un transfert vers un mauvais numéro, demandez vous-même le gel du transfert via Max it ou #144*967#.",legitime,promo_operateur,orange,CI,operateur,,true,haute,ci-officiel-orange-erreur,https://www.orange.ci/fr/assistance-orange-money-erreur-de-transfert.html,1222,train
sg-01252,"Orange Money: ne communiquez jamais votre code secret ni le code OTP à 4 chiffres, même à un agent Orange.",legitime,promo_operateur,orange,CI,operateur,,true,haute,ci-officiel-orange-otp,https://www.orange.ci/fr/assistance-stop-arnaques-orange-money.html,1223,train
sg-01253,"Un paiement en retard de 35,00 € est enregistré dans votre dossier sous la référence n° <TEL>.",arnaque,autre_arnaque,aucun,FR,corpus_recherche,2023-03,false,moyenne,,https://github.com/reportsmishing/Smishing-Dataset-IMC25,1224,train
sg-01254,"NETFLIX : <NOM> dernier paiment a été rejeté, vous devez mettre à jour vos informations pour continuer d'utiliser nos services. <URL>",arnaque,phishing_lien,aucun,FR,corpus_recherche,2023-01,false,moyenne,,https://github.com/reportsmishing/Smishing-Dataset-IMC25,1225,train
sg-01255,Netflix : Le prélevement de votre facture a échoué. Veuillez mettre a jour vos informations sur notre site : <URL>,arnaque,phishing_lien,aucun,XX,corpus_recherche,2022-06,false,moyenne,,https://github.com/reportsmishing/Smishing-Dataset-IMC25,1226,train
sg-01256,"Assurance Maladie : Expiration de votre carte vitale, 4 mettre a jour impérativement.",arnaque,autre_arnaque,aucun,FR,corpus_recherche,2022-05,false,moyenne,,https://github.com/reportsmishing/Smishing-Dataset-IMC25,1227,train
sg-01257,"<NOM> Canadiens qui ont contracté le COVID, le programme prestation canadienne de maladie et de rétablissement vous offre 240$.",arnaque,autre_arnaque,aucun,CA,corpus_recherche,2022-03,false,moyenne,,https://github.com/reportsmishing/Smishing-Dataset-IMC25,1228,train
sg-01258,"Ton nouvelle carte vitale est disponible, veuillez remplir le formulaire pour continuer a etre couvert: bit[.]ly/2apv8c",arnaque,phishing_lien,aucun,FR,corpus_recherche,2022-02,false,moyenne,,https://github.com/reportsmishing/Smishing-Dataset-IMC25,1229,train
sg-01259,<NOM> a été envoyé. Veuillez le vérifier et le recevoir.,arnaque,phishing_lien,aucun,FR,corpus_recherche,,false,moyenne,,https://github.com/reportsmishing/Smishing-Dataset-IMC25,1230,train
sg-01260,<NOM>: <NOM> a rencontré un souci lors de son acheminement. Veuillez consulter le lien :,arnaque,phishing_lien,aucun,FR,corpus_recherche,,false,moyenne,,https://github.com/reportsmishing/Smishing-Dataset-IMC25,1231,train
sg-01261,"Votre solde CPF est arrivé a échéance. Veuillez remplir le formulaire ci-dessous sous 28/05, pour convertir vos droits acquis en 02/05",arnaque,autre_arnaque,aucun,FR,corpus_recherche,,false,moyenne,,https://github.com/reportsmishing/Smishing-Dataset-IMC25,1232,train
sg-01262,<NOM> solde C. P. F. a ete mis a jour ! Consultez votre solde et reclamez votre formation integralement financee.,arnaque,autre_arnaque,aucun,FR,corpus_recherche,,false,moyenne,,https://github.com/reportsmishing/Smishing-Dataset-IMC25,1233,train
sg-01263,Votre solde CPF a ete mis a jour ! Consultez votre solde et reclamez votre formation integralement financee.,arnaque,autre_arnaque,aucun,FR,corpus_recherche,,false,moyenne,,https://github.com/reportsmishing/Smishing-Dataset-IMC25,1234,train
sg-01264,Bonjour Afin de vérifier votre état civil veuillez joindre la copie recto verso de votre pièce d'identité et de votre permis de conduire le plus rapidement possible. <NOM>,arnaque,autre_arnaque,aucun,XX,corpus_recherche,,false,moyenne,,https://github.com/reportsmishing/Smishing-Dataset-IMC25,1235,train
sg-01265,Nous avons essayé de livrer votre colis mais il n’y a aucun affranchissement. Suivez les instructions ici :,arnaque,phishing_lien,aucun,XX,corpus_recherche,,false,moyenne,,https://github.com/reportsmishing/Smishing-Dataset-IMC25,1236,train
sg-01266,Info ANTAI : Vous avez un retard de paiement de 13500 €. Référence : 7035. <NOM> mon dossier d'infraction via : <URL>,arnaque,phishing_lien,aucun,XX,corpus_recherche,,false,moyenne,,https://github.com/reportsmishing/Smishing-Dataset-IMC25,1237,train
sg-01267,ASSURANCE MALADIE : Votre nouvelle carte vitale est disponible. <NOM>,arnaque,autre_arnaque,aucun,FR,corpus_recherche,,false,moyenne,,https://github.com/reportsmishing/Smishing-Dataset-IMC25,1238,train
sg-01268,Antai-Info : Vous avez une amende à régler. Veuillez vous acquité de celle ci avant majoration. Rendez-vous sur : <URL>,arnaque,phishing_lien,aucun,XX,corpus_recherche,,false,moyenne,,https://github.com/reportsmishing/Smishing-Dataset-IMC25,1239,train
sg-01269,Votre compte CIH MOBILE a été désactivé Veuillez mettre à jour vos coordonnées dans la prochaine 2h :,arnaque,usurpation_operateur,banque,XX,corpus_recherche,,false,moyenne,,https://github.com/reportsmishing/Smishing-Dataset-IMC25,1240,test
sg-01270,Boursorama : La synchronisation avec votre appareil de confiance est maintenant obligatoire. Veuillez effectuer les démarches nécessaires avant le 19/07. Rendez-vous sur :,arnaque,usurpation_operateur,banque,XX,corpus_recherche,,false,moyenne,,https://github.com/reportsmishing/Smishing-Dataset-IMC25,1241,train
sg-01271,Nos agents ont constaté que votre véhicule n'était pas muni de la vignette réglementaire Crit'Air 2023. Veuillez la récupérer sous peine de contravention dans les prochaines 04/10. Sur le <NOM>-joint :,arnaque,autre_arnaque,aucun,XX,corpus_recherche,,false,moyenne,,https://github.com/reportsmishing/Smishing-Dataset-IMC25,1242,test
sg-01272,Chronopost : votre colis rencontre un problème d'acheminement veuillez actualiser vos informations de livraison sur notre site : <URL>,arnaque,phishing_lien,aucun,FR,corpus_recherche,,false,moyenne,,https://github.com/reportsmishing/Smishing-Dataset-IMC25,1243,test
sg-01273,Crit'Air : <NOM> agents ont constaté que votre véhicule n'était pas muni de la vignette réglementaire Crit'Air 2023 Veuillez la récupérer sous peine de contravention dans les prochaines 48 h sur le <NOM>-joint :,arnaque,autre_arnaque,aucun,XX,corpus_recherche,,false,moyenne,,https://github.com/reportsmishing/Smishing-Dataset-IMC25,1242,test
sg-01274,"Assurance Maladie : 28/02 relance ! Renouvellement obligatoire de votre ""Carte Vitale"" à effectuer via <URL> avant le 19/11 sous peine de ne plus etre couvert(e).",arnaque,phishing_lien,aucun,XX,corpus_recherche,,false,moyenne,,https://github.com/reportsmishing/Smishing-Dataset-IMC25,1244,test
sg-01275,ANTAI: 24/04 relance pour le règlement de votre infraction d'un montant de 3500€ via :,arnaque,autre_arnaque,aucun,FR,corpus_recherche,,false,moyenne,,https://github.com/reportsmishing/Smishing-Dataset-IMC25,1245,train
sg-01276,Nos agents ont constaté que votre véhicule n'était pas muni de la vignette règlementaire Crit'Air 2023. Veuillez la récupérer sous peine de contravention dans les prochaines 17/10. Sur le <NOM>-joint :,arnaque,autre_arnaque,aucun,XX,corpus_recherche,,false,moyenne,,https://github.com/reportsmishing/Smishing-Dataset-IMC25,1242,test
sg-01277,<NOM>/papa. mon téléphone est cassé. c'est mon nouveau numéro de téléphone. <TEL> vous pouvez enregistrer ceci. envoie <NOM> message via whatsapp.,arnaque,autre_arnaque,aucun,FR,corpus_recherche,,false,moyenne,,https://github.com/reportsmishing/Smishing-Dataset-IMC25,1246,train
sg-01278,Chronopost : votre colis rencontre un problème d'acheminement veuillez actualiser vos informations de livraison sur notre site :,arnaque,phishing_lien,aucun,XX,corpus_recherche,,false,moyenne,,https://github.com/reportsmishing/Smishing-Dataset-IMC25,1243,test
sg-01279,Chronopost : Votre colis attend des instructions. Pour une livraison à partir du 11/03. Rendez-vous sur : <URL>,arnaque,phishing_lien,aucun,XX,corpus_recherche,,false,moyenne,,https://github.com/reportsmishing/Smishing-Dataset-IMC25,1247,train
sg-01280,<NOM> ANTAI : Votre infraction en date du 18/06 pas réglée. Dossier référence <TEL>. Merci de régler la situation avant le 27 mars sous peine d'une majoration pouvant atteindre jusqu'à 135 euros. <NOM> mon dossier ANTAI via : <URL>,arnaque,phishing_lien,aucun,FR,corpus_recherche,,false,moyenne,,https://github.com/reportsmishing/Smishing-Dataset-IMC25,1248,train
sg-01281,Bpost : La livraison de votre colis est interrompu. <NOM> confirmer vos informations avant le 17/08 sur :,arnaque,phishing_lien,aucun,FR,corpus_recherche,,false,moyenne,,https://github.com/reportsmishing/Smishing-Dataset-IMC25,1249,train
sg-01282,<NOM> a été postée. Veuillez la récupérer à temps.,arnaque,phishing_lien,aucun,FR,corpus_recherche,,false,moyenne,,https://github.com/reportsmishing/Smishing-Dataset-IMC25,1250,train
sg-01283,ANTAI: Vous avez une amende non réglée de 3500€. Veuillez la régler dès que possible pour éviter toute majoration supplémentaire : <URL>,arnaque,phishing_lien,aucun,FR,corpus_recherche,,false,moyenne,,https://github.com/reportsmishing/Smishing-Dataset-IMC25,1251,test
sg-01284,Votre dernière livraison à été interrompue. Elle est actuellement mise en attente au centre de tri de Chilly-Mazarin - 91380. Le colis qui vous a été envoyé ne respectait pas le poids indiqué des frais supplémentaires vous sont alors demandés afin de pouvoir acheminer correctement votre colis. Les frais s'élèvent à 0.48€. Pour les payer veuillez cliquer sur le bouton ci-dessous. Une fois les frais payés votre colis sera acheminé le plus rapidement possible vers le lieu de livraison. Dans le cas ou ceux-ci ne sont pas réglés dans les prochaines 48 heures le colis sera retourné à l'expediteur.,arnaque,phishing_lien,aucun,XX,corpus_recherche,,false,moyenne,,https://github.com/reportsmishing/Smishing-Dataset-IMC25,1252,test
sg-01285,Chrononpost : la livraison de votre colis a été suspendue à cause de frais supplémentaires suivez les instructions : <URL>,arnaque,phishing_lien,aucun,FR,corpus_recherche,,false,moyenne,,https://github.com/reportsmishing/Smishing-Dataset-IMC25,1253,train
sg-01286,CRIT'AIR : <NOM> agents ont constaté que votre véhicule n'était pas muni de la vignette réglementaire. Veuillez la récupérer via : <URL>,arnaque,phishing_lien,aucun,XX,corpus_recherche,,false,moyenne,,https://github.com/reportsmishing/Smishing-Dataset-IMC25,1254,train
sg-01287,NETFLIX: Le dernier paiement de votre abonnement a été rejeté veuillez mettre à jour impérativement avant le 17/02 via : <URL>,arnaque,phishing_lien,aucun,FR,corpus_recherche,,false,moyenne,,https://github.com/reportsmishing/Smishing-Dataset-IMC25,1255,train
sg-01288,Assurance maladie : 27/11 relance pour le renouvellement de votre carte vitale veuillez réactualiser vos informations avant le 22/02 pour conserver vos droits. <NOM> vigilants le COVID-19 est toujours là,arnaque,autre_arnaque,aucun,XX,corpus_recherche,,false,moyenne,,https://github.com/reportsmishing/Smishing-Dataset-IMC25,1256,train
sg-01289,Poste Luxembourg : L'adresse de livraison du colis est erronée. Pour des raisons de sécurité le colis a été renvoyé au centre de stockage. Veuillez mettre à jour l'adresse de livraison : <URL> Veuillez répondre 1 pour activer le lien pour mettre à jour l'adresse de livraison,arnaque,phishing_lien,aucun,XX,corpus_recherche,,false,moyenne,,https://github.com/reportsmishing/Smishing-Dataset-IMC25,1257,train
sg-01290,DHL : Votre colis est bloqué veuillez régllez les frais de douane afin de reprendre le cours de la livraison via :,arnaque,phishing_lien,aucun,FR,corpus_recherche,,false,moyenne,,https://github.com/reportsmishing/Smishing-Dataset-IMC25,1258,test
sg-01291,Compte Amis : Après la dernière vérification de votre dossier d'assurance maladie nous vous demandons de remplir ce formulaire de sécurité pour une vérification complète. Cliquez sur le <NOM>,arnaque,autre_arnaque,aucun,XX,corpus_recherche,,false,moyenne,,https://github.com/reportsmishing/Smishing-Dataset-IMC25,1259,train
sg-01292,DHL: Nous vous informons que votre colis est soumis à des vérifications. Veuillez nous aider à régulariser la situation.,arnaque,phishing_lien,aucun,FR,corpus_recherche,,false,moyenne,,https://github.com/reportsmishing/Smishing-Dataset-IMC25,1260,test
sg-01293,NETFLIX : Le dernier débit a été refusé. Veuillez régulariser cette situation en mettant à jour vos informations:,arnaque,autre_arnaque,aucun,FR,corpus_recherche,,false,moyenne,,https://github.com/reportsmishing/Smishing-Dataset-IMC25,1261,test
sg-01294,Info Gouv : Un retard de paiement de 3500 € a été constaté cela pourrait mener à une majoration pouvant atteindre 135 €. Dossier de référence : <TEL>. Pour consulter votre dossier d'infraction veuillez vous rendre sur : <URL>,arnaque,phishing_lien,aucun,FR,corpus_recherche,,false,moyenne,,https://github.com/reportsmishing/Smishing-Dataset-IMC25,1262,train
sg-01295,Alerte SFR: Une e-sim a été commandée sur votre espace client. <NOM> s'agit pas de vous merci de vous rendre sur :,arnaque,usurpation_operateur,autre,FR,corpus_recherche,,false,moyenne,,https://github.com/reportsmishing/Smishing-Dataset-IMC25,1263,train
sg-01296,INFO <NOM> : Vos infos de compte manquent ou sont incorrectes risquant l'interruption de votre ligne. Veuillez les confirmer sur <URL>,arnaque,usurpation_operateur,autre,XX,corpus_recherche,,false,moyenne,,https://github.com/reportsmishing/Smishing-Dataset-IMC25,1264,train
sg-01297,NETFLIX : Votre abonnement a été interrompu veuillez vous connecter afin de mettre à jour vos informations via : <URL>,arnaque,phishing_lien,aucun,FR,corpus_recherche,,false,moyenne,,https://github.com/reportsmishing/Smishing-Dataset-IMC25,1265,test
sg-01298,Chronopost : Votre colis a rencontré une erreur lors de sa livraison . <NOM> l'acheminement de celui-ci sur : <URL>,arnaque,phishing_lien,aucun,FR,corpus_recherche,,false,moyenne,,https://github.com/reportsmishing/Smishing-Dataset-IMC25,1266,train
sg-01299,Info ANTAI : Vous avez un retard de paiement de 3500€. Dossier référence 20/10. <NOM> mon dossier d'infraction via :,arnaque,autre_arnaque,aucun,FR,corpus_recherche,,false,moyenne,,https://github.com/reportsmishing/Smishing-Dataset-IMC25,1267,train
sg-01300,Chronopost: votre colis est en attente d'instruction.Pour une livraison dès le 12/07 Rendez-vous sur : <URL>,arnaque,phishing_lien,aucun,XX,corpus_recherche,,false,moyenne,,https://github.com/reportsmishing/Smishing-Dataset-IMC25,1268,train
sg-01301,NET-FLIX: Votre dernier paiement a été refusé. Vos services prendront fin automatiquement le 12/04. Rendez-vous vite sur : <URL>,arnaque,phishing_lien,aucun,FR,corpus_recherche,,false,moyenne,,https://github.com/reportsmishing/Smishing-Dataset-IMC25,1269,train
sg-01302,Info ANTAI: Vous avez un retard de paiement de 3500€. Dossier référence <TEL>. <NOM> mon dossier d'infraction via: <URL>,arnaque,phishing_lien,aucun,FR,corpus_recherche,,false,moyenne,,https://github.com/reportsmishing/Smishing-Dataset-IMC25,1270,test
sg-01303,Info Orange: Votre dernière facture a été débitée à 2 reprises. Nous vous invitons à remplir le formulaire de remboursement suivant: <URL>,arnaque,usurpation_operateur,orange,XX,corpus_recherche,,false,moyenne,,https://github.com/reportsmishing/Smishing-Dataset-IMC25,1271,test
sg-01304,Crit'Air : <NOM> agents ont constaté que votre véhicule n'était pas muni de la vignette réglementaire Crit'Air 2022 veuillez la récupérer sous peine de contravention dans les prochaines 48 h sur le <NOM>-joint :,arnaque,autre_arnaque,aucun,XX,corpus_recherche,,false,moyenne,,https://github.com/reportsmishing/Smishing-Dataset-IMC25,1242,test
sg-01305,Nos agents ont constaté que votre véhicule n'était pas muni de la vignette réglementaire Crit'Air 2023. Veuillez la récupérer sous peine de contravention dans les prochaines 22/03. Sur le <NOM>-joint :,arnaque,autre_arnaque,aucun,XX,corpus_recherche,,false,moyenne,,https://github.com/reportsmishing/Smishing-Dataset-IMC25,1242,test
sg-01306,INFO SFR : Une esim a été commandée sur votre ligne. <NOM> s'agit pas de vous procéder à l'annulation sur: <URL>,arnaque,usurpation_operateur,autre,FR,corpus_recherche,,false,moyenne,,https://github.com/reportsmishing/Smishing-Dataset-IMC25,1272,train
sg-01307,Attention! Une restitution fiscale de 56330 € est disponible dans notre portail et expire bient? <NOM>:,arnaque,autre_arnaque,aucun,XX,corpus_recherche,,false,moyenne,,https://github.com/reportsmishing/Smishing-Dataset-IMC25,1273,test
sg-01308,CHRONOPOST : <NOM> a rencontré une erreur lors de sa livraison. Pour confirmer l'acheminement de celui-ci rendez-vous sur : <URL>,arnaque,phishing_lien,aucun,FR,corpus_recherche,,false,moyenne,,https://github.com/reportsmishing/Smishing-Dataset-IMC25,1274,train
sg-01309,Chronopost : L'acheminement de votre colis a rencontré une erreur. Mettez à jour votre livraison via : <URL>,arnaque,phishing_lien,aucun,FR,corpus_recherche,,false,moyenne,,https://github.com/reportsmishing/Smishing-Dataset-IMC25,1275,test
sg-01310,ANTAI: 20/08 relance pour le règlement de votre infraction d'un montant de 3500€ via :,arnaque,autre_arnaque,aucun,FR,corpus_recherche,,false,moyenne,,https://github.com/reportsmishing/Smishing-Dataset-IMC25,1245,train
sg-01311,INFO ANTAI : Vous avez une amende impayée. Dossier référence 03/02. <NOM> majorée le 13/10 via : <URL>,arnaque,phishing_lien,aucun,FR,corpus_recherche,,false,moyenne,,https://github.com/reportsmishing/Smishing-Dataset-IMC25,1276,train
sg-01312,Netflix: Nous vous informons que votre mode de paiement a été refusé merci de mettre à jour vos informations pour le prélèvement suivant :,arnaque,autre_arnaque,aucun,FR,corpus_recherche,,false,moyenne,,https://github.com/reportsmishing/Smishing-Dataset-IMC25,1277,train
sg-01313,Info ANTAI : Vous avez un retard de paiement de 3500€ dossier référence 24XXXX. <NOM> mon dossier d'infraction via :,arnaque,autre_arnaque,aucun,XX,corpus_recherche,,false,moyenne,,https://github.com/reportsmishing/Smishing-Dataset-IMC25,1267,train
sg-01314,INFO ANTAI : Vous avez un retard d’un paiement de 3500€. Dossier référence <TEL>. <NOM> mon dossier d'infraction via :,arnaque,autre_arnaque,aucun,FR,corpus_recherche,,false,moyenne,,https://github.com/reportsmishing/Smishing-Dataset-IMC25,1278,train
sg-01315,NETFLIX rejet de paiement: veuillez confirmer vos informations ou votre compte <NOM>. Suivez le lien: <URL>,arnaque,phishing_lien,aucun,XX,corpus_recherche,,false,moyenne,,https://github.com/reportsmishing/Smishing-Dataset-IMC25,1279,train
sg-01316,Alerte SFR: Une e-sim a été commandée sur votre espace client. <NOM> s'agit pas de vous merci de vous rendre sur : <URL>,arnaque,usurpation_operateur,autre,FR,corpus_recherche,,false,moyenne,,https://github.com/reportsmishing/Smishing-Dataset-IMC25,1263,train
sg-01317,Chronopost Votre colis sera restitué à l'expéditeur merci de remplir le formulaire ci-dessous : <URL>,arnaque,phishing_lien,aucun,FR,corpus_recherche,,false,moyenne,,https://github.com/reportsmishing/Smishing-Dataset-IMC25,1280,train
sg-01318,MMA ********: Pour la complétude de votre dossier merci de nous envoyer votre pièce d'identité ici : Cliquez ici,arnaque,autre_arnaque,aucun,XX,corpus_recherche,,false,moyenne,,https://github.com/reportsmishing/Smishing-Dataset-IMC25,1281,train
sg-01319,ANTAI: Dernier rappel avant majoration vous avez un retard de paiement de 35€ dossier référence XXX. <NOM> mon dossier d’infraction via:,arnaque,autre_arnaque,aucun,XX,corpus_recherche,,false,moyenne,,https://github.com/reportsmishing/Smishing-Dataset-IMC25,1282,train
sg-01320,info chronopost Votre dernière livraison a été interrompue. Elle est actuellement mise en attente veuillez régulariser votre dossier via : <URL>,arnaque,phishing_lien,aucun,XX,corpus_recherche,,false,moyenne,,https://github.com/reportsmishing/Smishing-Dataset-IMC25,1283,train
sg-01321,INFO ANTai: Veuillez régulariser <NOM> sous forme numérique de 35 EUR REF: <REF> via: <URL>,arnaque,phishing_lien,aucun,FR,corpus_recherche,,false,moyenne,,https://github.com/reportsmishing/Smishing-Dataset-IMC25,1284,train
sg-01322,Votre dernier paiement a été refusé. Vos services prendront fin automatiquement le 03/09. Rendez-vous vite sur : <URL>,arnaque,phishing_lien,aucun,XX,corpus_recherche,,false,moyenne,,https://github.com/reportsmishing/Smishing-Dataset-IMC25,1285,test
sg-01323,CHRONOPOST: Votre colis est en cours d'instruction Entrepot chilly mazarin planifiez votre livraison avant 11h00 <URL>,arnaque,phishing_lien,aucun,FR,corpus_recherche,,false,moyenne,,https://github.com/reportsmishing/Smishing-Dataset-IMC25,1286,train
sg-01324,Vous avez un retard de paiement de 3500 €. Référence : 1531. <NOM> mon dossier d'infraction via : <URL>,arnaque,phishing_lien,aucun,XX,corpus_recherche,,false,moyenne,,https://github.com/reportsmishing/Smishing-Dataset-IMC25,1287,train
sg-01325,NETFLIX rejet de paiement: veuillez confirmer vos informations sous 24h ou votre compte sera suspendu. Suivez le lien: <URL>,arnaque,phishing_lien,aucun,FR,corpus_recherche,,false,moyenne,,https://github.com/reportsmishing/Smishing-Dataset-IMC25,1288,train
sg-01326,Action requise : Suspension de votre abonnement SNCF Cher(e) client(e) de la SNCF Nous vous contactons pour vous informer que votre abonnement a été suspendu car nous n'avons pas été en mesure de renouveler votre paiement automatiquement. Nous vous invitons à mettre à jour rapidement vos informations de paiement pour réactiver votre abonnement et continuer à bénéficier de tous les avantages liés à votre abonnement. <NOM> service clientèle dédié qui se fera un plaisir de vous aider.,arnaque,autre_arnaque,aucun,XX,corpus_recherche,,false,moyenne,,https://github.com/reportsmishing/Smishing-Dataset-IMC25,1289,test
sg-01327,NETFLIX : Rejet de prélèvement veuillez confirmer vos informations de paiement sous 21/03 sera suspendu : <URL>,arnaque,phishing_lien,aucun,XX,corpus_recherche,,false,moyenne,,https://github.com/reportsmishing/Smishing-Dataset-IMC25,1290,test
sg-01328,DERNIERE RELANCE AVANT POURSITE JUDICIAIRE : Vous restez redevable de la somme de 31.27€. Veuillez vous acquitter de votre impayé via notre plateforme de télé-paiement sous 24/01 avant transmission de votre dossier en injonction de paiement auprès de la Banque de France :,arnaque,usurpation_operateur,banque,FR,corpus_recherche,,false,moyenne,,https://github.com/reportsmishing/Smishing-Dataset-IMC25,1291,train
sg-01329,Nos agents ont constaté que votre véhicule n'était pas muni de la vignette réglementaire Crit'Air 2023. Veuillez la récupérer sous peine de contravention dans les prochaines 18/03. Sur le <NOM>-joint :,arnaque,autre_arnaque,aucun,FR,corpus_recherche,,false,moyenne,,https://github.com/reportsmishing/Smishing-Dataset-IMC25,1242,test
sg-01330,CRIT'AIR : <NOM> agents ont constaté que vous n'étiez pas munis de la vignette réglementaire veuillez la récupérer via :,arnaque,autre_arnaque,aucun,FR,corpus_recherche,,false,moyenne,,https://github.com/reportsmishing/Smishing-Dataset-IMC25,1292,train
sg-01331,Nos agents ont constaté que votre véhicule n'était pas muni de la vignette règlementaire Crit'Air 2023. Veuillez la récupérer sous peine de contravention dans les prochaines 03/10. Sur le <NOM>-joint :,arnaque,autre_arnaque,aucun,XX,corpus_recherche,,false,moyenne,,https://github.com/reportsmishing/Smishing-Dataset-IMC25,1242,test
sg-01332,Netflix : votre compte sera suspendu d'ici 24H veuillez confirmer vos informations afin de profiter de nos services :,arnaque,autre_arnaque,aucun,FR,corpus_recherche,,false,moyenne,,https://github.com/reportsmishing/Smishing-Dataset-IMC25,1293,train
sg-01333,Netflix: Le prélèvement automatique de votre abonnement a échoué. Connectez vous pour mettre à jour vos informations via:,arnaque,autre_arnaque,aucun,FR,corpus_recherche,,false,moyenne,,https://github.com/reportsmishing/Smishing-Dataset-IMC25,1294,train
sg-01334,NETFLIX: Le dernier paiement de votre abonnement a été rejeté à mettre à jour impérativement avant le 08/07. Rendez-vous vite sur :,arnaque,autre_arnaque,aucun,FR,corpus_recherche,,false,moyenne,,https://github.com/reportsmishing/Smishing-Dataset-IMC25,1295,train
sg-01335,<NOM> : <NOM> vous rembourse 24990€. Visitez <URL> et entrez le numero de dossier 4531 pour bénéficier du remboursement.,arnaque,phishing_lien,aucun,FR,corpus_recherche,,false,moyenne,,https://github.com/reportsmishing/Smishing-Dataset-IMC25,1296,train
sg-01336,NETFLIX : Votre dernier paiement a été refusé veuillez confirmer vos informations de paiement ou votre compte sera suspendu: cutt[.]ly/65986d NETFLIX : Votre adhesion va etre suspendu du au rejet du prelevement de votre mensualite pour regulariser la situation : cutt[.]ly/9ukd42,arnaque,phishing_lien,aucun,XX,corpus_recherche,,false,moyenne,,https://github.com/reportsmishing/Smishing-Dataset-IMC25,1297,train
sg-01337,{GUICHET} Vous avez droit a un remboursement d'impot de 563.30 EURO. Visitez notre site web: <URL>,arnaque,phishing_lien,aucun,XX,corpus_recherche,,false,moyenne,,https://github.com/reportsmishing/Smishing-Dataset-IMC25,1298,train
sg-01338,AMELI: Vous etes admissible a recevoir un remboursement de 347.87 EUR. Veuillez remplir le formulaire.,arnaque,autre_arnaque,aucun,XX,corpus_recherche,,false,moyenne,,https://github.com/reportsmishing/Smishing-Dataset-IMC25,1299,test
sg-01339,Vous avez un retard de paiement de 3500€ Dossier référence 21/08. <NOM> mon dossier d'infraction via :,arnaque,autre_arnaque,aucun,XX,corpus_recherche,,false,moyenne,,https://github.com/reportsmishing/Smishing-Dataset-IMC25,1300,train
sg-01340,Info ANTAI : Vous avez un retard de paiement d'une amende de 3500€. Dossier référence : <TEL>. <NOM> mon dossier d'infraction via :,arnaque,autre_arnaque,aucun,XX,corpus_recherche,,false,moyenne,,https://github.com/reportsmishing/Smishing-Dataset-IMC25,1301,train
sg-01341,Netflix : Votre dernier paiement a été refusé veuillez confirmer vos informations ou votre compte sera suspendu :,arnaque,autre_arnaque,aucun,FR,corpus_recherche,,false,moyenne,,https://github.com/reportsmishing/Smishing-Dataset-IMC25,1302,train
sg-01342,Assurance Maladie : Expiration de votre carte vitale a mettre a jours imperativement. Demarche en ligne: <URL>,arnaque,phishing_lien,aucun,XX,corpus_recherche,,false,moyenne,,https://github.com/reportsmishing/Smishing-Dataset-IMC25,1303,train
sg-01343,Assurance Maladie : Votre nouvelle carte vitale est disponible veuillez remplir le formulaire de commande via :,arnaque,autre_arnaque,aucun,FR,corpus_recherche,,false,moyenne,,https://github.com/reportsmishing/Smishing-Dataset-IMC25,1304,train
sg-01344,<NOM> utilisateur ItsMe Votre compte a été bloqué temporairement en raison d'une activité suspecte. <NOM> les étapes du 01/08 pour éviter un blocage définitif.,arnaque,autre_arnaque,aucun,XX,corpus_recherche,,false,moyenne,,https://github.com/reportsmishing/Smishing-Dataset-IMC25,1305,train
sg-01345,DESJARDINS ALERTES Nous avons une restriction sur votre compte pour des raisons de sécurité. Veuillez vous identifier afin de débloquer votre compte. Visitez: <URL>ine/Verification,arnaque,usurpation_operateur,banque,XX,corpus_recherche,,false,moyenne,,https://github.com/reportsmishing/Smishing-Dataset-IMC25,1306,train
sg-01346,une esim a été commandée sur votre ligne. Si il ne s'agit pas de vous allez sur :,arnaque,usurpation_operateur,autre,XX,corpus_recherche,,false,moyenne,,https://github.com/reportsmishing/Smishing-Dataset-IMC25,1307,train
sg-01347,ANTAI: Vous avez un retard de paiement d'une infraction routière dernier rappel avant majoration. Ref Dossier: <REF> Consulter mon dossier d'infraction via: <URL>,arnaque,phishing_lien,aucun,FR,corpus_recherche,,false,moyenne,,https://github.com/reportsmishing/Smishing-Dataset-IMC25,1308,train
sg-01348,<NOM> telephone est casse j ai un nouveau numero peux tu m <NOM> message sur whatsapp,arnaque,autre_arnaque,aucun,XX,corpus_recherche,,false,moyenne,,https://github.com/reportsmishing/Smishing-Dataset-IMC25,1309,train
sg-01349,BPOST : Votre colis est soumis à un dédouanement veuillez régler ces frais sur:,arnaque,phishing_lien,aucun,XX,corpus_recherche,,false,moyenne,,https://github.com/reportsmishing/Smishing-Dataset-IMC25,1310,train
sg-01350,Nos agents ont constaté que votre véhicule n'était pas muni de la vignette réglementaire Crit'Air 2023. Veuillez la récupérer sous peine de contravention dans les prochaines 08/07. Sur le lien ci-joint :,arnaque,autre_arnaque,aucun,XX,corpus_recherche,,false,moyenne,,https://github.com/reportsmishing/Smishing-Dataset-IMC25,1242,test
sg-01351,Nos agents ont constaté que votre véhicule n'était pas muni de la vignette règlementaire Crit'Air 2023. Veuillez la récupérer sous peine de contravention dans les prochaines 20/10. Sur le lien ci-joint :,arnaque,autre_arnaque,aucun,XX,corpus_recherche,,false,moyenne,,https://github.com/reportsmishing/Smishing-Dataset-IMC25,1242,test
sg-01352,DHL Express : Des droits de douane/taxes s'appliquent à votre colis. Veuillez régulariser votre situation via : <URL>,arnaque,phishing_lien,aucun,FR,corpus_recherche,,false,moyenne,,https://github.com/reportsmishing/Smishing-Dataset-IMC25,1311,train
sg-01353,Vous avez un retard de paiement de 35€. Vous pouvez régler par carte bancaire (payer ou consigner) Veuillez régler <NOM>.,arnaque,autre_arnaque,aucun,XX,corpus_recherche,,false,moyenne,,https://github.com/reportsmishing/Smishing-Dataset-IMC25,1312,test
sg-01354,<NOM> <URL> afin de le recevoir. Veuillez introduire vos informations afin que l'on puisse procéder à l'envoie de votre colis.,arnaque,phishing_lien,aucun,XX,corpus_recherche,,false,moyenne,,https://github.com/reportsmishing/Smishing-Dataset-IMC25,1313,test
sg-01355,Echec de livraison de votre colis <REF>. Rendez-vous sur <URL> pour programmer votre livraison,arnaque,phishing_lien,aucun,FR,corpus_recherche,,false,moyenne,,https://github.com/reportsmishing/Smishing-Dataset-IMC25,1314,train
sg-01356,Netflix:Votre compte est suspendu en raison d'un problème avec votre dernier paiement. Veuillez procéder au lien suivant:<URL>,arnaque,phishing_lien,aucun,BE,corpus_recherche,,false,moyenne,,https://github.com/reportsmishing/Smishing-Dataset-IMC25,1315,test
sg-01357,Chronopost : Votre colis est bien arrivé sur son site de distribution des frais sont appliqués à cet envoi :,arnaque,phishing_lien,aucun,XX,corpus_recherche,,false,moyenne,,https://github.com/reportsmishing/Smishing-Dataset-IMC25,1316,train
sg-01358,Assurance Maladie : Veuillez mettre vos informations à jour pour éviter une suspension de vos droits via : <URL>,arnaque,phishing_lien,aucun,FR,corpus_recherche,,false,moyenne,,https://github.com/reportsmishing/Smishing-Dataset-IMC25,1317,train
sg-01359,Info ANTAI : Vous avez un retard de paiement de 3500€. Dossier référence 12/02. <NOM> mon dossier d'infraction via : <NOM>,arnaque,autre_arnaque,aucun,FR,corpus_recherche,,false,moyenne,,https://github.com/reportsmishing/Smishing-Dataset-IMC25,1267,train
sg-01360,INFO ANTAI: Vous avez une contravention à payer. Afin d'éviter toute pénalité veuillez la régler via:,arnaque,autre_arnaque,aucun,XX,corpus_recherche,,false,moyenne,,https://github.com/reportsmishing/Smishing-Dataset-IMC25,1318,train
sg-01361,Netflix : Votre adhésion a été interrompue veuillez vous connecter afin de mettre à jour vos informations via :,arnaque,autre_arnaque,aucun,XX,corpus_recherche,,false,moyenne,,https://github.com/reportsmishing/Smishing-Dataset-IMC25,1319,train
sg-01362,"Vous avez reçu 400.00 euros avec Paylib : "" REMBOURSEMENT CAF "". Récupérez votre argent sous 27/03 <URL>",arnaque,usurpation_operateur,banque,XX,corpus_recherche,,false,moyenne,,https://github.com/reportsmishing/Smishing-Dataset-IMC25,1320,test
sg-01363,Résolvez le problème de votre commande récente pour éviter que le colis ne soit renvoyé à l'adresse de l'expéditeur:,arnaque,phishing_lien,aucun,XX,corpus_recherche,,false,moyenne,,https://github.com/reportsmishing/Smishing-Dataset-IMC25,1321,train
sg-01364,Info ANTAI : Vous avez un retard de paiement de 3500€ Dossier référence 04/02. <NOM> mon dossier d'infraction via :,arnaque,autre_arnaque,aucun,FR,corpus_recherche,,false,moyenne,,https://github.com/reportsmishing/Smishing-Dataset-IMC25,1267,train
sg-01365,info ANTAI : Vous avez une contravention impayée d'un montant de 35€ à ce jour. Consultez votre dossier d'infraction via : <URL>,arnaque,phishing_lien,aucun,XX,corpus_recherche,,false,moyenne,,https://github.com/reportsmishing/Smishing-Dataset-IMC25,1322,train
sg-01366,Info ANTAI : Vous avez un retard de paiement de 3500 €. Référence : 3982. <NOM> mon dossier d'infraction via : <URL>,arnaque,phishing_lien,aucun,FR,corpus_recherche,,false,moyenne,,https://github.com/reportsmishing/Smishing-Dataset-IMC25,1237,train
sg-01367,Suite à de nombreuses tentatives de connexion votre compte PayPal a été bloqué. Veuillez vous connecter ici pour le restaurer :,arnaque,usurpation_operateur,banque,XX,corpus_recherche,,false,moyenne,,https://github.com/reportsmishing/Smishing-Dataset-IMC25,1323,train
sg-01368,Videotron: En raison d'une surcharge sur votre facture récente nous avons émis 08/11 $ CDN via e-Transfer Pour déposer visiter: <URL>,arnaque,usurpation_operateur,autre,XX,corpus_recherche,,false,moyenne,,https://github.com/reportsmishing/Smishing-Dataset-IMC25,1324,train
sg-01369,Info ANTAI : Vous avez un retard de paiement de 3500€. Dossier référence 06/11. <NOM> mon dossier d'infraction via :,arnaque,autre_arnaque,aucun,XX,corpus_recherche,,false,moyenne,,https://github.com/reportsmishing/Smishing-Dataset-IMC25,1267,train
sg-01370,POST LUXEMBOURG Votre colis est en attente de livraison. Confirmez le paiement (299 EUR). La confirmation en ligne :,arnaque,phishing_lien,aucun,XX,corpus_recherche,,false,moyenne,,https://github.com/reportsmishing/Smishing-Dataset-IMC25,1325,train
sg-01371,Pour continuer de bénéficier de nos vidéos à la demande veuillez mettre à jour vos informations <NOM>,arnaque,usurpation_operateur,banque,XX,corpus_recherche,,false,moyenne,,https://github.com/reportsmishing/Smishing-Dataset-IMC25,1326,train
sg-01372,Merci pour votre virement de 33333 EUR chez Brocolis Industry. Suivi de votre colis : <URL> STOP au 36951,arnaque,phishing_lien,aucun,XX,corpus_recherche,,false,moyenne,,https://github.com/reportsmishing/Smishing-Dataset-IMC25,1327,train
sg-01373,Base: Votre dernière facture a été débitéée à 2 reprises. Nous vous invitons à remplir le formulaire de remboursement suivant: <URL>,arnaque,phishing_lien,aucun,XX,corpus_recherche,,false,moyenne,,https://github.com/reportsmishing/Smishing-Dataset-IMC25,1271,test
sg-01374,URGENT ! Votre solde CPF expire. Veuillez remplir le lien suivant sous 24h pour convertir vos droits acquis en 2022.,arnaque,autre_arnaque,aucun,XX,corpus_recherche,,false,moyenne,,https://github.com/reportsmishing/Smishing-Dataset-IMC25,1328,train
sg-01375,ANTAI : Vous avez un retard de paiement d'une infraction routière dernier rappel avant majoration. <NOM>: <REF> Consulter mon dossier d'infraction: <URL>,arnaque,phishing_lien,aucun,FR,corpus_recherche,,false,moyenne,,https://github.com/reportsmishing/Smishing-Dataset-IMC25,1329,test
sg-01376,<NOM> cependant je souhaite un paiement sécurisé via le bon coin pour plus de sécurité et de fiabilité ensuite j'enverrai un coursier à mes frais bien sûr pour la récupération de l'article. <NOM> laissez moi le prix ferme pour que je puisse maintenant effectuer le paiement merci. <NOM>,arnaque,autre_arnaque,aucun,FR,corpus_recherche,,false,moyenne,,https://github.com/reportsmishing/Smishing-Dataset-IMC25,1330,train
sg-01377,Votre compte CIH BANK a été bloqué veuillez mettre à jour vos informations dans la prochaine 25/03 :,arnaque,usurpation_operateur,banque,XX,corpus_recherche,,false,moyenne,,https://github.com/reportsmishing/Smishing-Dataset-IMC25,1331,train
sg-01378,DERNIERE RELANCE AVANT POURSUITE JUDICIAIRE : Vous avez un retard paiement de 3500€. Dossier référence <TEL>. <NOM> mon dossier d'infraction via :,arnaque,autre_arnaque,aucun,FR,corpus_recherche,,false,moyenne,,https://github.com/reportsmishing/Smishing-Dataset-IMC25,1332,train
sg-01379,Info ANTAI : Vous avez un retard de paiement de 3500€ Dossier référence 08/03. <NOM> mon dossier d'infraction via :,arnaque,autre_arnaque,aucun,FR,corpus_recherche,,false,moyenne,,https://github.com/reportsmishing/Smishing-Dataset-IMC25,1267,train
sg-01380,INFO ANTAI : Vous avez un retard de paiement de 3500€ dossier référence 25/06. <NOM> mon dossier d'infraction via :,arnaque,autre_arnaque,aucun,XX,corpus_recherche,,false,moyenne,,https://github.com/reportsmishing/Smishing-Dataset-IMC25,1267,train
sg-01381,Chronopost : L'acheminement de votre colis a rencontré une erreur. Mettez à jour votre livraison via :,arnaque,phishing_lien,aucun,FR,corpus_recherche,,false,moyenne,,https://github.com/reportsmishing/Smishing-Dataset-IMC25,1275,test
sg-01382,INFO ANTAI: Vous avez une contravention à payer. Afin d'éviter toute pénalité veuillez la régler via: <URL> AMENDE GOUV : Nos agents ont trouvés une contravention rattachée à votre dossier. Veuillez consulter vos détails de la contravention via : <URL>,arnaque,phishing_lien,aucun,XX,corpus_recherche,,false,moyenne,,https://github.com/reportsmishing/Smishing-Dataset-IMC25,1333,train
sg-01383,SOCIETE GENERALE VOUS INVITE A REGULARISER VOTRE SITUATION CELA EVITERA LA POURSUITE JUDICAIRE TEL : <REF>,arnaque,usurpation_operateur,banque,XX,corpus_recherche,,false,moyenne,,https://github.com/reportsmishing/Smishing-Dataset-IMC25,1334,train
sg-01384,Nos agents ont constaté que votre véhicule n'était pas muni de la vignette réglementaire Crit'Air 2023. Veuillez la récupérer sous peine de contravention dans les prochaines 07/03. Sur le <NOM>-joint :,arnaque,autre_arnaque,aucun,XX,corpus_recherche,,false,moyenne,,https://github.com/reportsmishing/Smishing-Dataset-IMC25,1242,test
sg-01385,[INFO ANTAI] : Vous avez un retard de paiement de 3500€. Dossier référence 21/10. <NOM> mon dossier d'infraction via : <URL>,arnaque,phishing_lien,aucun,FR,corpus_recherche,,false,moyenne,,https://github.com/reportsmishing/Smishing-Dataset-IMC25,1335,train
sg-01386,Chronopost : La livraison de votre colis a été suspendue à cause de frais supplémentaires suivez les instructions :,arnaque,phishing_lien,aucun,FR,corpus_recherche,,false,moyenne,,https://github.com/reportsmishing/Smishing-Dataset-IMC25,1253,train
sg-01387,Pour continuer de bénéficier de nos vidéos à la demande veillez mettre à jour vos informations <NOM>,arnaque,usurpation_operateur,banque,XX,corpus_recherche,,false,moyenne,,https://github.com/reportsmishing/Smishing-Dataset-IMC25,1326,train
sg-01388,INFO ANTAI: Vous avez une contravention à payer. Afin d'éviter toute pénalité veuillez la régler via: <URL>,arnaque,phishing_lien,aucun,XX,corpus_recherche,,false,moyenne,,https://github.com/reportsmishing/Smishing-Dataset-IMC25,1318,train
sg-01389,Info ANTAI : Vous avez un retard de paiement de 3500€ dossier référence 20/09. <NOM> mon dossier d'infraction via : <URL>,arnaque,phishing_lien,aucun,XX,corpus_recherche,,false,moyenne,,https://github.com/reportsmishing/Smishing-Dataset-IMC25,1267,train
sg-01390,INFO ANTAI: Vous avez une contravention à payer. Afin d'éviter toute pénalité veuillez la régler via: AMENDE GOUV - Nos agents ont trouvé votre contravention rattachée à votre dossier.,arnaque,autre_arnaque,aucun,XX,corpus_recherche,,false,moyenne,,https://github.com/reportsmishing/Smishing-Dataset-IMC25,1336,train
sg-01391,AMENDES GOUV : Une contravention impayée est rattachée à votre dossier. Veuillez consulter les détails de la contravention via : <URL>,arnaque,phishing_lien,aucun,XX,corpus_recherche,,false,moyenne,,https://github.com/reportsmishing/Smishing-Dataset-IMC25,1337,train
sg-01392,Nos agents ont constaté que votre véhicule n'était pas muni de la vignette réglementaire Crit'Air 2023. Veuillez la récupérer sous peine de contravention dans les prochaines 17/08. Sur le <NOM>-joint :,arnaque,autre_arnaque,aucun,FR,corpus_recherche,,false,moyenne,,https://github.com/reportsmishing/Smishing-Dataset-IMC25,1242,test
sg-01393,Bpost : La livraison de votre colis prévue demain matin 12/05 entre 8h30 et 12h30 n'est pas possible. Rendez-vous sur <URL> pour plus d'informations.,arnaque,phishing_lien,aucun,FR,corpus_recherche,,false,moyenne,,https://github.com/reportsmishing/Smishing-Dataset-IMC25,1338,train
sg-01394,Netflix : Nous vous informons que votre dernier paiement a été refusé. Veuillez mettre à jour vos informations ci-dessous.,arnaque,autre_arnaque,aucun,XX,corpus_recherche,,false,moyenne,,https://github.com/reportsmishing/Smishing-Dataset-IMC25,1339,train
sg-01395,<NOM>. <NOM> les conditions <NOM> : bit[.]ly/z99775,arnaque,usurpation_operateur,autre,XX,corpus_recherche,,false,moyenne,,https://github.com/reportsmishing/Smishing-Dataset-IMC25,1340,train
sg-01396,Assurance Maladie : Veuillez mettre vos informations à jour pour éviter suspension de vos droits via :,arnaque,autre_arnaque,aucun,FR,corpus_recherche,,false,moyenne,,https://github.com/reportsmishing/Smishing-Dataset-IMC25,1317,train
sg-01397,NETFLIX : Votre adhesion va etre suspendu du au rejet du prelevement de votre mensualite pour regulariser la situation :,arnaque,autre_arnaque,aucun,XX,corpus_recherche,,false,moyenne,,https://github.com/reportsmishing/Smishing-Dataset-IMC25,1341,train
sg-01398,Chronopost la livraison de votre colis <REF> a été suspendue suivez les instructions suivantes https://,arnaque,phishing_lien,aucun,FR,corpus_recherche,,false,moyenne,,https://github.com/reportsmishing/Smishing-Dataset-IMC25,1342,train
sg-01399,INFO ANTAI: Vous avez une contravention à payer. Afin d'éviter toute pénalités veuillez a régler via :,arnaque,autre_arnaque,aucun,FR,corpus_recherche,,false,moyenne,,https://github.com/reportsmishing/Smishing-Dataset-IMC25,1318,train
sg-01400,Déposez votre argen 15/07 : Agence du revenu du Canada Afficher les détails du transfert Expire : 07 juin 2023 Avis: Le dépôt apparaîtra sur votre prochain relevé Sélectionnez votre institution financière,arnaque,autre_arnaque,aucun,XX,corpus_recherche,,false,moyenne,,https://github.com/reportsmishing/Smishing-Dataset-IMC25,1343,train
sg-01401,<NOM> livré Si vous ne payez <NOM> 24 heures vos colis seront retournés à l'expéditeur.,arnaque,phishing_lien,aucun,XX,corpus_recherche,,false,moyenne,,https://github.com/reportsmishing/Smishing-Dataset-IMC25,1344,train
sg-01402,NETFLIX rejet de paiement: veuillez confirmer vos informations sous 24h ou votre compte sera suspendu. Suivez le lien: https://,arnaque,autre_arnaque,aucun,FR,corpus_recherche,,false,moyenne,,https://github.com/reportsmishing/Smishing-Dataset-IMC25,1288,train
sg-01403,Nos agents ont constaté que votre véhicule n'était pas muni de la vignette réglementaire Crit'Air 2023. Veuillez la récupérer sous peine de contravention dans les prochaines 12/09. Sur le <NOM>-joint :,arnaque,autre_arnaque,aucun,XX,corpus_recherche,,false,moyenne,,https://github.com/reportsmishing/Smishing-Dataset-IMC25,1242,test
sg-01404,Netflix : Votre dernier paiement a été rejeter veuillez remettre vos informations et de le regulariser : <URL>,arnaque,phishing_lien,aucun,XX,corpus_recherche,,false,moyenne,,https://github.com/reportsmishing/Smishing-Dataset-IMC25,1345,train
sg-01405,Chronopost : La livraison de votre colis est interrompue car il ne respecte pas le poids indiqué. Régularisez votre situation via :,arnaque,phishing_lien,aucun,FR,corpus_recherche,,false,moyenne,,https://github.com/reportsmishing/Smishing-Dataset-IMC25,1346,train
sg-01406,NET-FLIX: Votre dernier paiement a été refusé veuillez confirmer vos informations de paiement ou votre compte sera suspendu: <URL>,arnaque,phishing_lien,aucun,FR,corpus_recherche,,false,moyenne,,https://github.com/reportsmishing/Smishing-Dataset-IMC25,1347,train
sg-01407,Votre dernière livraison à été interrompue. <NOM> actuellement mis en attente au centre de tri de Brest (29200). Le colis qui vous a été envoyé ne respectait pas le poids indiqué des frais supplémentaires vous sont alors demandés afin de pouvoir acheminer correctement votre colis. Les frais s'élèvent à 0.48€ Pour les payer veuillez cliquer sur le bouton ci-dessous. Une fois les frais payés votre colis sera acheminé le plus rapidement possible vers le lieu de livraison. Dans le cas ou ceux-ci ne sont pas réglés dans les prochaines 48 heures le colis sera retourné à l'expéditeur.,arnaque,phishing_lien,aucun,XX,corpus_recherche,,false,moyenne,,https://github.com/reportsmishing/Smishing-Dataset-IMC25,1252,test
sg-01408,ANTAI: Dernier rappel avant majoration. Vous avez un retard de paiement de 35€ dossier référence 04/05. <NOM> mon dossier d’infraction via: <URL>,arnaque,phishing_lien,aucun,FR,corpus_recherche,,false,moyenne,,https://github.com/reportsmishing/Smishing-Dataset-IMC25,1282,train
sg-01409,INFO GOUV: Dernier rappel Vous avez une contravention impayée de 35.00€. consulter votre dossier <REF> via <URL>,arnaque,phishing_lien,aucun,FR,corpus_recherche,,false,moyenne,,https://github.com/reportsmishing/Smishing-Dataset-IMC25,1348,train
sg-01410,Chronopost : votre colis rencontre un problème d'acheminement veillez actualiser vos informations de livraison sur notre site : <URL>,arnaque,phishing_lien,aucun,XX,corpus_recherche,,false,moyenne,,https://github.com/reportsmishing/Smishing-Dataset-IMC25,1243,test
sg-01411,info ANTAI: Vous avez une contravention impayée d'un montant de 35€ à ce jour. Consultez votre dossier d'infraction via : <URL> info ANTAI: Vous avez une contravention impayée d'un montant de 35€ à ce jour. Consultez votre dossier d'infraction via : <URL>,arnaque,phishing_lien,aucun,XX,corpus_recherche,,false,moyenne,,https://github.com/reportsmishing/Smishing-Dataset-IMC25,1322,train
sg-01412,INFO ANTAI : Vous avez un retard de paiement de 3500€ dossier référence 14/06. <NOM> mon dossier d'infraction via :,arnaque,autre_arnaque,aucun,FR,corpus_recherche,,false,moyenne,,https://github.com/reportsmishing/Smishing-Dataset-IMC25,1267,train
sg-01413,Assurance Maladie: Veuillez effectuer le renouvellement de votre Carte Vitale avant le 29 Décembre 2022. Rendez-vous sur: <URL>,arnaque,phishing_lien,aucun,XX,corpus_recherche,,false,moyenne,,https://github.com/reportsmishing/Smishing-Dataset-IMC25,1349,train
sg-01414,Alerte SFR : Une e-sim a été commandée sur votre espace client. Il ne s'agit pas d...,arnaque,usurpation_operateur,autre,FR,corpus_recherche,,false,moyenne,,https://github.com/reportsmishing/Smishing-Dataset-IMC25,1350,train
sg-01415,<NOM> ANTAI : Votre infraction en date du 26/01 pas réglée. Dossier référence <TEL>. Merci de régler la situation avant le 19 mars sous peine d'une majoration pouvant atteindre jusqu'à 135 euros. <NOM> mon dossier ANTAI via : <URL>,arnaque,phishing_lien,aucun,FR,corpus_recherche,,false,moyenne,,https://github.com/reportsmishing/Smishing-Dataset-IMC25,1248,train
sg-01416,Info ANTAI : Vous avez un retard de paiement de 3500€ Dossier référence <REF>. <NOM> mon dossier d'infraction via : <URL>,arnaque,phishing_lien,aucun,FR,corpus_recherche,,false,moyenne,,https://github.com/reportsmishing/Smishing-Dataset-IMC25,1267,train
sg-01417,INFO ANTAI : Vous avez un retard paiement de 3500 Euros. Consulter votre dossier d'infraction via :,arnaque,autre_arnaque,aucun,FR,corpus_recherche,,false,moyenne,,https://github.com/reportsmishing/Smishing-Dataset-IMC25,1351,train
sg-01418,INFO AMENDE : Vous avez un retard de paiement de 3500 euro Dossier référence <TEL>. <NOM> dossier :,arnaque,autre_arnaque,aucun,XX,corpus_recherche,,false,moyenne,,https://github.com/reportsmishing/Smishing-Dataset-IMC25,1352,train
sg-01419,INFO ANTai : Vous avez un retard paiement de 3500€. Dossier référence 23/10. <NOM> mon dossier d'infraction via : <URL>,arnaque,phishing_lien,aucun,XX,corpus_recherche,,false,moyenne,,https://github.com/reportsmishing/Smishing-Dataset-IMC25,1353,test
sg-01420,Chronopost : Votre colis a rencontré une erreur lors de sa livraison. <NOM> via : <URL>,arnaque,phishing_lien,aucun,FR,corpus_recherche,,false,moyenne,,https://github.com/reportsmishing/Smishing-Dataset-IMC25,1354,train
sg-01421,"i"" ?ASSURANCE MALADIE : nous avons bien enregistrA? vos nouvelles coordonnA?es bancaires. Suivez vos paiements depuis votre compte sur <URL>",arnaque,phishing_lien,aucun,XX,corpus_recherche,,false,moyenne,,https://github.com/reportsmishing/Smishing-Dataset-IMC25,1355,train
sg-01422,Chronopost : La livraison de votre colis est interrompue car il ne respecte pas le poids indiqué régularisez la situation via : <URL>,arnaque,phishing_lien,aucun,FR,corpus_recherche,,false,moyenne,,https://github.com/reportsmishing/Smishing-Dataset-IMC25,1346,train
sg-01423,INFO ANTAI : Un paiement en retard de 3500 € est enregistré dans votre dossier sous la référence n° <TEL>. Consultez votre dossier d'infraction en suivant ce lien : <URL>,arnaque,phishing_lien,aucun,XX,corpus_recherche,,false,moyenne,,https://github.com/reportsmishing/Smishing-Dataset-IMC25,1356,train
sg-01424,Nos agents ont constaté que votre véhicule n'était pas muni de la vignette réglementaire Crit'Air 2023. Veuillez la récupérer sous peine de contravention dans les prochaines 26/10. Sur le <NOM>-joint :,arnaque,autre_arnaque,aucun,FR,corpus_recherche,,false,moyenne,,https://github.com/reportsmishing/Smishing-Dataset-IMC25,1242,test
sg-01425,Boursorama: Veuillez mettre à jour vos informations personnelles pour synchroniser votre compte bancaire via ce lien :,arnaque,usurpation_operateur,banque,XX,corpus_recherche,,false,moyenne,,https://github.com/reportsmishing/Smishing-Dataset-IMC25,1357,train
sg-01426,Info ANTAI : Vous avez un retard de paiement de 6800e dossier référence 08/10. <NOM> mon dossier d'infraction via :,arnaque,autre_arnaque,aucun,XX,corpus_recherche,,false,moyenne,,https://github.com/reportsmishing/Smishing-Dataset-IMC25,1358,train
sg-01427,Info ANTAI : Vous avez un retard de paiement de 3500€ Dossier référence 01/03. <NOM> mon dossier d'infraction via :,arnaque,autre_arnaque,aucun,FR,corpus_recherche,,false,moyenne,,https://github.com/reportsmishing/Smishing-Dataset-IMC25,1267,train
sg-01428,Assurance maladie : <NOM> carte vitale arrive à expiration veuillez remplir le formulaire de renouvellement sous 24/10 via :,arnaque,autre_arnaque,aucun,XX,corpus_recherche,,false,moyenne,,https://github.com/reportsmishing/Smishing-Dataset-IMC25,1359,train
sg-01429,<NOM> a été livré le 09/09 au point de livraison. <NOM> vous pouvez récupérer votre colis ici: <URL>,arnaque,phishing_lien,aucun,FR,corpus_recherche,,false,moyenne,,https://github.com/reportsmishing/Smishing-Dataset-IMC25,1360,train
sg-01430,Suite à la panne d’électricité du au verglas mercredi dernier vous recevrez un crédité de 80$ sur votre carte de crédit. Afin de pouvoir réclamer ce qui vous ai dû veuillez cliquer sur le lien suivant :,arnaque,autre_arnaque,aucun,XX,corpus_recherche,,false,moyenne,,https://github.com/reportsmishing/Smishing-Dataset-IMC25,1361,train
sg-01431,Chronopost : Votre colis <REF> à subit un problème d'acheminement veuillez mettre à jour la livraison sur notre site: <URL>,arnaque,phishing_lien,aucun,FR,corpus_recherche,,false,moyenne,,https://github.com/reportsmishing/Smishing-Dataset-IMC25,1362,train
sg-01432,Pour la sécurité de votre compte de Apple Store votre compte est contraint et nécessite une nouvelle authentification,arnaque,autre_arnaque,aucun,XX,corpus_recherche,,false,moyenne,,https://github.com/reportsmishing/Smishing-Dataset-IMC25,1363,train
sg-01433,NETFLIX: Votre dernier paiement a été refusé veuillez confirmer vos informations de paiement sinon votre compte sera suspendu: <URL>,arnaque,phishing_lien,aucun,FR,corpus_recherche,,false,moyenne,,https://github.com/reportsmishing/Smishing-Dataset-IMC25,1347,train
sg-01434,SERVICE-PUBLIC: Vous pouvez désormais effectuer votre demande de redevance d'essence d'une valeur de 100€ sur : <URL>,arnaque,phishing_lien,aucun,FR,corpus_recherche,,false,moyenne,,https://github.com/reportsmishing/Smishing-Dataset-IMC25,1364,train
sg-01435,Votre transaction de €237.50 a bien ete effectuee. si vous n'etes pas a l'origine de cette transaction contactez le <TEL>,arnaque,usurpation_operateur,banque,FR,corpus_recherche,,false,moyenne,,https://github.com/reportsmishing/Smishing-Dataset-IMC25,1365,train
sg-01436,Vous avez droit à un remboursement. Visitez notre site Internet.,arnaque,autre_arnaque,aucun,XX,corpus_recherche,,false,moyenne,,https://github.com/reportsmishing/Smishing-Dataset-IMC25,1366,train
sg-01437,Nos agents ont constaté que votre véhicule n'était pas muni de la vignette réglementaire Crit'Air 2023. Veuillez la récupérer sous peine de contravention dans les prochaines 04/12. Sur le <NOM>-joint :,arnaque,autre_arnaque,aucun,XX,corpus_recherche,,false,moyenne,,https://github.com/reportsmishing/Smishing-Dataset-IMC25,1242,test
sg-01438,AMEL: Votre nouvelle carte Vitale est disponible - commandez-la dès maintenant! via: <URL>,arnaque,phishing_lien,aucun,FR,corpus_recherche,,false,moyenne,,https://github.com/reportsmishing/Smishing-Dataset-IMC25,1367,train
sg-01439,Chronopost : Votre colis a été mis en attente car il ne respecte pas le poids indiqué Rendez-vous vite sur : <URL>,arnaque,phishing_lien,aucun,FR,corpus_recherche,,false,moyenne,,https://github.com/reportsmishing/Smishing-Dataset-IMC25,1368,test
sg-01440,CRIT'Air : <NOM> agents ont constaté que vous n'étiez pas munis de la vignette réglementaire veuillez la récupérer via : <URL>,arnaque,phishing_lien,aucun,XX,corpus_recherche,,false,moyenne,,https://github.com/reportsmishing/Smishing-Dataset-IMC25,1292,train
sg-01441,info ANTTAI : Vous avez une contravention impayée d'un montant de 35€ à ce jour. Consultez votre dossier d'infraction via : <URL>,arnaque,phishing_lien,aucun,FR,corpus_recherche,,false,moyenne,,https://github.com/reportsmishing/Smishing-Dataset-IMC25,1322,train
sg-01442,AMENDES-GOUV: Dernier rappel avant majoration. Référence du dossier : . Consulter votre dossier d'infraction via : <URL>,arnaque,phishing_lien,aucun,XX,corpus_recherche,,false,moyenne,,https://github.com/reportsmishing/Smishing-Dataset-IMC25,1369,train
sg-01443,CRIT'AIR: <NOM> agents ont constaté que vous n'étiez pas muni de la vignette réglementaire veuillez la récupérer via:,arnaque,autre_arnaque,aucun,FR,corpus_recherche,,false,moyenne,,https://github.com/reportsmishing/Smishing-Dataset-IMC25,1292,train
sg-01444,Alerte SFR : Une e-sim a été commandée sur votre espace client. <NOM> s'agit pas de vous merci de vous rendre sur :,arnaque,usurpation_operateur,autre,FR,corpus_recherche,,false,moyenne,,https://github.com/reportsmishing/Smishing-Dataset-IMC25,1263,train
sg-01445,Nos agents ont constaté que votre véhicule n'était pas muni de la vignette réglementaire Crit'Air 2023. Veuillez la récupérer sous peine de contravention dans les prochaines 18/06. Sur le <NOM>-joint :,arnaque,autre_arnaque,aucun,XX,corpus_recherche,,false,moyenne,,https://github.com/reportsmishing/Smishing-Dataset-IMC25,1242,test
sg-01446,Nous avons essayé de livrer votre colis mais il n’y a aucun affranchissement. Suivez les instructions ici : <URL>,arnaque,phishing_lien,aucun,XX,corpus_recherche,,false,moyenne,,https://github.com/reportsmishing/Smishing-Dataset-IMC25,1236,train
sg-01447,Boursorama : La synchronisation avec votre appareil de confiance est maintenant obligatoire. Veuillez effectuer les démarches nécessaires avant le 05/05. Rendez-vous sur : <URL>,arnaque,usurpation_operateur,banque,XX,corpus_recherche,,false,moyenne,,https://github.com/reportsmishing/Smishing-Dataset-IMC25,1241,train
sg-01448,AMENDES.GOUV : Veuillez noter que vous avez une amende de stationnement impayée. Pour éviter toute majoration régularisez votre situation le plus rapidement possible en utilisant le lien ci-dessous :,arnaque,autre_arnaque,aucun,XX,corpus_recherche,,false,moyenne,,https://github.com/reportsmishing/Smishing-Dataset-IMC25,1370,train
sg-01449,"Assurance Maladie : 03/12 relance ! Renouvellement obligatoire de votre ""Carte Vitale"" à effectuer via <URL> avant le 19/04 sous peine de ne plus etre couvert(e).",arnaque,phishing_lien,aucun,XX,corpus_recherche,,false,moyenne,,https://github.com/reportsmishing/Smishing-Dataset-IMC25,1244,test
sg-01450,<NOM> a rencontré une erreur lors de sa livraison. Pour confirmer l'acheminement de celui-ci rendez-vous sur :,arnaque,phishing_lien,aucun,XX,corpus_recherche,,false,moyenne,,https://github.com/reportsmishing/Smishing-Dataset-IMC25,1274,train
sg-01451,ANTAI: 18/12 relance pour le règlement de votre infraction d'un montant de 3500€ via :,arnaque,autre_arnaque,aucun,FR,corpus_recherche,,false,moyenne,,https://github.com/reportsmishing/Smishing-Dataset-IMC25,1371,train
sg-01452,Nos agents ont constaté que votre véhicule n'était pas muni de la vignette règlementaire Crit'Air 2023. Veuillez la récupérer sous peine de contravention dans les prochaines 28/11. Sur le <NOM>-joint :,arnaque,autre_arnaque,aucun,XX,corpus_recherche,,false,moyenne,,https://github.com/reportsmishing/Smishing-Dataset-IMC25,1242,test
sg-01453,<NOM> ANTai : Votre infraction en date du 27/03 pas réglée. Dossier référence <TEL>. Merci de régler la situation avant le 27 mars sous peine d'une majoration pouvant atteindre jusqu'à 135 euros. <NOM> mon dossier ANTai via : <URL>,arnaque,phishing_lien,aucun,FR,corpus_recherche,,false,moyenne,,https://github.com/reportsmishing/Smishing-Dataset-IMC25,1248,train
sg-01454,Bpost : La livraison de votre colis est interrompu. <NOM> confirmer vos informations avant le 03/02 sur :,arnaque,phishing_lien,aucun,FR,corpus_recherche,,false,moyenne,,https://github.com/reportsmishing/Smishing-Dataset-IMC25,1249,train
sg-01455,Votre dernière livraison à été interrompue. Elle est actuellement mise en attente au centre de tri de Chilly-Mazarin - 91380 Le colis qui vous a été envoyé ne respectait pas le poids indiqué des frais supplémentaires vous sont alors demandés afin de pouvoir acheminer correctement votre colis. Les frais s'élèvent à 0.48€ Pour les payer veuillez cliquer sur le bouton ci-dessous Une fois les frais payés votre colis sera acheminé le plus rapidement possible vers le lieu de livraison. Dans le cas ou ceux-ci ne sont pas réglés dans les prochaines 48 heures le colis sera retourné à l'expéditeur.,arnaque,phishing_lien,aucun,XX,corpus_recherche,,false,moyenne,,https://github.com/reportsmishing/Smishing-Dataset-IMC25,1252,test
sg-01456,DHL : Votre colis est bloqué veuillez réglez les frais de douane afin de reprendre le cours de la livraison via :,arnaque,phishing_lien,aucun,FR,corpus_recherche,,false,moyenne,,https://github.com/reportsmishing/Smishing-Dataset-IMC25,1258,test
sg-01457,Compte Amis : Après la dernière vérification de votre dossier d'assurance maladie nous vous invitons à remplir ce formulaire de mise à jour. Cliquez sur le <NOM>,arnaque,autre_arnaque,aucun,XX,corpus_recherche,,false,moyenne,,https://github.com/reportsmishing/Smishing-Dataset-IMC25,1372,train
sg-01458,INFO ANTAI : Vous avez une contravention à payer. Afin d'éviter toute pénalité veuillez la régler via : <URL>,arnaque,phishing_lien,aucun,XX,corpus_recherche,,false,moyenne,,https://github.com/reportsmishing/Smishing-Dataset-IMC25,1318,train
sg-01459,bpost Votre colis est en route suivez-le ici:,arnaque,phishing_lien,aucun,BE,corpus_recherche,,false,moyenne,,https://github.com/reportsmishing/Smishing-Dataset-IMC25,1373,train
sg-01460,Impots Gouv : Votre compte fait l'objet d'une vérification. Veuillez vous authentifier pour réactiver l'accès à votre espace via :,arnaque,autre_arnaque,aucun,FR,corpus_recherche,,false,moyenne,,https://github.com/reportsmishing/Smishing-Dataset-IMC25,1374,train
sg-01461,<NOM> ANTai : Vous avez un retard de paiement de 3500€. Dossier référence 20/01. <NOM> mon dossier d'infraction via : <URL>,arnaque,phishing_lien,aucun,FR,corpus_recherche,,false,moyenne,,https://github.com/reportsmishing/Smishing-Dataset-IMC25,1375,test
sg-01462,Chronopost: votre colis est en attente d'instruction.Pour une livraison dès le 11/12 Rendez-vous sur : <URL>,arnaque,phishing_lien,aucun,XX,corpus_recherche,,false,moyenne,,https://github.com/reportsmishing/Smishing-Dataset-IMC25,1268,train
sg-01463,NET-FLIX: Votre dernier paiement a été refusé. Vos services prendront fin automatiquement le 06/09. Rendez-vous vite sur :,arnaque,autre_arnaque,aucun,FR,corpus_recherche,,false,moyenne,,https://github.com/reportsmishing/Smishing-Dataset-IMC25,1269,train
sg-01464,Attention! Une restitution fiscale de 56330 € est disponible dans notre portail et expire bient? <NOM>: <URL>,arnaque,phishing_lien,aucun,XX,corpus_recherche,,false,moyenne,,https://github.com/reportsmishing/Smishing-Dataset-IMC25,1273,test
sg-01465,ANTAI: 26/04 relance pour le règlement de votre infraction d'un montant de 3500€ via :,arnaque,autre_arnaque,aucun,FR,corpus_recherche,,false,moyenne,,https://github.com/reportsmishing/Smishing-Dataset-IMC25,1245,train
sg-01466,AIVIEL : 09/02 relance pour le renouvellement de votre carte vitale veuillez-vous réactualiser avant le 23/02 pour conserver vos droits. Nous vous prions de le remplir dans les plus brefs,arnaque,autre_arnaque,aucun,FR,corpus_recherche,,false,moyenne,,https://github.com/reportsmishing/Smishing-Dataset-IMC25,1376,train
sg-01467,MMA **** : Pour la complétude de votre dossier merci de nous envoyer votre pièce d'identité ici : Cliquez ici,arnaque,autre_arnaque,aucun,XX,corpus_recherche,,false,moyenne,,https://github.com/reportsmishing/Smishing-Dataset-IMC25,1281,train
sg-01468,<NOM> a été organisée pour la livraison veuillez vérifier. <URL>?<REF>,arnaque,phishing_lien,aucun,XX,corpus_recherche,,false,moyenne,,https://github.com/reportsmishing/Smishing-Dataset-IMC25,1377,test
sg-01469,ANTAI: Dernier rappel avant majoration. Vous avez un retard de paiement de 35€ dossier référence 23/02. <NOM> mon dossier d’infraction via: <URL>,arnaque,phishing_lien,aucun,FR,corpus_recherche,,false,moyenne,,https://github.com/reportsmishing/Smishing-Dataset-IMC25,1282,train
sg-01470,ANTAI: 10/01 relance pour le règlement de votre infraction d'un montant de 3500€ via : <URL>,arnaque,phishing_lien,aucun,XX,corpus_recherche,,false,moyenne,,https://github.com/reportsmishing/Smishing-Dataset-IMC25,1378,test
sg-01471,<NOM> a été organisée pour la livraison veuillez vérifier. <URL>?,arnaque,phishing_lien,aucun,FR,corpus_recherche,,false,moyenne,,https://github.com/reportsmishing/Smishing-Dataset-IMC25,1377,test
sg-01472,N E T F L I X : <NOM> dernier paiement a été refusé. Vos services prendront fin automatiquement le 15/10. Rendez-vous vite sur : <URL>,arnaque,phishing_lien,aucun,XX,corpus_recherche,,false,moyenne,,https://github.com/reportsmishing/Smishing-Dataset-IMC25,1379,train
sg-01473,NETFLIX : Rejet de prélèvement veuillez confirmer vos informations de paiement sous 10/06 sera suspendu : <NOM>,arnaque,autre_arnaque,aucun,XX,corpus_recherche,,false,moyenne,,https://github.com/reportsmishing/Smishing-Dataset-IMC25,1380,train
sg-01474,DERNIERE RELANCE AVANT POURSUITE JUDICIAIRE : Vous restez redevalbe de la somme de 31.27€. Veuillez vous acquitter de votre impayé via notre plateforme de télé-paiement sous 10/05 avant transmission de votre dossier en injonction de paiement auprès de la Banque de France :,arnaque,usurpation_operateur,banque,FR,corpus_recherche,,false,moyenne,,https://github.com/reportsmishing/Smishing-Dataset-IMC25,1291,train
sg-01475,Nos agents ont constaté que votre véhicule n'était pas muni de la vignette réglementaire Crit'Air 2023. Veuillez la récupérer sous peine de contravention dans les prochaines 09/01. Sur le <NOM>-joint :,arnaque,autre_arnaque,aucun,FR,corpus_recherche,,false,moyenne,,https://github.com/reportsmishing/Smishing-Dataset-IMC25,1242,test
sg-01476,Nos agents ont constaté que votre véhicule n'était pas muni de la vignette règlementaire Crit'Air 2023. Veuillez la récupérer sous peine de contravention dans les prochaines 28/03. Sur le <NOM>-joint :,arnaque,autre_arnaque,aucun,XX,corpus_recherche,,false,moyenne,,https://github.com/reportsmishing/Smishing-Dataset-IMC25,1242,test
sg-01477,<NOM>: nous avons déterminé que vous recevrez un remboursement de 85099 €. Veuillez remplir votre formulaire de remboursement et confirmez via le <NOM>,arnaque,autre_arnaque,aucun,XX,corpus_recherche,,false,moyenne,,https://github.com/reportsmishing/Smishing-Dataset-IMC25,1381,train
sg-01478,NETFLIX: Le dernier paiement de votre abonnement a été rejeté à mettre à jour impérativement avant le 09/07. Rendez-vous vite sur :,arnaque,autre_arnaque,aucun,FR,corpus_recherche,,false,moyenne,,https://github.com/reportsmishing/Smishing-Dataset-IMC25,1295,train
sg-01479,Bonjour une message vocal concernant votre rendez-vous de demain (02/09) a été envoyé au Cliquez sur ce lien <URL> pour l'écouter et y répondre avant ce soir.,arnaque,phishing_lien,aucun,XX,corpus_recherche,,false,moyenne,,https://github.com/reportsmishing/Smishing-Dataset-IMC25,1382,train
sg-01480,Info ANTAI : Vous avez un retard de paiement de 3500€ Dossier référence 27/09. <NOM> mon dossier d'infraction via :,arnaque,autre_arnaque,aucun,XX,corpus_recherche,,false,moyenne,,https://github.com/reportsmishing/Smishing-Dataset-IMC25,1267,train
sg-01481,Chronopost : Votre colis <REF> est bien arrivé sur notre site de distribution des frais de douane sont appliqués : <URL>,arnaque,phishing_lien,aucun,XX,corpus_recherche,,false,moyenne,,https://github.com/reportsmishing/Smishing-Dataset-IMC25,1383,train
sg-01482,Assurance Maladie : Expiration de votre carte vitale a mettre a jours imperativement. Demarche en ligne:,arnaque,autre_arnaque,aucun,XX,corpus_recherche,,false,moyenne,,https://github.com/reportsmishing/Smishing-Dataset-IMC25,1303,train
sg-01483,Chronopost: votre colis est en attente d'instruction. Pour une livraison dès le 02/05 Rendez-vous sur : <URL>,arnaque,phishing_lien,aucun,XX,corpus_recherche,,false,moyenne,,https://github.com/reportsmishing/Smishing-Dataset-IMC25,1384,test
sg-01484,AMENDES GOUV : Dernier rappel avant majoration. Vous avez un retard de paiement de 35€ dossier référence <REF>. <NOM> mon dossier d'infraction via: <URL>,arnaque,phishing_lien,aucun,XX,corpus_recherche,,false,moyenne,,https://github.com/reportsmishing/Smishing-Dataset-IMC25,1385,test
sg-01485,<NOM> utilisateur ItsMe votre compte a été bloqué temporairement en raison d'une activité suspecte. <NOM> les étapes du 15/06 pour éviter un blocage définitif.,arnaque,autre_arnaque,aucun,XX,corpus_recherche,,false,moyenne,,https://github.com/reportsmishing/Smishing-Dataset-IMC25,1305,train
sg-01486,<NOM> a été postée. Veuillez le récupérer à temps.,arnaque,phishing_lien,aucun,XX,corpus_recherche,,false,moyenne,,https://github.com/reportsmishing/Smishing-Dataset-IMC25,1250,train
sg-01487,DESJARDINS ALERTES Nous avons mis une restriction sur votre compte pour des raisons de sécurité. Veuillez vous identifier afin de débloquer votre compte. Visitez: https:// <URL>ine/Verification,arnaque,usurpation_operateur,banque,XX,corpus_recherche,,false,moyenne,,https://github.com/reportsmishing/Smishing-Dataset-IMC25,1306,train
sg-01488,ANTAI: Vous avez un retard de paiement d'une infraction routière dernier rappel avant majoration. <NOM> <REF>. <NOM> mon dossier d'infraction via: <URL>,arnaque,phishing_lien,aucun,FR,corpus_recherche,,false,moyenne,,https://github.com/reportsmishing/Smishing-Dataset-IMC25,1386,train
sg-01489,Votre solde CPF 2022 est à jour (+500 Euros) Vérifiez et utilisez vos droits avant expiration : cutt[.]ly/vjz4er STOP PUB,arnaque,phishing_lien,aucun,XX,corpus_recherche,,false,moyenne,,https://github.com/reportsmishing/Smishing-Dataset-IMC25,1387,train
sg-01490,<NOM> ANTAI : Votre infraction en date du 2 mars est toujours en attente de règlement. Dossier référence 02/11. Merci de régler la situation avant le 6 04/03 sous peine d'une majoration pouvant atteindre jusqu'à 135 euros. Consulter votre dossier ANTAI via : <URL>,arnaque,phishing_lien,aucun,FR,corpus_recherche,,false,moyenne,,https://github.com/reportsmishing/Smishing-Dataset-IMC25,1388,train
sg-01491,Nos agents ont constaté que votre véhicule n'était pas muni de la vignette réglementaire Crit'Air 2023. Veuillez la récupérer sous peine de contravention dans les prochaines 27/10. Sur le <NOM>-joint :,arnaque,autre_arnaque,aucun,XX,corpus_recherche,,false,moyenne,,https://github.com/reportsmishing/Smishing-Dataset-IMC25,1242,test
sg-01492,Nos agents ont constaté que votre véhicule n'était pas muni de la vignette réglementaire Crit'Air 2023. Veuillez la récupérer sous peine de contravention dans les prochaines 13/09.,arnaque,autre_arnaque,aucun,XX,corpus_recherche,,false,moyenne,,https://github.com/reportsmishing/Smishing-Dataset-IMC25,1242,test
sg-01493,Spuerkeess : Votre compte a ete temporairement bloque pour des raisons de securite. <NOM> suivant : <URL>,arnaque,usurpation_operateur,banque,XX,corpus_recherche,,false,moyenne,,https://github.com/reportsmishing/Smishing-Dataset-IMC25,1389,train
sg-01494,Assurance Maladie: Expiration de votre carte <NOM>. Rendez-vous sur : <URL>,arnaque,phishing_lien,aucun,XX,corpus_recherche,,false,moyenne,,https://github.com/reportsmishing/Smishing-Dataset-IMC25,1390,train
sg-01495,contravention a regler aux plus vite stationnement abusif et gênant par le conducteur du véhicule Bonjour Nous avons trouvé une contravention rattachée à votre dossier. Le montant de la contravention s'élève à 35€,arnaque,autre_arnaque,aucun,XX,corpus_recherche,,false,moyenne,,https://github.com/reportsmishing/Smishing-Dataset-IMC25,1391,train
sg-01496,Info ANTAI : Vous avez un retard de paiement de 3500€. Dossier référence 01/03. <NOM> mon dossier d'infraction via : <NOM>,arnaque,autre_arnaque,aucun,FR,corpus_recherche,,false,moyenne,,https://github.com/reportsmishing/Smishing-Dataset-IMC25,1267,train
sg-01497,AMENDE: vous avez un retard de paiement de 3500€. Rdv sur: <URL>,arnaque,phishing_lien,aucun,XX,corpus_recherche,,false,moyenne,,https://github.com/reportsmishing/Smishing-Dataset-IMC25,1392,train
sg-01498,AMENDES <NOM>: Dernier rappel avant majoration. Référence du dossier : <TEL>. Consulter votre dossier d'infraction via : <URL>,arnaque,phishing_lien,aucun,XX,corpus_recherche,,false,moyenne,,https://github.com/reportsmishing/Smishing-Dataset-IMC25,1369,train
sg-01499,Netflix : Votre adhésion a été interrompue veuillez vous connecter afin de mettre à jour vos informations via : http://,arnaque,autre_arnaque,aucun,XX,corpus_recherche,,false,moyenne,,https://github.com/reportsmishing/Smishing-Dataset-IMC25,1319,train
sg-01500,"Vous avez reçu 400.00 euros avec Paylib : "" REMBOURSEMENT CAF "". Récupérez votre argent sous 05/11 <URL>",arnaque,usurpation_operateur,banque,FR,corpus_recherche,,false,moyenne,,https://github.com/reportsmishing/Smishing-Dataset-IMC25,1320,test
sg-01501,Info ANTAI : Vous avez un retard de paiement de 3500€ Dossier référence 03/12. <NOM> mon dossier d'infraction via :,arnaque,autre_arnaque,aucun,FR,corpus_recherche,,false,moyenne,,https://github.com/reportsmishing/Smishing-Dataset-IMC25,1267,train
sg-01502,Info ANTAI: Vous avez un retard de paiement de 3500e dossier référence 28/11 <NOM> mon dossier d'infraction via : <URL> Avant le : 11/05,arnaque,phishing_lien,aucun,FR,corpus_recherche,,false,moyenne,,https://github.com/reportsmishing/Smishing-Dataset-IMC25,1393,train
sg-01503,Votre compte CIH BANK a été bloqué veuillez mettre à jour vos informations dans la prochaine 18/01 :,arnaque,usurpation_operateur,banque,XX,corpus_recherche,,false,moyenne,,https://github.com/reportsmishing/Smishing-Dataset-IMC25,1331,train
sg-01504,DERNIERE RELANCE AVANT POURSITE JUDICIAIRE : Vous avez un retard paiement de 3500€. Dossier référence <TEL>. <NOM> mon dossier d'infraction via :,arnaque,autre_arnaque,aucun,FR,corpus_recherche,,false,moyenne,,https://github.com/reportsmishing/Smishing-Dataset-IMC25,1332,train
sg-01505,Info ANTAI : Vous avez un retard de paiement de 3500€ Dossier référence 03/06. <NOM> mon dossier d'infraction via :,arnaque,autre_arnaque,aucun,FR,corpus_recherche,,false,moyenne,,https://github.com/reportsmishing/Smishing-Dataset-IMC25,1267,train
sg-01506,Assurance Maladie : Expiration de votre carte vitale à mettre à jour impérativement. <NOM> <URL>,arnaque,phishing_lien,aucun,XX,corpus_recherche,,false,moyenne,,https://github.com/reportsmishing/Smishing-Dataset-IMC25,1227,train
sg-01507,Assurance maladie : votre carte <NOM> à expiration veuillez remplir le formulaire de renouvellement sous 28/09,arnaque,autre_arnaque,aucun,XX,corpus_recherche,,false,moyenne,,https://github.com/reportsmishing/Smishing-Dataset-IMC25,1394,train
sg-01508,AMENDES-GOUV: Dernier rappel avant majoration. Référence du dossier : <TEL>. Consulter votre dossier d'infraction via : <URL>,arnaque,phishing_lien,aucun,XX,corpus_recherche,,false,moyenne,,https://github.com/reportsmishing/Smishing-Dataset-IMC25,1369,train
sg-01509,<NOM> d'activer au plus vite les Aides de l'Etat concernant votre maison afin de Réduire votre facture Energie de 80%:,arnaque,autre_arnaque,aucun,FR,corpus_recherche,,false,moyenne,,https://github.com/reportsmishing/Smishing-Dataset-IMC25,1395,train
sg-01510,Chronopost : Votre colis a rencontré une erreur lors de sa livraison. Pour confirmer l'acheminement de celui-ci rendez-vous sur : <URL>,arnaque,phishing_lien,aucun,XX,corpus_recherche,,false,moyenne,,https://github.com/reportsmishing/Smishing-Dataset-IMC25,1274,train
sg-01511,INFO ANTAI: Vous avez une contravention à payer. Afin d'éviter toute pénalité veuillez la régler via: <URL> AMENDE GOUV: <NOM> agents ont trouvé des contraventions rattachées à votre dossier. Veuillez consulter vos détails de contravention via: <URL>,arnaque,phishing_lien,aucun,XX,corpus_recherche,,false,moyenne,,https://github.com/reportsmishing/Smishing-Dataset-IMC25,1396,test
sg-01512,AMELI: Votre nouvelle carte vitale est disponible faites votre demande via :,arnaque,autre_arnaque,aucun,XX,corpus_recherche,,false,moyenne,,https://github.com/reportsmishing/Smishing-Dataset-IMC25,1397,train
sg-01513,Chronopost : La livraison de votre colis a été suspendue à cause de frais supplémentaires suivez les instructions : <URL>,arnaque,phishing_lien,aucun,FR,corpus_recherche,,false,moyenne,,https://github.com/reportsmishing/Smishing-Dataset-IMC25,1253,train
sg-01514,Bouygues: Le renouvellement automatique de votre prochaine facture a échoué. Veuillez régulariser votre situation via : <URL>,arnaque,usurpation_operateur,autre,XX,corpus_recherche,,false,moyenne,,https://github.com/reportsmishing/Smishing-Dataset-IMC25,1398,train
sg-01515,NETFLIX:Le dernier paiement de votre compte a été rejetéà mettre à jour impérativement avant le 27/10. Rendez-vous sur: <URL>,arnaque,phishing_lien,aucun,FR,corpus_recherche,,false,moyenne,,https://github.com/reportsmishing/Smishing-Dataset-IMC25,1399,train
sg-01516,AMENDE GOUV : Dernier rappel avant majoration. <NOM>. <NOM> mon dossier d’infraction via : <URL>,arnaque,phishing_lien,aucun,XX,corpus_recherche,,false,moyenne,,https://github.com/reportsmishing/Smishing-Dataset-IMC25,1400,train
sg-01517,INFO ANTAI: Vous avez une contravention à payer. Afin d'éviter toute pénalité veuillez la régler via: <URL>. AMENDE GOUV - Nos agents ont trouvés une contravention rattachée à votre dossier. Veuillez consulter les détails de la contravention via : <URL>,arnaque,phishing_lien,aucun,XX,corpus_recherche,,false,moyenne,,https://github.com/reportsmishing/Smishing-Dataset-IMC25,1333,train
sg-01518,Info ANTAI : Vous avez un retard de paiement de 3500€ dossier référence 02/02. <NOM> mon dossier d'infraction via : <URL>,arnaque,phishing_lien,aucun,XX,corpus_recherche,,false,moyenne,,https://github.com/reportsmishing/Smishing-Dataset-IMC25,1267,train
sg-01519,INFO ANTAI: Vous avez une contravention à payer. Afin d'éviter toute pénalité veillez la régler via: AMENDE GOUV - nos agents ont trouvés une contravention rattachée à votre dossier. Veuillez consulter les détails de la contravention via : <URL>,arnaque,phishing_lien,aucun,XX,corpus_recherche,,false,moyenne,,https://github.com/reportsmishing/Smishing-Dataset-IMC25,1333,train
sg-01520,DERNIERE RELANCE AVANT POURSUITE JUDICIAIRE : Vous restez redevalbe de la somme de 29.90€. Veuillez vous acquitter de votre impayé via notre plateforme de télé-paiement sous 23/11 avant transmission de votre dossier en injonction de paiement auprès de la Banque de France :,arnaque,usurpation_operateur,banque,FR,corpus_recherche,,false,moyenne,,https://github.com/reportsmishing/Smishing-Dataset-IMC25,1291,train
sg-01521,Bpost : La livraison de votre colis prévue demain matin 25/12 entre 8h30 et 12h30 n'est pas possible. Rendez-vous sur <URL> pour plus d'informations.,arnaque,phishing_lien,aucun,FR,corpus_recherche,,false,moyenne,,https://github.com/reportsmishing/Smishing-Dataset-IMC25,1338,train
sg-01522,Netflix : Nous vous informons que votre dernier paiement a été refusé. Veuillez mettre a jour vos informations ci-dessous. <URL>,arnaque,phishing_lien,aucun,XX,corpus_recherche,,false,moyenne,,https://github.com/reportsmishing/Smishing-Dataset-IMC25,1339,train
sg-01523,INFO ANTAI: Vous avez une contravention à payer. Afin d'éviter toute pénalités veuillez a régler via : <URL>,arnaque,phishing_lien,aucun,FR,corpus_recherche,,false,moyenne,,https://github.com/reportsmishing/Smishing-Dataset-IMC25,1318,train
sg-01524,<NOM>. <NOM> payez <NOM> 24 heures vos colis seront retournés à l'expéditeur.,arnaque,phishing_lien,aucun,XX,corpus_recherche,,false,moyenne,,https://github.com/reportsmishing/Smishing-Dataset-IMC25,1401,train
sg-01525,Nos agents ont constaté que votre véhicule n'était pas muni de la vignette réglementaire Crit'Air 2023. Veuillez la récupérer sous peine de contravention dans les prochaines 16/01. Sur le <NOM>-joint :,arnaque,autre_arnaque,aucun,XX,corpus_recherche,,false,moyenne,,https://github.com/reportsmishing/Smishing-Dataset-IMC25,1242,test
sg-01526,Netflix : Votre dernier paiement a était rejeter veuillez remettre vos informations et de le régulariser : <URL>,arnaque,phishing_lien,aucun,XX,corpus_recherche,,false,moyenne,,https://github.com/reportsmishing/Smishing-Dataset-IMC25,1345,train
sg-01527,Chronopost : Votre colis rencontre un problème d'acheminement. Veuillez actualiser vos informations de livraison : <URL>,arnaque,phishing_lien,aucun,XX,corpus_recherche,,false,moyenne,,https://github.com/reportsmishing/Smishing-Dataset-IMC25,1402,train
sg-01528,NET-FLIX: Votre dernier paiement a été refusé veuillez confirmer vos informations de paiement ou votre compte sera suspendu:,arnaque,autre_arnaque,aucun,FR,corpus_recherche,,false,moyenne,,https://github.com/reportsmishing/Smishing-Dataset-IMC25,1347,train
sg-01529,ANTAI: Dernier rappel avant majoration. Vous avez un retard de paiement de 35€ dossier référence 26/02. <NOM> mon dossier d’infraction via: <URL>.,arnaque,phishing_lien,aucun,FR,corpus_recherche,,false,moyenne,,https://github.com/reportsmishing/Smishing-Dataset-IMC25,1282,train
sg-01530,INFO <NOM>: Dernier rappel Vous avez une contravention impayée de 35.00€. consulter votre dossier <REF> via <URL>,arnaque,phishing_lien,aucun,FR,corpus_recherche,,false,moyenne,,https://github.com/reportsmishing/Smishing-Dataset-IMC25,1348,train
sg-01531,ANTAI: Vous avez un retard de paiement ...,arnaque,autre_arnaque,aucun,XX,corpus_recherche,,false,moyenne,,https://github.com/reportsmishing/Smishing-Dataset-IMC25,1403,train
sg-01532,ANTAI: 26/02 relance pour règlement de votre infraction d'un montant de 3500€.Consulter via: https://,arnaque,autre_arnaque,aucun,FR,corpus_recherche,,false,moyenne,,https://github.com/reportsmishing/Smishing-Dataset-IMC25,1404,train
sg-01533,<NOM> ANTAI : Votre infraction en date du 07/02 pas réglée. Dossier référence <TEL>. Merci de régler la situation avant le 19 mars sous peine d'une majoration pouvant atteindre jusqu'à 135 euros. <NOM> mon dossier ANTAI via : <URL>,arnaque,phishing_lien,aucun,FR,corpus_recherche,,false,moyenne,,https://github.com/reportsmishing/Smishing-Dataset-IMC25,1248,train
sg-01534,Bpost : Votre colis est bloqué veuillez réglez les frais de douane afin de reprendre le cours de la livraison via : <URL>,arnaque,phishing_lien,aucun,FR,corpus_recherche,,false,moyenne,,https://github.com/reportsmishing/Smishing-Dataset-IMC25,1258,test
sg-01535,Madame <NOM> BOIS ou au FIOUL vous pouvez demander votre CHEQUE ENERGIE sur <URL>,arnaque,phishing_lien,aucun,XX,corpus_recherche,,false,moyenne,,https://github.com/reportsmishing/Smishing-Dataset-IMC25,1405,train
sg-01536,Nos agents ont constaté que votre véhicule n'était pas muni de la vignette réglementaire Crit'Air 2023. Veuillez la récupérer sous peine de contravention dans les prochaines 16/03. Sur le <NOM>-joint :,arnaque,autre_arnaque,aucun,FR,corpus_recherche,,false,moyenne,,https://github.com/reportsmishing/Smishing-Dataset-IMC25,1242,test
sg-01537,Boursorama: Veuillez mettre à jour vos informations personnelles pour synchroniser votre compte bancaire via ce lien : <URL>,arnaque,usurpation_operateur,banque,XX,corpus_recherche,,false,moyenne,,https://github.com/reportsmishing/Smishing-Dataset-IMC25,1357,train
sg-01538,Chronopost : Votre colis a rencontré une erreur lors de sa livraison . Pour confirmer l'acheminement de celui-ci rendez-vous sur :,arnaque,phishing_lien,aucun,XX,corpus_recherche,,false,moyenne,,https://github.com/reportsmishing/Smishing-Dataset-IMC25,1274,train
sg-01539,Chronopost : Votre colis a un problème d'acheminement veuillez mettre à jour la livraison sur notre site :,arnaque,phishing_lien,aucun,FR,corpus_recherche,,false,moyenne,,https://github.com/reportsmishing/Smishing-Dataset-IMC25,1406,train
sg-01540,Info ANTAI : Vous avez un retard de paiement de 6800e dossier référence 25/07. <NOM> mon dossier d'infraction via : <URL>,arnaque,phishing_lien,aucun,XX,corpus_recherche,,false,moyenne,,https://github.com/reportsmishing/Smishing-Dataset-IMC25,1358,train
sg-01541,Info ANTAI : Vous avez un retard de paiement de 3500€ Dossier référence 25/10. <NOM> mon dossier d'infraction via :,arnaque,autre_arnaque,aucun,FR,corpus_recherche,,false,moyenne,,https://github.com/reportsmishing/Smishing-Dataset-IMC25,1267,train
sg-01542,Assurance maladie : <NOM> carte vitale arrive à expiration veuillez remplir le formulaire de renouvellement sous 09/12 via :,arnaque,autre_arnaque,aucun,XX,corpus_recherche,,false,moyenne,,https://github.com/reportsmishing/Smishing-Dataset-IMC25,1359,train
sg-01543,Suite à la panne d’électricité du au verglas mercredi dernier le 5 avril 2023 vous recevrez un crédité de 80$ sur votre carte de crédit . Afin de pouvoir réclamer ce qui vous ai dû veuillez cliquer sur le lien suivant : vo[.]la/k2zhdf :,arnaque,phishing_lien,aucun,XX,corpus_recherche,,false,moyenne,,https://github.com/reportsmishing/Smishing-Dataset-IMC25,1407,train
sg-01544,Votre transaction de €237.50 a bien ete effectuée. <NOM> transaction contactez le <TEL>,arnaque,usurpation_operateur,banque,FR,corpus_recherche,,false,moyenne,,https://github.com/reportsmishing/Smishing-Dataset-IMC25,1408,train
sg-01545,AMEL : Votre nouvelle carte Viale est disponible - commandez-la dès maintenant !,arnaque,autre_arnaque,aucun,FR,corpus_recherche,2023-10,false,moyenne,,https://github.com/reportsmishing/Smishing-Dataset-IMC25,1409,test
sg-01546,[SÉCURITÉ SOCIALE]: après les derniers calculs <NOM>€ cliquant ici:,arnaque,autre_arnaque,aucun,XX,corpus_recherche,,false,moyenne,,https://github.com/reportsmishing/Smishing-Dataset-IMC25,1410,train
sg-01547,Nos agents ont constaté que votre véhicule n'était pas muni de la vignette réglementaire Crit'Air 2023. Veuillez la récupérer sous peine de contravention dans les prochaines 17/04. Sur le <NOM>-joint :,arnaque,autre_arnaque,aucun,XX,corpus_recherche,,false,moyenne,,https://github.com/reportsmishing/Smishing-Dataset-IMC25,1242,test
sg-01548,ANTAI : Vous avez un retard de paiement de 3500€ dossier référence 10/08. <NOM> mon dossier infraction via :,arnaque,autre_arnaque,aucun,XX,corpus_recherche,,false,moyenne,,https://github.com/reportsmishing/Smishing-Dataset-IMC25,1411,train
sg-01549,Chronopost : Votre colis rencontre un problème d'acheminement veuillez mettre à jour la livraison sur : <URL>,arnaque,phishing_lien,aucun,XX,corpus_recherche,,false,moyenne,,https://github.com/reportsmishing/Smishing-Dataset-IMC25,1412,train
sg-01550,Chronopost : Votre colis à rencontré un problème d'acheminement veuillez mettre à jour la livraison sur notre site.,arnaque,phishing_lien,aucun,XX,corpus_recherche,,false,moyenne,,https://github.com/reportsmishing/Smishing-Dataset-IMC25,1406,train
sg-01551,Nos agents ont constaté que votre véhicule n'était pas muni de la vignette réglementaire Crit'Air 2023. Veuillez la récupérer sous peine de contravention dans les prochaines 14/12. Sur le <NOM>-joint :,arnaque,autre_arnaque,aucun,XX,corpus_recherche,,false,moyenne,,https://github.com/reportsmishing/Smishing-Dataset-IMC25,1242,test
sg-01552,"Vous avez reçu 400.00 euros avec Paylib : "" REMBOURSEMENT CAF "". Récupérez votre argent sous 07/02 <URL>",arnaque,usurpation_operateur,banque,FR,corpus_recherche,,false,moyenne,,https://github.com/reportsmishing/Smishing-Dataset-IMC25,1320,test
sg-01553,SOCIETE GENERALE : Votre pass sécurité a été désactivé pour des mesures de sécurité. Réactivez le sous 24heures :,arnaque,usurpation_operateur,banque,FR,corpus_recherche,,false,moyenne,,https://github.com/reportsmishing/Smishing-Dataset-IMC25,1413,train
sg-01554,Avis important vous avez 48 heures pour répondre au gestionnaire de votre compte: <URL>,arnaque,usurpation_operateur,banque,XX,corpus_recherche,,false,moyenne,,https://github.com/reportsmishing/Smishing-Dataset-IMC25,1414,train
sg-01555,Crédit Agricole : Veuillez autoriser Securi-Pass sur votre application ma banque pour terminer l'opération de sécurité :,arnaque,usurpation_operateur,banque,XX,corpus_recherche,,false,moyenne,,https://github.com/reportsmishing/Smishing-Dataset-IMC25,1415,test
sg-01556,votre colis rencontre un problème d'acheminement veuillez actualiser vos informatio...,arnaque,phishing_lien,aucun,XX,corpus_recherche,,false,moyenne,,https://github.com/reportsmishing/Smishing-Dataset-IMC25,1416,train
sg-01557,Madame <NOM> BOIS vous pouvez demander votre CHEQUE ENERGI...,arnaque,autre_arnaque,aucun,XX,corpus_recherche,,false,moyenne,,https://github.com/reportsmishing/Smishing-Dataset-IMC25,1417,train
sg-01558,Un problème est survenu lors de la livraison de votre colis....,arnaque,phishing_lien,aucun,XX,corpus_recherche,,false,moyenne,,https://github.com/reportsmishing/Smishing-Dataset-IMC25,1418,train
sg-01559,Un retard de paiement de 3500 € a été identifié <NOM>...,arnaque,autre_arnaque,aucun,XX,corpus_recherche,,false,moyenne,,https://github.com/reportsmishing/Smishing-Dataset-IMC25,1419,train
sg-01560,Votre dernière livraison à été interrompue. <NOM> actuellement mis en attente au centre de tri de Brest (29200) Le colis qui vous a été envoyé ne respectait pas le poids indiqué des frais supplémentaires vous sont alors demandés afin de pouvoir acheminer correctement votre colis. Les frais s'élèvent à 0.48€ Pour les payer veuillez cliquer sur le bouton ci-dessous Une fois les frais payés votre colis sera acheminé le plus rapidement possible vers le lieu de livraison. Dans le cas ou ceux-ci ne sont pas réglés dans les prochaines 48 heures le colis sera retourné à l'expéditeur.,arnaque,phishing_lien,aucun,XX,corpus_recherche,,false,moyenne,,https://github.com/reportsmishing/Smishing-Dataset-IMC25,1252,test
sg-01561,Madame <NOM> BOIS ou au FIOUL vous pouvez demander votre CHEQUE ENERGIE sur hxxps://cheque <URL>,arnaque,phishing_lien,aucun,XX,corpus_recherche,,false,moyenne,,https://github.com/reportsmishing/Smishing-Dataset-IMC25,1405,train
sg-01562,"Pour des raisons de sécurités, votre compte BMO est temporairement suspendu. Veuillez verifier vos informations : <URL>",arnaque,usurpation_operateur,banque,CA,corpus_recherche,,false,moyenne,,https://github.com/reportsmishing/Smishing-Dataset-IMC25,1420,train
sg-01563,"Services <NOM>. Vos services ont été momentanément suspendus. <NOM> au plus tot, Visitez le : <URL>",arnaque,usurpation_operateur,banque,CA,corpus_recherche,,false,moyenne,,https://github.com/reportsmishing/Smishing-Dataset-IMC25,1421,train
sg-01564,Avis important de la BNC: Visitez-le <URL>,arnaque,usurpation_operateur,banque,XX,corpus_recherche,,false,moyenne,,https://github.com/reportsmishing/Smishing-Dataset-IMC25,1422,train
sg-01565,Le département technique de Société Générale procède à une mise à jour de logiciel programmée de façon à améliorer la qualité des services bancaires. Nous vous demandons avec bienveillance de cliquer sur le <NOM>.,arnaque,usurpation_operateur,banque,XX,corpus_recherche,,false,moyenne,,https://github.com/reportsmishing/Smishing-Dataset-IMC25,1423,train
sg-01566,"Votre remboursement de 754.89 EUR est disponible, rendez-vous maintenant sur:",arnaque,usurpation_operateur,banque,XX,corpus_recherche,,false,moyenne,,https://github.com/reportsmishing/Smishing-Dataset-IMC25,1424,test
sg-01567,Votre remboursement de 750.33 EUR est disponible rendez-vous maintenant sur: bit[.]ly/73ivry,arnaque,usurpation_operateur,banque,XX,corpus_recherche,,false,moyenne,,https://github.com/reportsmishing/Smishing-Dataset-IMC25,1425,train
sg-01568,La Banque Postale Mettre a jour votre compte ici <URL>.<REF> <URL>,arnaque,usurpation_operateur,banque,XX,corpus_recherche,,false,moyenne,,https://github.com/reportsmishing/Smishing-Dataset-IMC25,1426,train
sg-01569,Votre compte paypal est suspendu. Veuillez vérifier ici: <URL>,arnaque,usurpation_operateur,banque,XX,corpus_recherche,,false,moyenne,,https://github.com/reportsmishing/Smishing-Dataset-IMC25,1427,test
sg-01570,"Suite à une récente mis à jour AccèsD, <NOM>, or il restera suspendu: <URL>",arnaque,usurpation_operateur,banque,CA,corpus_recherche,,false,moyenne,,https://github.com/reportsmishing/Smishing-Dataset-IMC25,1428,train
sg-01571,"Pour des raison de sécurité, nous avons suspendu votre compte Nickel. Veuillez compléter la procédure suivante pour confirmer vos informations personnelles :",arnaque,usurpation_operateur,banque,XX,corpus_recherche,,false,moyenne,,https://github.com/reportsmishing/Smishing-Dataset-IMC25,1429,train
sg-01572,La Banque Postale Mettre a jour votre compte ici ww <URL>.<REF> <URL>,arnaque,usurpation_operateur,banque,XX,corpus_recherche,,false,moyenne,,https://github.com/reportsmishing/Smishing-Dataset-IMC25,1426,train
sg-01573,"Votre facture est DEBITEE deux fois, nous vous prions de remplir le formulaire de remboursement: <URL>",arnaque,usurpation_operateur,banque,XX,corpus_recherche,,false,moyenne,,https://github.com/reportsmishing/Smishing-Dataset-IMC25,1430,train
sg-01574,Les Caisses Desjardins : Votre compte est suspendu suite a une transaction récente Veuillez vérifier votre identité ici :,arnaque,usurpation_operateur,banque,XX,corpus_recherche,,false,moyenne,,https://github.com/reportsmishing/Smishing-Dataset-IMC25,1431,train
sg-01575,"ALERTE, Pour Authentifier votre paiement de 899.98 euros veuillez saisir le code <REF> si vous n'avez pas effectue ce paiement appelez le <TEL> #HQy55 BONJOUR, Pour Authentifier votre paiement de 899.98 euros veuillez saisir le code <REF> si vous n'avez pas effectue ce paiement appelez le <TEL> #MSGr96",arnaque,usurpation_operateur,banque,XX,corpus_recherche,,false,moyenne,,https://github.com/reportsmishing/Smishing-Dataset-IMC25,1432,train
sg-01576,Votre compte paypal est inactif réactiver-le et télécharger à nouveau,arnaque,usurpation_operateur,banque,XX,corpus_recherche,,false,moyenne,,https://github.com/reportsmishing/Smishing-Dataset-IMC25,1433,train
sg-01577,<NOM>: Vous devez réactiver votre Certicode Plus sur <URL> pour éviter la suspension de votre compte,arnaque,usurpation_operateur,banque,FR,corpus_recherche,,false,moyenne,,https://github.com/reportsmishing/Smishing-Dataset-IMC25,1434,train
sg-01578,"<NOM>, Votre compte Société Générale est temporairement verrouillé, veuillez le réactiver via le <NOM>",arnaque,usurpation_operateur,banque,FR,corpus_recherche,,false,moyenne,,https://github.com/reportsmishing/Smishing-Dataset-IMC25,1435,train
sg-01579,Société Générale : Notre système a détecté que votre pass sécurité n'est pas vérifié. Ceci est un dernier rappel vous invitant à vous rendre sur le lien ci-dessous ;,arnaque,usurpation_operateur,banque,FR,corpus_recherche,,false,moyenne,,https://github.com/reportsmishing/Smishing-Dataset-IMC25,1436,train
sg-01580,"<NOM>, Vous avez un nouveau message important. Une nouvelle mise à jour pour votre Compte Nickel. Pour plus d'information, rendez-vous sur : bit[.]ly/mk5cw9 STOP 36105",arnaque,usurpation_operateur,banque,XX,corpus_recherche,,false,moyenne,,https://github.com/reportsmishing/Smishing-Dataset-IMC25,1437,train
sg-01581,SOCIALE GÉNÉRALE INFO: Votre compte à été verrouillé pour des questions sécurité. Veuillez débloquer vos accès ici:,arnaque,usurpation_operateur,banque,XX,corpus_recherche,,false,moyenne,,https://github.com/reportsmishing/Smishing-Dataset-IMC25,1438,train
sg-01582,Votre compte PayPal est suspendu. Réactivez-le ici: <URL>stom,arnaque,usurpation_operateur,banque,XX,corpus_recherche,,false,moyenne,,https://github.com/reportsmishing/Smishing-Dataset-IMC25,1439,train
sg-01583,"Nous avons reçu une demande d'activation d'un nouveau passe de securite, veuillez approuver ou annuler cette demande via <URL>",arnaque,usurpation_operateur,banque,XX,corpus_recherche,,false,moyenne,,https://github.com/reportsmishing/Smishing-Dataset-IMC25,1440,train
sg-01584,Des prélèvement mensuels effectués sur votre compte vous etes éligible a un acquittement de 49.59EUR rendez-vous sur <URL> STOP au 36976,arnaque,usurpation_operateur,banque,XX,corpus_recherche,,false,moyenne,,https://github.com/reportsmishing/Smishing-Dataset-IMC25,1441,train
sg-01585,Crédit Agricole Votre Compte a été bloqué par notre service. Débloquer votre compte en vous (Re)enregistrant à SecuriPass sur,arnaque,usurpation_operateur,banque,XX,corpus_recherche,,false,moyenne,,https://github.com/reportsmishing/Smishing-Dataset-IMC25,1442,train
sg-01586,Lors des prélèvements mensuels effectués sur votre compte vous etes eligible à un acquittement de 49.59EUR rendez-vous sur,arnaque,usurpation_operateur,banque,XX,corpus_recherche,,false,moyenne,,https://github.com/reportsmishing/Smishing-Dataset-IMC25,1443,train
sg-01587,"<URL>: Suite a une mise a jour de notre systeme, nous vous demandons d'actualiser vos coordonnes personnelles afin de securiser tout acces a votre compte: <URL>",arnaque,usurpation_operateur,banque,XX,corpus_recherche,,false,moyenne,,https://github.com/reportsmishing/Smishing-Dataset-IMC25,1444,train
sg-01588,Important : merci de confirmer votre remboursement en cliquant sur le lien suivant : <NOM>: <URL> STOP 36034,arnaque,usurpation_operateur,banque,XX,corpus_recherche,,false,moyenne,,https://github.com/reportsmishing/Smishing-Dataset-IMC25,1445,train
sg-01589,ING: Nous avons placé votre compte dans la «zone de quarantaine». Vous devez confirmer votre compte ING avant le 26/12 pour éviter le blocage: <URL>,arnaque,usurpation_operateur,banque,XX,corpus_recherche,,false,moyenne,,https://github.com/reportsmishing/Smishing-Dataset-IMC25,1446,train
sg-01590,Notification la banque postale : https://,arnaque,usurpation_operateur,banque,XX,corpus_recherche,,false,moyenne,,https://github.com/reportsmishing/Smishing-Dataset-IMC25,1447,train
sg-01591,SOCIETE GENERALE INFO: Votre compte à été verrouillé pour des questions sécurité. Veuillez débloquer vos accès ici: <URL>,arnaque,usurpation_operateur,banque,XX,corpus_recherche,,false,moyenne,,https://github.com/reportsmishing/Smishing-Dataset-IMC25,1438,train
sg-01592,"<NOM>, on attend votre dispositions du nouveau Pass Sécurité pour l'activer sur votre compte societe generale: <URL>",arnaque,usurpation_operateur,banque,XX,corpus_recherche,,false,moyenne,,https://github.com/reportsmishing/Smishing-Dataset-IMC25,1448,test
sg-01593,Vous avez un <NOM>. Pour le consulter <NOM>,arnaque,usurpation_operateur,banque,XX,corpus_recherche,,false,moyenne,,https://github.com/reportsmishing/Smishing-Dataset-IMC25,1449,train
sg-01594,info ING: [BLOQUAGE TEMPORAIRE] Notification importante disponible sur votre espace Home'Bank. Connectez-vous pour en savoir plus,arnaque,usurpation_operateur,banque,XX,corpus_recherche,,false,moyenne,,https://github.com/reportsmishing/Smishing-Dataset-IMC25,1450,train
sg-01595,"PayPal : Suspension temporaire de votre compte, <NOM> 08/12: bit[.]ly/pxt56z",arnaque,usurpation_operateur,banque,XX,corpus_recherche,,false,moyenne,,https://github.com/reportsmishing/Smishing-Dataset-IMC25,1451,train
sg-01596,info ING:[BLOQUAGE TEMPORAIRE] Notification importante disponible sur votre espace Home'Bank. Connectez-vous pour en savoir plus,arnaque,usurpation_operateur,banque,XX,corpus_recherche,,false,moyenne,,https://github.com/reportsmishing/Smishing-Dataset-IMC25,1450,train
sg-01597,PayPal : votre compte est restreint suite aux nouvelles lois concernant l'authentification forte. Pour le réactiver suivez les instructions sur : <URL>,arnaque,usurpation_operateur,banque,XX,corpus_recherche,,false,moyenne,,https://github.com/reportsmishing/Smishing-Dataset-IMC25,1452,train
sg-01598,<NOM> ING [COMPTE BLOQUÉ]: Pour continuer à bénéficier de votre espace Home'Bank connectez-vous immédiatement ici,arnaque,usurpation_operateur,banque,XX,corpus_recherche,,false,moyenne,,https://github.com/reportsmishing/Smishing-Dataset-IMC25,1453,train
sg-01599,"PayPal: <NOM> sous les prochaines 48h, dans le cas échéant votre compte PayPal sera clôturé et vous serez également facturé de 29,99€. <NOM> :",arnaque,usurpation_operateur,banque,XX,corpus_recherche,,false,moyenne,,https://github.com/reportsmishing/Smishing-Dataset-IMC25,1454,train
sg-01600,"Info PayPal, Une tentative de connexion frauduleuse a eu lieu sur votre compte ! Si il ne s'agit pas de vous, <NOM> Cordialement le service de sécurité PayPal.",arnaque,usurpation_operateur,banque,XX,corpus_recherche,,false,moyenne,,https://github.com/reportsmishing/Smishing-Dataset-IMC25,1455,train
sg-01601,<NOM> Client Votre compte est restreint vous devez confirmer votre identite avant que votre compte soit cloture : <URL> paypal Securite.,arnaque,usurpation_operateur,banque,XX,corpus_recherche,,false,moyenne,,https://github.com/reportsmishing/Smishing-Dataset-IMC25,1456,test
sg-01602,Votre Budget CPF (compte personnel de formation) vient d'etre augmenté! Consultez votre solde et réclamez votre formation 100% financée <URL>.,arnaque,usurpation_operateur,banque,XX,corpus_recherche,,false,moyenne,,https://github.com/reportsmishing/Smishing-Dataset-IMC25,1457,test
sg-01603,"Info PayPal, Une tentative de connexion frauduleuse a eu lieu sur votre compte. Si il ne s'agit pas de vous, <NOM>",arnaque,usurpation_operateur,banque,XX,corpus_recherche,,false,moyenne,,https://github.com/reportsmishing/Smishing-Dataset-IMC25,1458,train
sg-01604,"Une tentative de connexion suspecte a ete detectee sur votre compte PayPal, connectez vous pour securiser vos informations :",arnaque,usurpation_operateur,banque,XX,corpus_recherche,,false,moyenne,,https://github.com/reportsmishing/Smishing-Dataset-IMC25,1459,train
sg-01605,"Info PayPal, Une tentative de connexion frauduleuse a eu lieu sur votre compte. Si il ne s'agit pas de vous, <NOM> : hxxps://paypalsécurité<URL>",arnaque,usurpation_operateur,banque,XX,corpus_recherche,,false,moyenne,,https://github.com/reportsmishing/Smishing-Dataset-IMC25,1458,train
sg-01606,"Compte A-meli : nous avons déterminé que vous recevrez un remboursement de 850,99 €. Veuillez remplir votre formulaire de remboursement et confirmez-le via le <NOM> bit[.]ly/dpy8db",arnaque,usurpation_operateur,banque,XX,corpus_recherche,,false,moyenne,,https://github.com/reportsmishing/Smishing-Dataset-IMC25,1381,train
sg-01607,Votre compte est suspendu veuillez confirmer vos données sinon un débit de 14.99€ vous sera débité. <NOM>: bit[.]ly/hh3sjb,arnaque,usurpation_operateur,banque,XX,corpus_recherche,,false,moyenne,,https://github.com/reportsmishing/Smishing-Dataset-IMC25,1460,test
sg-01608,"[BELFIUS] Uw Belfius Mobile contract is vervallen, verleng via: - Votre contrat Belfius Mobile a expiré, renouvelez ici:",arnaque,usurpation_operateur,banque,BE,corpus_recherche,,false,moyenne,,https://github.com/reportsmishing/Smishing-Dataset-IMC25,1461,train
sg-01609,"PayPal : Veuillez confirmer vos informations sous les prochaines 24h, dans le cas échéant votre compte PayPal <NOM>. <NOM> : hxxps://sécurité<URL>",arnaque,usurpation_operateur,banque,FR,corpus_recherche,,false,moyenne,,https://github.com/reportsmishing/Smishing-Dataset-IMC25,1462,train
sg-01610,Votre compte a été verrouillé pour des raisons de sécurité. Veuillez le debloquer en cliquant sur le lien ci dessous: <URL> STOP 12/07,arnaque,usurpation_operateur,banque,XX,corpus_recherche,,false,moyenne,,https://github.com/reportsmishing/Smishing-Dataset-IMC25,1463,train
sg-01611,PayPal : Veuillez mettre à jour votre identité avant que le compte soit clôturé et qu'un montant s'élevant à 4.99€ soit débité de votre moyen de paiement pour frais d'inactivité. Commencer votre vérification en <NOM> : <URL>,arnaque,usurpation_operateur,banque,FR,corpus_recherche,,false,moyenne,,https://github.com/reportsmishing/Smishing-Dataset-IMC25,1464,train
sg-01612,"Nous avons dissocié avec succès votre smartphone de votre compte <REF>. <NOM>, cliquez ici pour le coupler à nouveau: <NOM>",arnaque,usurpation_operateur,banque,XX,corpus_recherche,,false,moyenne,,https://github.com/reportsmishing/Smishing-Dataset-IMC25,1465,train
sg-01613,Votre compte a été verrouillé pour des raisons de sécurité. Veuillez le débloquer en cliquant sur le lien ci dessous: <URL> STOP 14/05,arnaque,usurpation_operateur,banque,XX,corpus_recherche,,false,moyenne,,https://github.com/reportsmishing/Smishing-Dataset-IMC25,1463,train
sg-01614,"CAISSEDEPARGNE: Un Oppo <REF> est sur votre espace personnel. Si vous ne reconnaissez pas cet appareil, connectez vous :",arnaque,usurpation_operateur,banque,XX,corpus_recherche,,false,moyenne,,https://github.com/reportsmishing/Smishing-Dataset-IMC25,1466,train
sg-01615,Important: suivez le lien pour confirmer votre numéro de téléphone lié à votre compte: <URL> STOP to end,arnaque,usurpation_operateur,banque,XX,corpus_recherche,,false,moyenne,,https://github.com/reportsmishing/Smishing-Dataset-IMC25,1467,train
sg-01616,CAISSE D'EPARGNE : Connexion suspicieuse veuillez effectué la mise à jour de sécurité.,arnaque,usurpation_operateur,banque,XX,corpus_recherche,,false,moyenne,,https://github.com/reportsmishing/Smishing-Dataset-IMC25,1468,train
sg-01617,PayPal: <NOM> 11/01 ou vous serez débité de 5.99€ de frais d'inactivité: <URL>,arnaque,usurpation_operateur,banque,FR,corpus_recherche,,false,moyenne,,https://github.com/reportsmishing/Smishing-Dataset-IMC25,1469,test
sg-01618,"Bonjour Oman! Le compte a été mis à jour, <NOM> : Mot de passe : Solde actuel : <REF> Veuillez ne le partager avec personne. Site officiel : <URL>",arnaque,usurpation_operateur,banque,XX,corpus_recherche,,false,moyenne,,https://github.com/reportsmishing/Smishing-Dataset-IMC25,1470,train
sg-01619,Credit Agricole Votre Compte a été bloqué par notre service. Débloquer votre compte en vous (Ré)enregistrer un SecuriPass sur: <URL>,arnaque,usurpation_operateur,banque,XX,corpus_recherche,,false,moyenne,,https://github.com/reportsmishing/Smishing-Dataset-IMC25,1471,train
sg-01620,BNP Paribas : Sécurité : Plus que 24h pour activer votre nouvelle Clé Digitale. Procédez en cliquant ici :,arnaque,usurpation_operateur,banque,XX,corpus_recherche,,false,moyenne,,https://github.com/reportsmishing/Smishing-Dataset-IMC25,1472,train
sg-01621,"cycle de facturation. Pour déposer les fonds, suivez ce lien sécurisé : <URL>",arnaque,usurpation_operateur,banque,CA,corpus_recherche,,false,moyenne,,https://github.com/reportsmishing/Smishing-Dataset-IMC25,1473,train
sg-01622,"<NOM>, Suite à de nombreuses tentatives de connexion suspecte à votre compte, une courte vérification de sécurité est nécessaire: <URL> Veuillez vous rendre sur le lien ci-dessus dans un délai de moins de 48h sous peine de voir votre compte bloqué. <NOM>, le service de sécurité PayPal.",arnaque,usurpation_operateur,banque,FR,corpus_recherche,,false,moyenne,,https://github.com/reportsmishing/Smishing-Dataset-IMC25,1474,train
sg-01623,PayPal : Votre compte est temporairement restreint suite aux nouvelles normes DSP2. Pour lever la restriction cliquez ici :,arnaque,usurpation_operateur,banque,FR,corpus_recherche,,false,moyenne,,https://github.com/reportsmishing/Smishing-Dataset-IMC25,1475,test
sg-01624,Rejet de paiement: veuillez confirmer vos informations sous 24 heures ou votre compte <NOM>.,arnaque,usurpation_operateur,banque,XX,corpus_recherche,,false,moyenne,,https://github.com/reportsmishing/Smishing-Dataset-IMC25,1476,train
sg-01625,"Info PayPal , Une tentative de connexion frauduleuse a eu lieu sur votre compte. Si il ne s'agit pas de vous, <NOM>",arnaque,usurpation_operateur,banque,XX,corpus_recherche,,false,moyenne,,https://github.com/reportsmishing/Smishing-Dataset-IMC25,1458,train
sg-01626,"Un retrait a été demandé à partir d'une adresse IP inconnue. Si cela n'a pas été généré par vous, suivez les étapes ici:",arnaque,usurpation_operateur,banque,XX,corpus_recherche,,false,moyenne,,https://github.com/reportsmishing/Smishing-Dataset-IMC25,1477,test
sg-01627,Numéro de compte : <NOM> : <NOM> transférable : <REF>.s.d.t Veuillez ne pas partager ces informations avec d'autres,arnaque,usurpation_operateur,banque,XX,corpus_recherche,,false,moyenne,,https://github.com/reportsmishing/Smishing-Dataset-IMC25,1478,train
sg-01628,"Boursorama: Une vérification de vos informations est requise afin d'éviter une suspension de votre compte, via le <NOM> <URL>",arnaque,usurpation_operateur,banque,FR,corpus_recherche,,false,moyenne,,https://github.com/reportsmishing/Smishing-Dataset-IMC25,1479,test
sg-01629,<NOM>: Nouvelle tentative de connexion inhabituelle détectée. Connectez-vous pour vérifier votre activité récente: <NOM>,arnaque,usurpation_operateur,banque,XX,corpus_recherche,,false,moyenne,,https://github.com/reportsmishing/Smishing-Dataset-IMC25,1480,test
sg-01630,Carrefour Banque : votre inscription Cle Secure expire le 03/07. Veuillez prolonger votre acces avec le lien suivant :,arnaque,usurpation_operateur,banque,XX,corpus_recherche,,false,moyenne,,https://github.com/reportsmishing/Smishing-Dataset-IMC25,1481,train
sg-01631,"PayPal : bonjour votre paiement a NetflixLLC a ete suspendu, veuillez verifier l'etat de votre compte en suivant le lien secure 1. Voici votre lien unique pour telecharger l'application PayPal. hxxps://py.",arnaque,usurpation_operateur,banque,XX,corpus_recherche,,false,moyenne,,https://github.com/reportsmishing/Smishing-Dataset-IMC25,1482,train
sg-01632,BNC: Vous avez un nouveau communiqué de votre succursale qui requiert votre rb[.]gy/97rct2sitez le,arnaque,usurpation_operateur,banque,CA,corpus_recherche,,false,moyenne,,https://github.com/reportsmishing/Smishing-Dataset-IMC25,1483,test
sg-01633,"Une prime de 1 000€ peut vous être attribuée. Rendez-vous sur <URL> pour la réclamer ! Votre solde PCF est arrivé à échéance. Veuillez remplir le formulaire ci-dessous sous 01/07, pour convertir vos droits en 01/02 <URL> Vous avez 300 euros d'aide disponible sur votre Compte Caf. Pour les percevoir, veuillez cliquer sur <URL> et nous fournir votre RIB.",arnaque,usurpation_operateur,banque,XX,corpus_recherche,,false,moyenne,,https://github.com/reportsmishing/Smishing-Dataset-IMC25,1484,train
sg-01634,Pour confirmer la transaction de 876.99 EUR saisissez: <REF>. Si vous n'êtes pas à l'origine contactez d'urgence le <REF> (<NOM> non surtaxé),arnaque,usurpation_operateur,banque,XX,corpus_recherche,,false,moyenne,,https://github.com/reportsmishing/Smishing-Dataset-IMC25,1485,train
sg-01635,"PayPal -Veuillez terminer la vérification de vos informations maintenant, dans le cas contraire vous serez facturé de 25,99€ : <URL>",arnaque,usurpation_operateur,banque,FR,corpus_recherche,,false,moyenne,,https://github.com/reportsmishing/Smishing-Dataset-IMC25,1486,train
sg-01636,"PayPal -Veuillez terminez la vérification de vos informations maintenant, dans le cas contraire vous serez facturé de 25,99€ : <URL>",arnaque,usurpation_operateur,banque,FR,corpus_recherche,,false,moyenne,,https://github.com/reportsmishing/Smishing-Dataset-IMC25,1486,train
sg-01637,"Votre dernier paiement a été refusé, veuillez confirmer vos informations de paiement...",arnaque,usurpation_operateur,banque,XX,corpus_recherche,,false,moyenne,,https://github.com/reportsmishing/Smishing-Dataset-IMC25,1487,train
sg-01638,"Nouvelle connexion (usd <URL>) Compte : Tony88, mot de passe : <NOM>, solde actuel : 2,461,<REF>, veuillez ne le partager avec personne",arnaque,usurpation_operateur,banque,XX,corpus_recherche,,false,moyenne,,https://github.com/reportsmishing/Smishing-Dataset-IMC25,1488,train
sg-01639,BNP PARIBAS vous informe qu'une mise a jour de votre espace client est nécessaire afin d'éviter toutes inactivités sur vos comptes :,arnaque,usurpation_operateur,banque,XX,corpus_recherche,,false,moyenne,,https://github.com/reportsmishing/Smishing-Dataset-IMC25,1489,train
sg-01640,"Nous avons détecté une connexion suspecte. Pour débloquer votre compte Itsme, vérifiez votre identité via: <URL> We hebben een verdachte verbinding gedetecteerd. <NOM>-account te deblokkeren, verifieer uw identiteit via: <URL>",arnaque,usurpation_operateur,banque,BE,corpus_recherche,,false,moyenne,,https://github.com/reportsmishing/Smishing-Dataset-IMC25,1490,test
sg-01641,"[BINANCE VERIFY] Code de retrait: <REF>. <NOM>, annulez ici: <URL>",arnaque,usurpation_operateur,banque,FR,corpus_recherche,,false,moyenne,,https://github.com/reportsmishing/Smishing-Dataset-IMC25,1491,train
sg-01642,"Info PayPal, Une tentative de connexion a eu lieu sur votre compte. Si il ne s'agit pas de vous, <NOM>",arnaque,usurpation_operateur,banque,XX,corpus_recherche,,false,moyenne,,https://github.com/reportsmishing/Smishing-Dataset-IMC25,1458,train
sg-01643,"<NOM> Un Remboursement, Suivre: <URL> STOP 11/04",arnaque,usurpation_operateur,banque,XX,corpus_recherche,,false,moyenne,,https://github.com/reportsmishing/Smishing-Dataset-IMC25,1492,test
sg-01644,<NOM>: veuillez confirmer vos informations sous 24 heures ou votre compte <NOM>.,arnaque,usurpation_operateur,banque,FR,corpus_recherche,,false,moyenne,,https://github.com/reportsmishing/Smishing-Dataset-IMC25,1493,train
sg-01645,CRÉDIT AGRICOLE - Sécurité DSP2 veuillez remettre à jour le SecuriPass afin de sécuriser votre Compte via le lien suivant :,arnaque,usurpation_operateur,banque,FR,corpus_recherche,,false,moyenne,,https://github.com/reportsmishing/Smishing-Dataset-IMC25,1494,train
sg-01646,"Une prime de 1 000€ peut vous être attribuée. Rendez-vous sur <URL> pour la réclamer ! Votre solde PCF est arrivé à échéance. Veuillez remplir le formulaire ci-dessous sous 03/01, pour convertir vos droits en 25/01 <URL> Vous avez 300 euros d'aide disponible sur votre Compte Caf. Pour les percevoir, veuillez cliquer sur <URL> et nous fournir votre RIB.",arnaque,usurpation_operateur,banque,XX,corpus_recherche,,false,moyenne,,https://github.com/reportsmishing/Smishing-Dataset-IMC25,1484,train
sg-01647,"Vous êtes admissible au crédit unique de 500$. Pour encaisser , veuillez suivre le lien sécurisé : <URL>",arnaque,usurpation_operateur,banque,CA,corpus_recherche,,false,moyenne,,https://github.com/reportsmishing/Smishing-Dataset-IMC25,1495,train
sg-01648,LA BANQUE POSTALE ASSURANCES contactez nous d'urgence au <TEL> avant la suspension de vos droits.,arnaque,usurpation_operateur,banque,XX,corpus_recherche,,false,moyenne,,https://github.com/reportsmishing/Smishing-Dataset-IMC25,1496,test
sg-01649,Ici BMO. Vos solutions en ligne sont desactives. Voir : <URL>,arnaque,usurpation_operateur,banque,XX,corpus_recherche,,false,moyenne,,https://github.com/reportsmishing/Smishing-Dataset-IMC25,1497,train
sg-01650,"<NOM> , Vous avez (1) colis de Boulanger . Réf: <REF> Dernières chance pour le récupére >> bit[.]ly/gc9chg",arnaque,phishing_lien,aucun,XX,corpus_recherche,,false,moyenne,,https://github.com/reportsmishing/Smishing-Dataset-IMC25,1498,train
sg-01651,Commande <REF> Échec de livraison Nous avons essayé de livrer votre colis sans succès Merci de re-confirmer votre adresse: <NOM>,arnaque,phishing_lien,aucun,XX,corpus_recherche,,false,moyenne,,https://github.com/reportsmishing/Smishing-Dataset-IMC25,1499,train
sg-01652,"Nous avons essayé de livrer votre colis <REF>, mais il n'y a aucun affranchissement. Payez directement ici: <URL>",arnaque,phishing_lien,aucun,XX,corpus_recherche,,false,moyenne,,https://github.com/reportsmishing/Smishing-Dataset-IMC25,1500,train
sg-01653,"Nous avons essayé de livrer votre colis <REF>, mais il n'y a aucun affranchissement. Payez directement ici:",arnaque,phishing_lien,aucun,XX,corpus_recherche,,false,moyenne,,https://github.com/reportsmishing/Smishing-Dataset-IMC25,1500,train
sg-01654,"Bonjour. Votre IPHONE XS MAX lié à un imei (35 .... 9164) a été trouvé. <NOM> et compléter le processus, connectez-vous à <URL> © 28/11.",arnaque,phishing_lien,aucun,XX,corpus_recherche,,false,moyenne,,https://github.com/reportsmishing/Smishing-Dataset-IMC25,1501,test
sg-01655,(1) nouveau message de Amazon – lisez-le ici :,arnaque,phishing_lien,aucun,XX,corpus_recherche,,false,moyenne,,https://github.com/reportsmishing/Smishing-Dataset-IMC25,1502,train
sg-01656,<NOM>: <REF> vers <TEL> est en attente au terminal de distribution. Suivez votre colis ici :,arnaque,phishing_lien,aucun,XX,corpus_recherche,,false,moyenne,,https://github.com/reportsmishing/Smishing-Dataset-IMC25,1503,train
sg-01657,Rappel: nous avons essayé de livrer votre colis mais il n'y a aucun affranchissement. Suivez les instructions,arnaque,phishing_lien,aucun,XX,corpus_recherche,,false,moyenne,,https://github.com/reportsmishing/Smishing-Dataset-IMC25,1236,train
sg-01658,"Rappel: <NOM>, nous avons essaye de livrer votre colis mais il n'y a aucun affranchissement. Suivez les instructions",arnaque,phishing_lien,aucun,XX,corpus_recherche,,false,moyenne,,https://github.com/reportsmishing/Smishing-Dataset-IMC25,1236,train
sg-01659,"Rappel: Maxime, nous avons essayé de livrer votre colis mais il n'y a aucun affranchissement. Suivez les instructions",arnaque,phishing_lien,aucun,XX,corpus_recherche,,false,moyenne,,https://github.com/reportsmishing/Smishing-Dataset-IMC25,1236,train
sg-01660,"Bonjour, votre colis n'a pas pu etre livré le le 25/10, car il manque l'affranchissement (1,95). Suivez les instructions:",arnaque,phishing_lien,aucun,XX,corpus_recherche,,false,moyenne,,https://github.com/reportsmishing/Smishing-Dataset-IMC25,1504,train
sg-01661,"Cher(e) Hugo,vous devez payer 1.95€ TVA pour votre colis,payer en ligne et eviter les frais de dedouanement(15€):",arnaque,phishing_lien,aucun,XX,corpus_recherche,,false,moyenne,,https://github.com/reportsmishing/Smishing-Dataset-IMC25,1505,test
sg-01662,"Rappel: Wassim, nous avons essaye de livrer votre colis mais il n'y a aucun affranchissement. Suivez les instructions <URL>",arnaque,phishing_lien,aucun,XX,corpus_recherche,,false,moyenne,,https://github.com/reportsmishing/Smishing-Dataset-IMC25,1236,train
sg-01663,"Rappel: , nous avons essaye de livrer votre colis mais il n'y a aucun affranchissement. Suivez les instructions",arnaque,phishing_lien,aucun,XX,corpus_recherche,,false,moyenne,,https://github.com/reportsmishing/Smishing-Dataset-IMC25,1236,train
sg-01664,"Nous avons essayé de livrer votre colis <REF>01FR, mais il n'y a aucun affranchissement. Suivez les instructions ici: <URL>",arnaque,phishing_lien,aucun,FR,corpus_recherche,,false,moyenne,,https://github.com/reportsmishing/Smishing-Dataset-IMC25,1236,train
sg-01665,"Chèr(e) ****, vous devez payer 1.95€ TVA pour votre colis, payer en ligne et éviter les frais de dédouanement (15€):",arnaque,phishing_lien,aucun,XX,corpus_recherche,,false,moyenne,,https://github.com/reportsmishing/Smishing-Dataset-IMC25,1506,test
sg-01666,"Nous avons essayé de livrer votre colis <REF>, mais il n'y a aucun affranchissement. Suivez les instructions ici:",arnaque,phishing_lien,aucun,FR,corpus_recherche,,false,moyenne,,https://github.com/reportsmishing/Smishing-Dataset-IMC25,1236,train
sg-01667,Nous ne pouvons pas livrer votre colis. Vous devrez payer les frais de transport manquants pour faire livrer votre colis: <URL>,arnaque,phishing_lien,aucun,XX,corpus_recherche,,false,moyenne,,https://github.com/reportsmishing/Smishing-Dataset-IMC25,1507,test
sg-01668,"Chèr(e) ***, vous devez payer 1.95€ TVA pour votre colis, payer en ligne et éviter les frais de dédouanement (15€):",arnaque,phishing_lien,aucun,XX,corpus_recherche,,false,moyenne,,https://github.com/reportsmishing/Smishing-Dataset-IMC25,1506,test
sg-01669,Nous avons essaye de livrer votre colis <REF>. Suivez les instructions ici :,arnaque,phishing_lien,aucun,XX,corpus_recherche,,false,moyenne,,https://github.com/reportsmishing/Smishing-Dataset-IMC25,1508,train
sg-01670,"Nous avons essayé de livrer votre colis <REF>, mais il n'y a aucun affranchissement. Suivez les instructions ici: <URL>",arnaque,phishing_lien,aucun,XX,corpus_recherche,,false,moyenne,,https://github.com/reportsmishing/Smishing-Dataset-IMC25,1236,train
sg-01671,"Votre colis est prêt à être expédié! <NOM>, ce paiement doit être effectué dans les 24 heures.",arnaque,phishing_lien,aucun,XX,corpus_recherche,,false,moyenne,,https://github.com/reportsmishing/Smishing-Dataset-IMC25,1509,train
sg-01672,<NOM> STATUS: EN ATTENTE AU CENTRE DE DISTRIBUTION TRAITEMENT EN COURS AU TERMINAL DE PARIS PAIEMENT MANQUANT DE €2.95 VOTRE EMBALLAGE SERA ENVOYÉ LORSQUE LE MONTANT SERA PAYÉ.,arnaque,phishing_lien,aucun,XX,corpus_recherche,,false,moyenne,,https://github.com/reportsmishing/Smishing-Dataset-IMC25,1510,train
sg-01673,"Nous avons essayé de livrer votre colis <REF>, <NOM> n'y a aucun affranchissement. Payez directement ici: <URL>",arnaque,phishing_lien,aucun,XX,corpus_recherche,,false,moyenne,,https://github.com/reportsmishing/Smishing-Dataset-IMC25,1500,train
sg-01674,"Nous avons essayé de livrer votre colis <REF>01FR, mais il n'y a aucun affranchissement. Suivez les instructions ici: bit[.]do/tg395i",arnaque,phishing_lien,aucun,XX,corpus_recherche,,false,moyenne,,https://github.com/reportsmishing/Smishing-Dataset-IMC25,1236,train
sg-01675,"Nous avons essayé de livrer votre colis <REF>01FR, mais il n'y a aucun affranchissement. Suivez les instructions ici",arnaque,phishing_lien,aucun,FR,corpus_recherche,,false,moyenne,,https://github.com/reportsmishing/Smishing-Dataset-IMC25,1236,train
sg-01676,"Nous avons essayé de livrer votre colis <REF>01FR, mais il n'y a aucun affranchissement. Suivez les instructions ici: bit[.]do/kcsb25",arnaque,phishing_lien,aucun,FR,corpus_recherche,,false,moyenne,,https://github.com/reportsmishing/Smishing-Dataset-IMC25,1236,train
sg-01677,"<NOM> : Nous avons essayé de livrer votre colis <REF>01FR, mais il n'y a aucun affranchissement. Suivez les instructions ici: <URL>",arnaque,phishing_lien,aucun,XX,corpus_recherche,,false,moyenne,,https://github.com/reportsmishing/Smishing-Dataset-IMC25,1236,train
sg-01678,<NOM> a été retourné à l'expéditeur vous devez payer 4.65 euros de frais supplémentaire pour le renvoi de votre colis,arnaque,phishing_lien,aucun,XX,corpus_recherche,,false,moyenne,,https://github.com/reportsmishing/Smishing-Dataset-IMC25,1511,train
sg-01679,"Votre colis est prêt à être expédié! <NOM> de 2.95€, ce paiement doit être effectué dans les 24 heures.",arnaque,phishing_lien,aucun,XX,corpus_recherche,,false,moyenne,,https://github.com/reportsmishing/Smishing-Dataset-IMC25,1509,train
sg-01680,"Chèr(e) ... vous devez payer 1.95€ TVA pour votre colis, payer en ligne et éviter les frais de dédouanement (15€):",arnaque,phishing_lien,aucun,XX,corpus_recherche,,false,moyenne,,https://github.com/reportsmishing/Smishing-Dataset-IMC25,1506,test
sg-01681,"Nous avons essayé de livrer votre colis <REF>01FR, mais il n'y a aucun affranchissement. Suivez les instructions ici:",arnaque,phishing_lien,aucun,FR,corpus_recherche,,false,moyenne,,https://github.com/reportsmishing/Smishing-Dataset-IMC25,1236,train
sg-01682,"Nous avons essayé de livrer votre colis <REF>01FR, mais il n'y a aucun affranchissement. Suivez les instructions ici: bit[.]do/dzjh8x",arnaque,phishing_lien,aucun,XX,corpus_recherche,,false,moyenne,,https://github.com/reportsmishing/Smishing-Dataset-IMC25,1236,train
sg-01683,"DHL : Votre colis a été retourné à l'expéditeur vous devez payer 4,65$ de frais supplémentaire pour le renvoi de votre colis cutt[.]ly/sbcs6t",arnaque,phishing_lien,aucun,XX,corpus_recherche,,false,moyenne,,https://github.com/reportsmishing/Smishing-Dataset-IMC25,1512,train
sg-01684,Paiement des droits de douane/taxes requis pour DHL Express Procédez au paiement sécurisé sur,arnaque,phishing_lien,aucun,XX,corpus_recherche,,false,moyenne,,https://github.com/reportsmishing/Smishing-Dataset-IMC25,1513,train
sg-01685,"<NOM> régler les frais de ports de 4,99EUR Suivre mon colis",arnaque,phishing_lien,aucun,XX,corpus_recherche,,false,moyenne,,https://github.com/reportsmishing/Smishing-Dataset-IMC25,1514,train
sg-01686,"Nous avons tente de livrer votre colis <REF>, mais il n'y a aucun affranchissement. Veuillez y remedier ici:",arnaque,phishing_lien,aucun,XX,corpus_recherche,,false,moyenne,,https://github.com/reportsmishing/Smishing-Dataset-IMC25,1515,train
sg-01687,"Bonjour, votre commande a été livrée le 21/08 au point de collection. <NOM> vous pouvez prendre vos colis:",arnaque,phishing_lien,aucun,FR,corpus_recherche,,false,moyenne,,https://github.com/reportsmishing/Smishing-Dataset-IMC25,1516,train
sg-01688,"Nous avons essayé de livrer votre colis LPS FR, mais il n'y a aucun affranchissement. Suivez les instructions ici: bit[.]do/y5dggk",arnaque,phishing_lien,aucun,FR,corpus_recherche,,false,moyenne,,https://github.com/reportsmishing/Smishing-Dataset-IMC25,1517,train
sg-01689,Le colis <REF> vers 08/10 <NOM>. Vous pouvez suivre votre colis ici : <URL>,arnaque,phishing_lien,aucun,FR,corpus_recherche,,false,moyenne,,https://github.com/reportsmishing/Smishing-Dataset-IMC25,1518,train
sg-01690,"Nous avons essayé de livrer votre colis <REF>01FR, mais il n'y a aucun affranchissement. Suivez les instructions ici: bit[.]do/wciujx",arnaque,phishing_lien,aucun,FR,corpus_recherche,,false,moyenne,,https://github.com/reportsmishing/Smishing-Dataset-IMC25,1236,train
sg-01691,"Vous devez signer un package, veuillez consulter <URL>",arnaque,phishing_lien,aucun,XX,corpus_recherche,,false,moyenne,,https://github.com/reportsmishing/Smishing-Dataset-IMC25,1519,train
sg-01692,[infoAmazon]Vous avez recu un remboursement sur votre dernier achat. Plus d'information: bit[.]ly/tt59h7,arnaque,phishing_lien,aucun,XX,corpus_recherche,,false,moyenne,,https://github.com/reportsmishing/Smishing-Dataset-IMC25,1520,train
sg-01693,"Nous avons essayé de livrer votre colis <REF>, mais il n'y a aucun affranchissement. Suivez les instructions ici: bit[.]do/pybi4b",arnaque,phishing_lien,aucun,FR,corpus_recherche,,false,moyenne,,https://github.com/reportsmishing/Smishing-Dataset-IMC25,1236,train
sg-01694,Votre colis est prêt à être expédié! <NOM> 24 heures.,arnaque,phishing_lien,aucun,XX,corpus_recherche,,false,moyenne,,https://github.com/reportsmishing/Smishing-Dataset-IMC25,1521,test
sg-01695,"Nous avons essayé de livrer votre colis <REF>, mais il n'y a aucun affranchissement. Suivez les instructions ici: bit[.]do/qyuh3y",arnaque,phishing_lien,aucun,FR,corpus_recherche,,false,moyenne,,https://github.com/reportsmishing/Smishing-Dataset-IMC25,1236,train
sg-01696,"Nous avons essayé de livrer votre colis <REF>01FR, mais il n'y a aucun affranchissement. Suivez les instructions ici: bit[.]do/wbgec5",arnaque,phishing_lien,aucun,XX,corpus_recherche,,false,moyenne,,https://github.com/reportsmishing/Smishing-Dataset-IMC25,1236,train
sg-01697,"Chèr(e) …, vous devez payer 1.95€ TVA pour votre colis, payer en ligne et éviter les frais de dédouanement (15€):",arnaque,phishing_lien,aucun,XX,corpus_recherche,,false,moyenne,,https://github.com/reportsmishing/Smishing-Dataset-IMC25,1506,test
sg-01698,"Nous avons essayé de livrer votre colis <REF>01FR, mais il n'y a aucun affranchissement. Suivez les instructions ici: bit[.]do/9njbkb",arnaque,phishing_lien,aucun,XX,corpus_recherche,,false,moyenne,,https://github.com/reportsmishing/Smishing-Dataset-IMC25,1236,train
sg-01699,"Nous avons essayé de livrer votre colis <REF>01FR, mais il n'y a aucun affranchissement. Suivez les instructions ici: <NOM>",arnaque,phishing_lien,aucun,XX,corpus_recherche,,false,moyenne,,https://github.com/reportsmishing/Smishing-Dataset-IMC25,1236,train
sg-01700,"Nous avons essayé de livrer votre colis 000, mais il n'y a aucun affranchissement. Suivez les instructions ici:",arnaque,phishing_lien,aucun,XX,corpus_recherche,,false,moyenne,,https://github.com/reportsmishing/Smishing-Dataset-IMC25,1236,train
sg-01701,"Nous avons essayé de livrer votre colis <REF>01FR, mais il n’y a aucun affichrement. Suivez les instructions ici:",arnaque,phishing_lien,aucun,FR,corpus_recherche,,false,moyenne,,https://github.com/reportsmishing/Smishing-Dataset-IMC25,1236,train
sg-01702,"Nous avons essayé de livrer votre colis <REF>01FR, mais il n'y a aucun affranchissement. Suivez les instructions ici: bit[.]do/7zuquc",arnaque,phishing_lien,aucun,FR,corpus_recherche,,false,moyenne,,https://github.com/reportsmishing/Smishing-Dataset-IMC25,1236,train
sg-01703,"<NOM>, votre commande a ete livree le 08/01 au point de collection. <NOM> http://",arnaque,phishing_lien,aucun,FR,corpus_recherche,,false,moyenne,,https://github.com/reportsmishing/Smishing-Dataset-IMC25,1522,test
sg-01704,Votre livraison est retenue dans notre centre de distribution. Veuillez suivre les instructions: <URL>,arnaque,phishing_lien,aucun,XX,corpus_recherche,,false,moyenne,,https://github.com/reportsmishing/Smishing-Dataset-IMC25,1523,train
sg-01705,Il y a une mise à jour sur votre colis. Article arrêté en raison de frais de douane impayés. Résolvez-le ici: <URL>,arnaque,phishing_lien,aucun,XX,corpus_recherche,,false,moyenne,,https://github.com/reportsmishing/Smishing-Dataset-IMC25,1524,train
sg-01706,<NOM> retarde (il reste 12 heures). CONFIRMEZ la livraison maintenant: <URL>,arnaque,phishing_lien,aucun,BE,corpus_recherche,,false,moyenne,,https://github.com/reportsmishing/Smishing-Dataset-IMC25,1525,train
sg-01707,"bpost, Votre colis est en route, suivez-le ici: <URL>",arnaque,phishing_lien,aucun,XX,corpus_recherche,,false,moyenne,,https://github.com/reportsmishing/Smishing-Dataset-IMC25,1526,test
sg-01708,"<NOM> sous les prochaines 48h, dans le cas échéant votre compte amazon sera clôturé. <NOM>",arnaque,phishing_lien,aucun,FR,corpus_recherche,,false,moyenne,,https://github.com/reportsmishing/Smishing-Dataset-IMC25,1527,train
sg-01709,"bpost, Votre colis est en route, suivez-le ici:",arnaque,phishing_lien,aucun,BE,corpus_recherche,,false,moyenne,,https://github.com/reportsmishing/Smishing-Dataset-IMC25,1526,test
sg-01710,"bpost. Votre colis est en route, suivez-le ici:",arnaque,phishing_lien,aucun,BE,corpus_recherche,,false,moyenne,,https://github.com/reportsmishing/Smishing-Dataset-IMC25,1528,test
sg-01711,"Veuillez confirmer les frais de livraison (2,99 EURO) et l'adresse de livraison du colis",arnaque,phishing_lien,aucun,XX,corpus_recherche,,false,moyenne,,https://github.com/reportsmishing/Smishing-Dataset-IMC25,1529,test
sg-01712,Paiement des droits de douane/taxes requis pour DHL Express … de MAKESTAR. Procédez au paiement sécurisé sur hxxp://... 918.4XYZ,arnaque,phishing_lien,aucun,XX,corpus_recherche,,false,moyenne,,https://github.com/reportsmishing/Smishing-Dataset-IMC25,1530,train
sg-01713,Un colis avec votre nom est en attente - Raison: étiquette cassée! <NOM> nous contacter dans les 24 heures: <URL>,arnaque,phishing_lien,aucun,XX,corpus_recherche,,false,moyenne,,https://github.com/reportsmishing/Smishing-Dataset-IMC25,1531,train
sg-01714,Bonjour votre commande a ete livree le 15/07 au point de collection. <NOM>: <URL>,arnaque,phishing_lien,aucun,XX,corpus_recherche,,false,moyenne,,https://github.com/reportsmishing/Smishing-Dataset-IMC25,1532,train
sg-01715,"Problème lié à votre paiement : Veuillez compléter votre paiement afin que nous puissions traiter votre commande Amazon. Sinon, votre commande sera annulé<URL>",arnaque,phishing_lien,aucun,XX,corpus_recherche,,false,moyenne,,https://github.com/reportsmishing/Smishing-Dataset-IMC25,1533,train
sg-01716,Le COLIS [<REF>] a ete arrete au centre de distribution. Suivez votre envoi ici :,arnaque,phishing_lien,aucun,BE,corpus_recherche,,false,moyenne,,https://github.com/reportsmishing/Smishing-Dataset-IMC25,1534,train
sg-01717,"<NOM>, votre commande a ete livree le 18/07 au point de collection. <NOM>: <NOM>",arnaque,phishing_lien,aucun,FR,corpus_recherche,,false,moyenne,,https://github.com/reportsmishing/Smishing-Dataset-IMC25,1535,train
sg-01718,Votre colis DHL est en route ! Cliquez sur <URL> POUR suivre,arnaque,phishing_lien,aucun,BE,corpus_recherche,,false,moyenne,,https://github.com/reportsmishing/Smishing-Dataset-IMC25,1536,train
sg-01719,Votre livraison est retenue dans notre centre de distribution. Veuillez suivre les instructions:,arnaque,phishing_lien,aucun,XX,corpus_recherche,,false,moyenne,,https://github.com/reportsmishing/Smishing-Dataset-IMC25,1523,train
sg-01720,Votre livraison a été suspendue suite à des frais supplémentaires. <NOM> régulariser la situation : cutt[.]ly/8fx95t,arnaque,phishing_lien,aucun,XX,corpus_recherche,,false,moyenne,,https://github.com/reportsmishing/Smishing-Dataset-IMC25,1537,test
sg-01721,Bonjour votre commande a ete livree le 15/06 au point de collection. <NOM>: Dck.xyu2.m,arnaque,phishing_lien,aucun,XX,corpus_recherche,,false,moyenne,,https://github.com/reportsmishing/Smishing-Dataset-IMC25,1538,train
sg-01722,"Amazon : votre compte est désactivé suite à de nombreuses connexions suspectes, pour le réactiver veuillez vous rendre ci dessous.",arnaque,phishing_lien,aucun,XX,corpus_recherche,,false,moyenne,,https://github.com/reportsmishing/Smishing-Dataset-IMC25,1539,train
sg-01723,"<NOM>, votre commande a ete livree le 24/05 au point de collection. <NOM>:",arnaque,phishing_lien,aucun,FR,corpus_recherche,,false,moyenne,,https://github.com/reportsmishing/Smishing-Dataset-IMC25,1540,train
sg-01724,"Amazon : Votre compte est temporairement suspendu, mettez à jour vos informations dès maintenant pour continuer d'utiliser nos services : bit[.]ly/tq2bxk",arnaque,phishing_lien,aucun,XX,corpus_recherche,,false,moyenne,,https://github.com/reportsmishing/Smishing-Dataset-IMC25,1541,train
sg-01725,Il y a une mise à jour sur votre colis. Article arrêté en raison de frais de douane impayés. Résolvez-le ici: bit[.]do/sd3pxa,arnaque,phishing_lien,aucun,XX,corpus_recherche,,false,moyenne,,https://github.com/reportsmishing/Smishing-Dataset-IMC25,1524,train
sg-01726,<NOM> a été retenu au Terminal de la Poste de Paris faute de frais de port. Confirmez ici: <URL>,arnaque,phishing_lien,aucun,XX,corpus_recherche,,false,moyenne,,https://github.com/reportsmishing/Smishing-Dataset-IMC25,1542,train
sg-01727,"<NOM>, votre commande a ete livree le 23/02 au point de collection. <NOM>: <URL>",arnaque,phishing_lien,aucun,FR,corpus_recherche,,false,moyenne,,https://github.com/reportsmishing/Smishing-Dataset-IMC25,1543,train
sg-01728,Votre DPD colis est au centre d'importation. <NOM>,arnaque,phishing_lien,aucun,FR,corpus_recherche,,false,moyenne,,https://github.com/reportsmishing/Smishing-Dataset-IMC25,1544,test
sg-01729,"Bonjour JC, votre commande a ete livree le 03/02 au point de collection. <NOM>:",arnaque,phishing_lien,aucun,XX,corpus_recherche,,false,moyenne,,https://github.com/reportsmishing/Smishing-Dataset-IMC25,1545,train
sg-01730,<NOM> d'instructions :,arnaque,phishing_lien,aucun,FR,corpus_recherche,,false,moyenne,,https://github.com/reportsmishing/Smishing-Dataset-IMC25,1546,train
sg-01731,"<NOM> sous <NOM> (5,95 €) en cliquant sur le lien suivant :",arnaque,phishing_lien,aucun,XX,corpus_recherche,,false,moyenne,,https://github.com/reportsmishing/Smishing-Dataset-IMC25,1547,train
sg-01732,COLISSIMO: Votre colis à été retourné à l'expéditeur suite à une adresse incomplète. Veuillez confirmer les frais de port (4.99EUR).,arnaque,phishing_lien,aucun,XX,corpus_recherche,,false,moyenne,,https://github.com/reportsmishing/Smishing-Dataset-IMC25,1548,train
sg-01733,"La Poste : Commande en attente : confirmation nécessaire, Un de vos colis se trouve dans la section ""en transit"" :",arnaque,phishing_lien,aucun,XX,corpus_recherche,,false,moyenne,,https://github.com/reportsmishing/Smishing-Dataset-IMC25,1549,train
sg-01734,<NOM> a été envoyé. Veuillez le vérifier et le recevoir. hxxp://rruhf[.]xp...,arnaque,phishing_lien,aucun,XX,corpus_recherche,,false,moyenne,,https://github.com/reportsmishing/Smishing-Dataset-IMC25,1230,train
sg-01735,<NOM> a été envoyé.Veuillez le vérifier et le recevoir.,arnaque,phishing_lien,aucun,XX,corpus_recherche,,false,moyenne,,https://github.com/reportsmishing/Smishing-Dataset-IMC25,1230,train
sg-01736,Chronopost : Une erreur est survenue pendant la livraison de votre colis cliquez ici pour acheminer votre colis,arnaque,phishing_lien,aucun,XX,corpus_recherche,,false,moyenne,,https://github.com/reportsmishing/Smishing-Dataset-IMC25,1550,train
sg-01737,<NOM>. Veuillez payer les droits d'importation pour terminer la livraison <URL>,arnaque,phishing_lien,aucun,FR,corpus_recherche,,false,moyenne,,https://github.com/reportsmishing/Smishing-Dataset-IMC25,1551,train
sg-01738,"La Poste vous informe que votre colis est en Attente , <NOM> les Frais de 2,99 CHF <NOM> bitly[.]ws/h8yf9f .",arnaque,phishing_lien,aucun,XX,corpus_recherche,,false,moyenne,,https://github.com/reportsmishing/Smishing-Dataset-IMC25,1552,train
sg-01739,"Votre commande a été expédiée, veuillez cliquer pour vérifier.",arnaque,phishing_lien,aucun,FR,corpus_recherche,,false,moyenne,,https://github.com/reportsmishing/Smishing-Dataset-IMC25,1553,train
sg-01740,"<NOM>. <NOM> payez pas les frais de reprogrammation sous 24 heures, le colis sera retourné à l'expéditeur.",arnaque,phishing_lien,aucun,XX,corpus_recherche,,false,moyenne,,https://github.com/reportsmishing/Smishing-Dataset-IMC25,1554,train
sg-01741,"<NOM> a été organisée pour la livraison, veuillez vérifier.",arnaque,phishing_lien,aucun,FR,corpus_recherche,,false,moyenne,,https://github.com/reportsmishing/Smishing-Dataset-IMC25,1555,train
sg-01742,"<NOM>, cher Client, Comme nous n'avons pas pu lire les détails de l'expéditeur sur l'étiquette d'expédition, ous devrons vous facturer la manutention <NOM>, que nous ne pouvons pas faire régler par un expéditeur inconnu. Les frais d'assurance et de transport ont déjà été payés. Il ne reste que 1.12 EUR à nous régler pour les frais restants, du stockage à la livraison finale. Veuillez entrer votre code postal pour continuer et confirmer votre adresse de livraison:",arnaque,phishing_lien,aucun,XX,corpus_recherche,,false,moyenne,,https://github.com/reportsmishing/Smishing-Dataset-IMC25,1556,train
sg-01743,<NOM> a été envoyé. Veuillez le vérifier et le recevoir. <URL>,arnaque,phishing_lien,aucun,FR,corpus_recherche,,false,moyenne,,https://github.com/reportsmishing/Smishing-Dataset-IMC25,1230,train
sg-01744,"Chronopost : Votre colis est mise en attente au centre de tri , veuillez régler les frais supplémentaires :",arnaque,phishing_lien,aucun,XX,corpus_recherche,,false,moyenne,,https://github.com/reportsmishing/Smishing-Dataset-IMC25,1557,train
sg-01745,"La Poste: Commande en attente : confirmation nécessaire Un de vos colis se trouve dans la section ""en transit"":",arnaque,phishing_lien,aucun,XX,corpus_recherche,,false,moyenne,,https://github.com/reportsmishing/Smishing-Dataset-IMC25,1549,train
sg-01746,"<NOM> a été organisée pour la livraison, <NOM>",arnaque,phishing_lien,aucun,XX,corpus_recherche,,false,moyenne,,https://github.com/reportsmishing/Smishing-Dataset-IMC25,1558,train
sg-01747,<NOM> a été livré. Veuillez le vérifier et le recevoir à temps.,arnaque,phishing_lien,aucun,XX,corpus_recherche,,false,moyenne,,https://github.com/reportsmishing/Smishing-Dataset-IMC25,1559,train
sg-01748,Chronopost : Échec de livraisons de votre colis <REF>. Reprogrammer la livraison sur <URL>,arnaque,phishing_lien,aucun,FR,corpus_recherche,,false,moyenne,,https://github.com/reportsmishing/Smishing-Dataset-IMC25,1560,train
sg-01749,"Amazon : Nous devons vérifier votre identité, veuillez mettre à jour les informations de votre compte :",arnaque,phishing_lien,aucun,FR,corpus_recherche,,false,moyenne,,https://github.com/reportsmishing/Smishing-Dataset-IMC25,1561,train
sg-01750,"<NOM> bientot livre, lqn suivez-le ici : <URL>",arnaque,phishing_lien,aucun,XX,corpus_recherche,,false,moyenne,,https://github.com/reportsmishing/Smishing-Dataset-IMC25,1562,train
sg-01751,"Un nouveau colis a ete envoye, suivez-le sur [7q0] notre site web <<REF>> : hxxps://planetaverde[.]everto...",arnaque,phishing_lien,aucun,XX,corpus_recherche,,false,moyenne,,https://github.com/reportsmishing/Smishing-Dataset-IMC25,1563,test
sg-01752,L'Agence Revenu du Canada a émis vos derniers bénéfices via INTERAC (virement électronique).Continuez au tiny[.]cc/8rztmx pour déposer ces fonds .,arnaque,phishing_lien,aucun,CA,corpus_recherche,,false,moyenne,,https://github.com/reportsmishing/Smishing-Dataset-IMC25,1564,train
sg-01753,"La caisse d'assurance maladie vous informe que vous etes admissible a recevoir un remboursement de <REF>, <NOM> bit[.]ly/wqpesh",arnaque,phishing_lien,aucun,XX,corpus_recherche,,false,moyenne,,https://github.com/reportsmishing/Smishing-Dataset-IMC25,1565,test
sg-01754,Action nécessaire pour votre remboursements sur votre compte Imp?ts gouv : <NOM>,arnaque,autre_arnaque,aucun,XX,corpus_recherche,,false,moyenne,,https://github.com/reportsmishing/Smishing-Dataset-IMC25,1566,train
sg-01755,Agence du revenu du Québec vous a envoyé un virement de fonds cliquez,arnaque,autre_arnaque,aucun,XX,corpus_recherche,,false,moyenne,,https://github.com/reportsmishing/Smishing-Dataset-IMC25,1567,train
sg-01756,"Vous etes admissible a recevoir un remboursement d'impot de 110,20EUR, Confirmer le règlement sur le lien suivant : tinyurl[.]com/w2589b",arnaque,phishing_lien,aucun,XX,corpus_recherche,,false,moyenne,,https://github.com/reportsmishing/Smishing-Dataset-IMC25,1568,test
sg-01757,"<NOM> remboursement AMELI santé de 150 euro en attente de paiement, veuillez confirmer vos informations",arnaque,autre_arnaque,aucun,XX,corpus_recherche,,false,moyenne,,https://github.com/reportsmishing/Smishing-Dataset-IMC25,1569,train
sg-01758,"Vous etes admissible a recevoir un remboursement d'Ameli de 1 274.90 EUR, Confirmer le règlement sur le lien suivant:",arnaque,autre_arnaque,aucun,XX,corpus_recherche,,false,moyenne,,https://github.com/reportsmishing/Smishing-Dataset-IMC25,1570,train
sg-01759,"Vous etes admissible a recevoir un remboursement d'impot de 110,20EUR, <NOM> le reglment sur le lien suivant :",arnaque,autre_arnaque,aucun,XX,corpus_recherche,,false,moyenne,,https://github.com/reportsmishing/Smishing-Dataset-IMC25,1571,train
sg-01760,"vous avez un remboursement AMELI sante de 148.00 euro en attente de paiement, <NOM> t[.]co/hrd3fj STOP SMS au 36184",arnaque,phishing_lien,aucun,XX,corpus_recherche,,false,moyenne,,https://github.com/reportsmishing/Smishing-Dataset-IMC25,1572,train
sg-01761,"Votre remboursement de 125 EUR est disponible, rendez-vous maintenant sur : <URL>",arnaque,phishing_lien,aucun,XX,corpus_recherche,,false,moyenne,,https://github.com/reportsmishing/Smishing-Dataset-IMC25,1573,test
sg-01762,"ImpotsGouv Votre 228,35 Euro a <NOM> 31 janvier 23/02 Veuillez confirmer vos informations:",arnaque,autre_arnaque,aucun,XX,corpus_recherche,,false,moyenne,,https://github.com/reportsmishing/Smishing-Dataset-IMC25,1574,train
sg-01763,"Bonjour,votre remboursement d'Ameli de 346,65€ n'a pas été effectué, pour que vous y bénéficiez, veuillez remplir le formulaire suivant: t[.]co/44dw2j",arnaque,phishing_lien,aucun,XX,corpus_recherche,,false,moyenne,,https://github.com/reportsmishing/Smishing-Dataset-IMC25,1575,train
sg-01764,Aides de l'Etat : téléchargez votre guide pour réduire vos impots,arnaque,autre_arnaque,aucun,FR,corpus_recherche,,false,moyenne,,https://github.com/reportsmishing/Smishing-Dataset-IMC25,1576,train
sg-01765,"Compte Ameli : Après la dernière vérification de votre dossier d'assurance maladie, nous avons déterminé que vous recevrez un remboursement de 309,90 euros. Veuillez remplir votre formulaire de remboursement et confirmez-le via le <NOM> bit[.]ly/rgnqxx",arnaque,phishing_lien,aucun,XX,corpus_recherche,,false,moyenne,,https://github.com/reportsmishing/Smishing-Dataset-IMC25,1577,train
sg-01766,H y d r o Q u é b e c vous envoie un remboursement dû à une surfacturation. Voir:,arnaque,autre_arnaque,aucun,CA,corpus_recherche,,false,moyenne,,https://github.com/reportsmishing/Smishing-Dataset-IMC25,1578,train
sg-01767,"Votre assurance maladie AMELI vous <NOM> recevoir un remboursement de 770,99 (EUR) suivez le lien: bit[.]ly/iente8",arnaque,phishing_lien,aucun,XX,corpus_recherche,,false,moyenne,,https://github.com/reportsmishing/Smishing-Dataset-IMC25,1579,train
sg-01768,"Bourse COVID-19 Une aide <NOM> perceptible dès maintenant pour un <NOM> jusqu'à 128,99€. Cette aide a pour but d'aider au bon déroulement du déconfinement prévu le 11 mai. Pour recevoir cette aide, veuillez remplir notre formulaire en ligne, disponible à l'adresse suivante : <URL> Direction générale des Finances Publiques. STOP 36034",arnaque,phishing_lien,aucun,XX,corpus_recherche,,false,moyenne,,https://github.com/reportsmishing/Smishing-Dataset-IMC25,1580,train
sg-01769,Bénéficiez d'une aide de 1500€ du fonds de solidarité pour les TPE au titre de la crise COVID19 Accédez au formulaire <URL> STOP 36034,arnaque,phishing_lien,aucun,XX,corpus_recherche,,false,moyenne,,https://github.com/reportsmishing/Smishing-Dataset-IMC25,1581,train
sg-01770,"Compte Ameli : Après la dernière vérification de votre dossier d’assurance maladie, nous avons déterminé que vous recevrez un remboursement de 419,97 euros. Veuillez vous enregistrer et finaliser votre dossier via le <NOM>",arnaque,autre_arnaque,aucun,XX,corpus_recherche,,false,moyenne,,https://github.com/reportsmishing/Smishing-Dataset-IMC25,1582,train
sg-01771,"[ Assurance Maladie ]: En raison du contexte actuel et après la dernière vérification de votre dossier, nous avons déterminé que vous recevrez un remboursement de 450,74 euros. Veuillez vous enregistrer via le <NOM>-joint: <URL>",arnaque,phishing_lien,aucun,FR,corpus_recherche,,false,moyenne,,https://github.com/reportsmishing/Smishing-Dataset-IMC25,1583,train
sg-01772,"<NOM> : nous avons déterminé que vous recevrez un remboursement de 850,99 €. Veuillez remplir votre formulaire de remboursement et confirmez-le via le <NOM> bit[.]ly/jhpywe",arnaque,phishing_lien,aucun,FR,corpus_recherche,,false,moyenne,,https://github.com/reportsmishing/Smishing-Dataset-IMC25,1381,train
sg-01773,"Compte Ameli : Après la dernière vérification de votre dossier d'assurance maladie, nous avons déterminé que vous recevrez un remboursement de 509.90 euros. Veuillez remplir votre formulaire de remboursement et confirmez-le via le <NOM>",arnaque,autre_arnaque,aucun,XX,corpus_recherche,,false,moyenne,,https://github.com/reportsmishing/Smishing-Dataset-IMC25,1577,train
sg-01774,Bénéficiez d'une aide de 1500€ du fonds de solidarité pour les TPE au titre de la crise COVID19 Accédez au formulaire,arnaque,autre_arnaque,aucun,XX,corpus_recherche,,false,moyenne,,https://github.com/reportsmishing/Smishing-Dataset-IMC25,1581,train
sg-01775,"<NOM> : nous avons déterminé que vous recevrez un remboursement de 850,99 €. Veuillez remplir votre formulaire de remboursement et confirmez-le via le <NOM>...",arnaque,autre_arnaque,aucun,FR,corpus_recherche,,false,moyenne,,https://github.com/reportsmishing/Smishing-Dataset-IMC25,1381,train
sg-01776,"Compte Ameli : Après la dernière vérification de votre dossier d'assurance maladie, nous avons déterminé que vous recevrez un remboursement de 679.80 euros. Veuillez remplir votre formulaire de remboursement et confirmez-le via le <NOM>",arnaque,autre_arnaque,aucun,FR,corpus_recherche,,false,moyenne,,https://github.com/reportsmishing/Smishing-Dataset-IMC25,1577,train
sg-01777,"Compte Ameli : Après la dernière vérification de votre dossier d'assurance maladie, nous avons déterminé que vous recevrez un remboursement de 503,99 euros. Veuillez remplir votre formulaire de remboursement et confirmez-le via le <NOM>",arnaque,autre_arnaque,aucun,FR,corpus_recherche,,false,moyenne,,https://github.com/reportsmishing/Smishing-Dataset-IMC25,1577,train
sg-01778,"Compte Ameli : En raison du contexte actuel et après notre dernière vérification de votre dossier d’assurance maladie, nous avons déterminé que vous recevrez un remboursement de 450 €. Veuillez vous enregistrez via le <NOM> <URL>",arnaque,phishing_lien,aucun,XX,corpus_recherche,,false,moyenne,,https://github.com/reportsmishing/Smishing-Dataset-IMC25,1584,train
sg-01779,"Compte Ameli : Après la dernière vérification de votre dossier d'assurance maladie, nous avons déterminé que vous recevrez un remboursement de 503,99 euros. Veuillez remplir votre formulaire de remboursement et confirmez-le via le <NOM> <URL>",arnaque,phishing_lien,aucun,FR,corpus_recherche,,false,moyenne,,https://github.com/reportsmishing/Smishing-Dataset-IMC25,1577,train
sg-01780,<URL> Action Requise Formulaire De Remboursement électronique - N <REF> Veuillez Suivre Les Instructions :,arnaque,phishing_lien,aucun,XX,corpus_recherche,,false,moyenne,,https://github.com/reportsmishing/Smishing-Dataset-IMC25,1585,train
sg-01781,"<NOM> vous informe suite à la pandémie <NOM>, que vous etes admissible à recevoir une aide à la consommation de notre part d'un montant de 257.40€ suite aux dommages liés au COVID-19.",arnaque,autre_arnaque,aucun,XX,corpus_recherche,,false,moyenne,,https://github.com/reportsmishing/Smishing-Dataset-IMC25,1586,train
sg-01782,"Compte Ameli : Après la dernière vérification de votre dossier d'assurance maladie, nous avons déterminé que vous recevrez un remboursement de 1124.35 euros. Veuillez remplir votre formulaire de remboursement et confirmez-le via le <NOM>",arnaque,autre_arnaque,aucun,XX,corpus_recherche,,false,moyenne,,https://github.com/reportsmishing/Smishing-Dataset-IMC25,1577,train
sg-01783,"[ Ameli ] : En raison du contexte actuel et après notre dernière vérification de votre dossier d’assurance maladie, nous avons déterminé que vous recevrez un remboursement de 450 €. Veuillez vous enregistrer via le <NOM> <URL> [ Ameli ] : En raison du contexte actif",arnaque,phishing_lien,aucun,FR,corpus_recherche,,false,moyenne,,https://github.com/reportsmishing/Smishing-Dataset-IMC25,1584,train
sg-01784,"Bourse COVID-19 Une aide <NOM> perceptible dès maintenant pour un <NOM> jusqu'à 128,99€. Cette aide a pour but d'aider au bon déroulement du déconfinement prévu le 11 mai. Pour recevoir cette aide, veuillez remplir notre formulaire en ligne, disponible à l'adresse suivante :",arnaque,autre_arnaque,aucun,XX,corpus_recherche,,false,moyenne,,https://github.com/reportsmishing/Smishing-Dataset-IMC25,1580,train
sg-01785,bit[.]ly/2i673m : Nous vous informons que vous avez droit à un remboursement de la part de votre Assurance d'un montant de 799€: bit[.]ly/jnxwe3 STOP 36034,arnaque,phishing_lien,aucun,XX,corpus_recherche,,false,moyenne,,https://github.com/reportsmishing/Smishing-Dataset-IMC25,1587,test
sg-01786,<URL> Accuse de reception <NOM> remboursement ! Veuillez remplir le formulaire suivant <URL>.<REF> <URL>,arnaque,phishing_lien,aucun,XX,corpus_recherche,,false,moyenne,,https://github.com/reportsmishing/Smishing-Dataset-IMC25,1588,train
sg-01787,"[ Ameli ]: En raison du contexte actuel et après la dernière vérification de votre dossier d'Assurance <NOM>, nous avons déterminé que vous recevrez un remboursement de 450,74 euros. Veuillez vous enregistrer via le <NOM>-joint:",arnaque,autre_arnaque,aucun,FR,corpus_recherche,,false,moyenne,,https://github.com/reportsmishing/Smishing-Dataset-IMC25,1583,train
sg-01788,Bénéficiez d'une aide de 1500€ du fonds de solidarité pour les TPE au titre de la crise COVID19. Accédez au formulaire <URL>,arnaque,phishing_lien,aucun,XX,corpus_recherche,,false,moyenne,,https://github.com/reportsmishing/Smishing-Dataset-IMC25,1581,train
sg-01789,"<NOM> : nous avons déterminé que vous recevrez un remboursement de 850,99 €. Veuillez remplir votre formulaire de remboursement et confirmez-le via le <NOM>",arnaque,autre_arnaque,aucun,XX,corpus_recherche,,false,moyenne,,https://github.com/reportsmishing/Smishing-Dataset-IMC25,1381,train
sg-01790,"[ CPAM SANTE ] Après la dernière vérification de votre dossier d'assurance maladie, nous avons déterminé que vous recevrez un remboursement de 520.67 euros. Veuillez remplir votre formulaire de remboursement et confirmez-le via le <NOM>",arnaque,autre_arnaque,aucun,XX,corpus_recherche,,false,moyenne,,https://github.com/reportsmishing/Smishing-Dataset-IMC25,1577,train
sg-01791,Vos droits C.P.F arrivent a echeance prochainement. Verifiez et utilisez votre solde pour une formation integralement financee:,arnaque,autre_arnaque,aucun,XX,corpus_recherche,,false,moyenne,,https://github.com/reportsmishing/Smishing-Dataset-IMC25,1589,train
sg-01792,"<NOM> : nous avons déterminé que vous recevrez un remboursement de 850,00 €. Veuillez remplir votre formulaire de remboursement et confirmez-le via le <NOM>",arnaque,autre_arnaque,aucun,FR,corpus_recherche,,false,moyenne,,https://github.com/reportsmishing/Smishing-Dataset-IMC25,1381,train
sg-01793,Votre nouvelle carte vitale est disponible. Veuillez remplir le formulaire afin de continuer à être couvert. Suivez ce lien : <URL>,arnaque,phishing_lien,aucun,FR,corpus_recherche,,false,moyenne,,https://github.com/reportsmishing/Smishing-Dataset-IMC25,1590,train
sg-01794,Votre solde de formation (DIF ) va expirer ! Consultez votre compte et reclamez votre formation integralement financee par l'Etat !,arnaque,autre_arnaque,aucun,XX,corpus_recherche,,false,moyenne,,https://github.com/reportsmishing/Smishing-Dataset-IMC25,1591,train
sg-01795,Info: Votre solde pour la formation arrive à échéance. Consultez votre solde et réclamez votre formation 100% financée par l'état sur:,arnaque,autre_arnaque,aucun,XX,corpus_recherche,,false,moyenne,,https://github.com/reportsmishing/Smishing-Dataset-IMC25,1592,test
sg-01796,Assurance Maladie: Renouvellement obligatoire de votre Carte Vitale à effectuer avant le 22/04. Rendez-vous immédiatement sur:,arnaque,autre_arnaque,aucun,XX,corpus_recherche,,false,moyenne,,https://github.com/reportsmishing/Smishing-Dataset-IMC25,1593,train
sg-01797,Ameli info : nous vous informons que votre nouvelle carte vitale est disponible.,arnaque,autre_arnaque,aucun,XX,corpus_recherche,,false,moyenne,,https://github.com/reportsmishing/Smishing-Dataset-IMC25,1594,train
sg-01798,"Ameli: Votre nouvelle carte vitale biométrique est disponible, vérifiez vos informations pour bénéficier de vos avantages santé:",arnaque,autre_arnaque,aucun,XX,corpus_recherche,,false,moyenne,,https://github.com/reportsmishing/Smishing-Dataset-IMC25,1595,train
sg-01799,Ameli: Votre nouvelle Carte Vitale est disponible ! <NOM> <URL>,arnaque,phishing_lien,aucun,XX,corpus_recherche,,false,moyenne,,https://github.com/reportsmishing/Smishing-Dataset-IMC25,1596,train
sg-01800,"Ameli : Votre nouvelle carte vitale est disponible, faites votre demande via : <URL>",arnaque,phishing_lien,aucun,FR,corpus_recherche,,false,moyenne,,https://github.com/reportsmishing/Smishing-Dataset-IMC25,1397,train
sg-01801,AMELI: Renouvellement obligatoire de votre Carte Vitale à effectuer avant le 06/09. Rendez-vous vite sur:,arnaque,autre_arnaque,aucun,XX,corpus_recherche,,false,moyenne,,https://github.com/reportsmishing/Smishing-Dataset-IMC25,1597,train
sg-01802,"AMEL: Votre nouvelle carte vitale est disponible, remplissez le formulaire via <URL> afin de continuer à être couvert.",arnaque,phishing_lien,aucun,XX,corpus_recherche,,false,moyenne,,https://github.com/reportsmishing/Smishing-Dataset-IMC25,1598,train
sg-01803,Crit'Air : Nos agents ont constaté que votre véhicule n'était pas muni de la vignette règlementaire Crit'Air 2022 veuillez la récupérer sous peine de contravention dans les prochaines 48 h sur le <NOM>-joint :,arnaque,autre_arnaque,aucun,FR,corpus_recherche,,false,moyenne,,https://github.com/reportsmishing/Smishing-Dataset-IMC25,1242,test
sg-01804,Ameli: Votre nouvelle Carte Vitale est disponible ! <NOM>:,arnaque,autre_arnaque,aucun,XX,corpus_recherche,,false,moyenne,,https://github.com/reportsmishing/Smishing-Dataset-IMC25,1596,train
sg-01805,"Expiration de votre carte vitale, à mettre à jour impérativement en suivant le <NOM> <URL>",arnaque,phishing_lien,aucun,FR,corpus_recherche,,false,moyenne,,https://github.com/reportsmishing/Smishing-Dataset-IMC25,1599,train
sg-01806,Vos Droits Formation n'ont pas été activé avant le 09/09. Merci de les activer: <URL>,arnaque,phishing_lien,aucun,XX,corpus_recherche,,false,moyenne,,https://github.com/reportsmishing/Smishing-Dataset-IMC25,1600,test
sg-01807,"<NOM>, Votre solde CPF de février a été actualisé, <NOM> et utilisez vos droits à la formation :",arnaque,autre_arnaque,aucun,FR,corpus_recherche,,false,moyenne,,https://github.com/reportsmishing/Smishing-Dataset-IMC25,1601,train
sg-01808,Votre nouvelle carte vitale est disponible. Veuillez remplir le formulaire afin de rester couvert:,arnaque,autre_arnaque,aucun,FR,corpus_recherche,,false,moyenne,,https://github.com/reportsmishing/Smishing-Dataset-IMC25,1602,train
sg-01809,"Assurance Maladie : Expiration de votre carte vitale, à mettre à jour impérativement via le <NOM>: <URL>",arnaque,phishing_lien,aucun,XX,corpus_recherche,,false,moyenne,,https://github.com/reportsmishing/Smishing-Dataset-IMC25,1227,train
sg-01810,"Assurance Maladie : Expiration de votre carte vitale, à mettre à jour impérativement via le <NOM>",arnaque,autre_arnaque,aucun,XX,corpus_recherche,,false,moyenne,,https://github.com/reportsmishing/Smishing-Dataset-IMC25,1227,train
sg-01811,INFOSECU : Votre nouvelle carte vitale est disponible vous ne pourrez plus utiliser l'ancienne recevoir ma nouvelle via :,arnaque,autre_arnaque,aucun,XX,corpus_recherche,,false,moyenne,,https://github.com/reportsmishing/Smishing-Dataset-IMC25,1603,train
sg-01812,Votre solde CPF 2022 est mis à jour (+500 euros) . <NOM> et réclamez votre formation 100% gratuite dès maintenant sur bit[.]ly/z9cnfb,arnaque,phishing_lien,aucun,XX,corpus_recherche,,false,moyenne,,https://github.com/reportsmishing/Smishing-Dataset-IMC25,1604,train
sg-01813,"CRIT'AIR : <NOM> agents ont constaté que vous n'étiez pas muni de la vignette réglementaire, veuillez la récupérer via :",arnaque,autre_arnaque,aucun,XX,corpus_recherche,,false,moyenne,,https://github.com/reportsmishing/Smishing-Dataset-IMC25,1292,train
sg-01814,"Vous avez 300 euros d'aide disponible sur votre compte Caf. Pour les percevoir, remplissez le formulaire sur cutt[.]ly/zmchjh et donnez-nous votre RIB.",arnaque,phishing_lien,aucun,XX,corpus_recherche,,false,moyenne,,https://github.com/reportsmishing/Smishing-Dataset-IMC25,1605,train
sg-01815,"<NOM>: <NOM> carte vitale biométrique est enfin disponible. À partir de mai, l’ancienne carte ne couvrira plus vos frais médicaux. Faites votre demande dès réception de ce sms:",arnaque,autre_arnaque,aucun,FR,corpus_recherche,,false,moyenne,,https://github.com/reportsmishing/Smishing-Dataset-IMC25,1606,train
sg-01816,"Ameli: Votre nouvelle carte vitale est disponibles. Afin de profiter des avantages, veuillez remplir le formulaire via: <URL>",arnaque,phishing_lien,aucun,XX,corpus_recherche,,false,moyenne,,https://github.com/reportsmishing/Smishing-Dataset-IMC25,1607,train
sg-01817,Ameli : Votre nouvelle carte vitale est disponible ! Veuillez faire une nouvelle demande en validant vos informations : <NOM>,arnaque,autre_arnaque,aucun,FR,corpus_recherche,,false,moyenne,,https://github.com/reportsmishing/Smishing-Dataset-IMC25,1608,train
sg-01818,SRV Ameli : <NOM> carte <NOM> a expiration. Veuillez remplir le formulaire de renouvellement sous 02/01 via : <URL>,arnaque,phishing_lien,aucun,FR,corpus_recherche,,false,moyenne,,https://github.com/reportsmishing/Smishing-Dataset-IMC25,1609,test
sg-01819,GOUV : Veuillez commander <NOM> CRIT'AIR dès maintenant sous peine d'une contravention lors de votre prochain trajet. Ce message fait suite à la nouvelle réglementation écologique. <NOM>,arnaque,autre_arnaque,aucun,XX,corpus_recherche,,false,moyenne,,https://github.com/reportsmishing/Smishing-Dataset-IMC25,1610,train
sg-01820,"Assurance Maladie : Expiration de votre carte vitale, à mettre à jour impérativement. <NOM> : <URL>",arnaque,phishing_lien,aucun,FR,corpus_recherche,,false,moyenne,,https://github.com/reportsmishing/Smishing-Dataset-IMC25,1227,train
sg-01821,"[<NOM>]: Après les derniers calculs <NOM>, nous vous informons que vous avez un remboursement de 835.91€. rendez-vous maintenant sur :",arnaque,autre_arnaque,aucun,XX,corpus_recherche,,false,moyenne,,https://github.com/reportsmishing/Smishing-Dataset-IMC25,1611,train
sg-01822,Constat d'infraction Votre permis sera suspendu si votre constat n'est pas payée avant le 17/04,arnaque,autre_arnaque,aucun,CA,corpus_recherche,,false,moyenne,,https://github.com/reportsmishing/Smishing-Dataset-IMC25,1612,test
sg-01823,"CRIT'AIR: <NOM> agents ont constaté que vous n'étiez pas muni de la vignette réglementaire, veuillez la récupérer via: <NOM>",arnaque,autre_arnaque,aucun,XX,corpus_recherche,,false,moyenne,,https://github.com/reportsmishing/Smishing-Dataset-IMC25,1292,train
sg-01824,"Assurance maladie : Votre Carte Vitale arrive à expiration, veuillez remplir le formulaire de renouvellement sous 24h :",arnaque,autre_arnaque,aucun,FR,corpus_recherche,,false,moyenne,,https://github.com/reportsmishing/Smishing-Dataset-IMC25,1613,train
sg-01825,"Info ANTAI : Vous avez un retard de paiement de 35.00e, dossier référence 10/11. <NOM> mon dossier d'infraction via :",arnaque,autre_arnaque,aucun,XX,corpus_recherche,,false,moyenne,,https://github.com/reportsmishing/Smishing-Dataset-IMC25,1614,train
sg-01826,"Assurance Maladie : Expiration de votre carte vitale, a mettre a jour imperativement. <NOM> <URL>",arnaque,phishing_lien,aucun,XX,corpus_recherche,,false,moyenne,,https://github.com/reportsmishing/Smishing-Dataset-IMC25,1227,train
sg-01827,"Votre Carte Vitale arrive à expiration afin de continuer a bénéficier de ses avantages, veuillez la mettre à jour : <URL>",arnaque,phishing_lien,aucun,FR,corpus_recherche,,false,moyenne,,https://github.com/reportsmishing/Smishing-Dataset-IMC25,1615,train
sg-01828,AMELI: Renouvellement obligatoire Carte Vitale à effectuer avant,arnaque,autre_arnaque,aucun,FR,corpus_recherche,,false,moyenne,,https://github.com/reportsmishing/Smishing-Dataset-IMC25,1616,train
sg-01829,ASSURANCE MALADIE : Votre nouvelle carte vitale est disponible. <NOM> : <NOM>,arnaque,autre_arnaque,aucun,FR,corpus_recherche,,false,moyenne,,https://github.com/reportsmishing/Smishing-Dataset-IMC25,1238,train
sg-01830,ASSURANCE MALADIE : Votre nouvelle carte vitale est maintenant disponible. Commandez-la en quelques secondes via ce lien : <NOM> : Votre nouvelle Carte Vitale est disponible. Veuillez remplir le document <NOM> https://,arnaque,autre_arnaque,aucun,FR,corpus_recherche,,false,moyenne,,https://github.com/reportsmishing/Smishing-Dataset-IMC25,1617,train
sg-01831,"[<NOM>]: Après les derniers calculs <NOM>, nous vous informons que vous avez un remboursement de 425,97€. en cliquant ici :",arnaque,autre_arnaque,aucun,FR,corpus_recherche,,false,moyenne,,https://github.com/reportsmishing/Smishing-Dataset-IMC25,1618,train
sg-01832,"CRIT'Air : <NOM> agents ont constaté que vous n'êtes pas muni de la vignette réglementaire, veuillez la récupérer sur crit'air",arnaque,autre_arnaque,aucun,XX,corpus_recherche,,false,moyenne,,https://github.com/reportsmishing/Smishing-Dataset-IMC25,1292,train
sg-01833,"CRIT'AIR : <NOM> agents ont constaté que vous n'étiez pas muni de la vignette réglementaire, veuillez la récupérer via : <URL>",arnaque,phishing_lien,aucun,XX,corpus_recherche,,false,moyenne,,https://github.com/reportsmishing/Smishing-Dataset-IMC25,1292,train
sg-01834,"Assurance Maladie : Expiration de votre carte vitale, a mettre a <NOM>. Demarche en ligne :",arnaque,autre_arnaque,aucun,XX,corpus_recherche,,false,moyenne,,https://github.com/reportsmishing/Smishing-Dataset-IMC25,1619,train
sg-01835,ASSURANCE-M ALADIE : <NOM> carte vitale arrive à expiration. Pensez à la renouveler en suivant ce lien : <URL>,arnaque,phishing_lien,aucun,XX,corpus_recherche,,false,moyenne,,https://github.com/reportsmishing/Smishing-Dataset-IMC25,1620,test
sg-01836,"[CPAM SANTE]: Après les derniers calculs annuel pour l'exercice de votre activité, nous vous informons que vous avez un remboursement de 387,84 €. en cliquant ici : bit[.]ly/ukaucr",arnaque,phishing_lien,aucun,FR,corpus_recherche,,false,moyenne,,https://github.com/reportsmishing/Smishing-Dataset-IMC25,1621,train
sg-01837,Votre nouvelle carte vitale est disponible. Veuillez remplir le formulaire afin de continuer à etre couvert via <URL>,arnaque,phishing_lien,aucun,XX,corpus_recherche,,false,moyenne,,https://github.com/reportsmishing/Smishing-Dataset-IMC25,1622,train
sg-01838,"Assurance Maladie : Expiration de votre carte vitale, veuillez mettre à jour vos informations impérativement via :",arnaque,autre_arnaque,aucun,FR,corpus_recherche,,false,moyenne,,https://github.com/reportsmishing/Smishing-Dataset-IMC25,1623,train
sg-01839,"Assurance Maladie : Expiration de votre carte vitale, à mettre à jour impérativement. <NOM>",arnaque,autre_arnaque,aucun,FR,corpus_recherche,,false,moyenne,,https://github.com/reportsmishing/Smishing-Dataset-IMC25,1227,train
sg-01840,Assurance Maladie : Votre Carte Vitale arrive à expiration. Veuillez la mettre à jour <NOM>,arnaque,autre_arnaque,aucun,XX,corpus_recherche,,false,moyenne,,https://github.com/reportsmishing/Smishing-Dataset-IMC25,1624,train
sg-01841,"Ameli: Votre nouvelle Carte Vitale est disponible, faites votre demande via : <URL>",arnaque,phishing_lien,aucun,FR,corpus_recherche,,false,moyenne,,https://github.com/reportsmishing/Smishing-Dataset-IMC25,1397,train
sg-01842,Assurance Maladie: Votre nouvelle Carte Vitale est disponible. Veuillez remplir notre formulaire via:,arnaque,autre_arnaque,aucun,FR,corpus_recherche,,false,moyenne,,https://github.com/reportsmishing/Smishing-Dataset-IMC25,1625,test
sg-01843,Support Ameli: veuillez mettre a jour votre nouvelle carte vitale en suivant ce lien:,arnaque,autre_arnaque,aucun,FR,corpus_recherche,,false,moyenne,,https://github.com/reportsmishing/Smishing-Dataset-IMC25,1626,train
sg-01844,"i""¿ASSURANCE MALADIE : nous avons bien enregistrR? vos nouvelles coordonnA? es bancaires. Suivez vos paiements depuis votre compte sur <URL>",arnaque,phishing_lien,aucun,XX,corpus_recherche,,false,moyenne,,https://github.com/reportsmishing/Smishing-Dataset-IMC25,1355,train
sg-01845,"Assurance maladie : Votre Carte Vitale arrive à expiration, veuillez remplir le formulaire de renouvellement sous 27/10. AMELI : <NOM> carte vitale requiert une mise à jour, pour y procéder veuillez suivre ce lien :",arnaque,autre_arnaque,aucun,XX,corpus_recherche,,false,moyenne,,https://github.com/reportsmishing/Smishing-Dataset-IMC25,1627,train
sg-01846,"CRIT'AIR : Nous avons constaté que vous n'étiez plus muni de la vignette réglementaire, veuillez la mettre à jour via :",arnaque,autre_arnaque,aucun,XX,corpus_recherche,,false,moyenne,,https://github.com/reportsmishing/Smishing-Dataset-IMC25,1628,test
sg-01847,"Expiration de votre carte vitale, à mettre à jour impérativement en suivant le <NOM> <NOM>",arnaque,autre_arnaque,aucun,FR,corpus_recherche,,false,moyenne,,https://github.com/reportsmishing/Smishing-Dataset-IMC25,1599,train
sg-01848,"Assurance maladie : Votre Carte Vitale arrive à expiration , veuillez remplir le formulaire de renouvellement sous 24h via : <URL>",arnaque,phishing_lien,aucun,XX,corpus_recherche,,false,moyenne,,https://github.com/reportsmishing/Smishing-Dataset-IMC25,1613,train
sg-01849,Ministère du Travail et de l'Insertion : URGENT: réclamez vos droits de formation CPF avant l'expiration de vos heures le 25 juillet 2022: <URL>,arnaque,phishing_lien,aucun,XX,corpus_recherche,,false,moyenne,,https://github.com/reportsmishing/Smishing-Dataset-IMC25,1629,train
sg-01850,"Assurance Maladie : Votre carte vitale est expirée, à mettre à jour impérativement. <NOM>",arnaque,autre_arnaque,aucun,FR,corpus_recherche,,false,moyenne,,https://github.com/reportsmishing/Smishing-Dataset-IMC25,1630,train
sg-01851,"CRIT'AIR : <NOM> agents ont constaté que vous n'étiez pas munis de la vignette réglementaire, veuillez la récupérer via : <URL>i",arnaque,phishing_lien,aucun,XX,corpus_recherche,,false,moyenne,,https://github.com/reportsmishing/Smishing-Dataset-IMC25,1292,train
sg-01852,"CRIT'AIR : <NOM> agents ont constaté que vous n'étiez pas munis de la vignette réglementaire, veuillez la récupérer via : rapport. <URL> Nouvelle vignette Crit'Air obligatoire <NOM> vignette Crit'Air est obligatoire pour circuler dans les zones à faibles émissions mobilité (ZFE-m) instaurées par <NOM> instaurant la circulation des véhicules lors des épisodes de pollution. Veuillez comment obtenir votre vignette Crit'Air en ligne avant le 26/11 via ce <NOM>-joint : <URL>",arnaque,phishing_lien,aucun,XX,corpus_recherche,,false,moyenne,,https://github.com/reportsmishing/Smishing-Dataset-IMC25,1631,train
sg-01853,"<NOM> 300 euros d'aide disponible sur votre compte Caf. Pour les percevoir, remplissez le formulaire sur cutt[.]ly/t4jwzm et donnez-nous votre RIB.",arnaque,phishing_lien,aucun,XX,corpus_recherche,,false,moyenne,,https://github.com/reportsmishing/Smishing-Dataset-IMC25,1605,train
sg-01854,Veuillez mettre a jour votre formulaire vitale :,arnaque,autre_arnaque,aucun,FR,corpus_recherche,,false,moyenne,,https://github.com/reportsmishing/Smishing-Dataset-IMC25,1632,train
sg-01855,"AMELI : Pour continuer à percevoir vos remboursements santé, veuillez actualiser vos informations",arnaque,autre_arnaque,aucun,XX,corpus_recherche,,false,moyenne,,https://github.com/reportsmishing/Smishing-Dataset-IMC25,1633,test
sg-01856,"Assurance Maladie : Expiration de votre carte vitale, à mettre à jour impérativement avant le 23/05. Ci-dessous: <URL>",arnaque,phishing_lien,aucun,FR,corpus_recherche,,false,moyenne,,https://github.com/reportsmishing/Smishing-Dataset-IMC25,1634,train
sg-01857,Votre nouvelle carte vitale est disponible. Veuillez remplir le formulaire afin de rester couvert: <URL>,arnaque,phishing_lien,aucun,FR,corpus_recherche,,false,moyenne,,https://github.com/reportsmishing/Smishing-Dataset-IMC25,1602,train
sg-01858,"AMELI: Pour continuer à recevoir vos remboursements, veuillez mettre à jour vos informations : <URL>",arnaque,phishing_lien,aucun,XX,corpus_recherche,,false,moyenne,,https://github.com/reportsmishing/Smishing-Dataset-IMC25,1635,test
sg-01859,"Votre solde CPF est arrivé a échéance. Veuillez remplir le formulaire ci-dessous sous 14/10, pour convertir vos droits acquis en 19/02.",arnaque,autre_arnaque,aucun,FR,corpus_recherche,,false,moyenne,,https://github.com/reportsmishing/Smishing-Dataset-IMC25,1232,train
sg-01860,"AMELI: Expiration de votre carte vitale, à mettre à jour impérativement avant le 26/05. Rendez-vous vite sur:",arnaque,autre_arnaque,aucun,FR,corpus_recherche,,false,moyenne,,https://github.com/reportsmishing/Smishing-Dataset-IMC25,1636,train
sg-01861,"Assurance maladie : <NOM> carte vitale arrive à expiration, veuillez remplir le formulaire de renouvellement sous 08/03 via :",arnaque,autre_arnaque,aucun,XX,corpus_recherche,,false,moyenne,,https://github.com/reportsmishing/Smishing-Dataset-IMC25,1359,train
sg-01862,"by <URL>: CRIT'AIR: <NOM> agents ont constaté que vous n'étiez pas muni de la vignette réglementaire, veuillez la récupérer via:",arnaque,phishing_lien,aucun,FR,corpus_recherche,,false,moyenne,,https://github.com/reportsmishing/Smishing-Dataset-IMC25,1292,train
sg-01863,"Assurance Maladie : Expiration de votre carte vitale, a mettre a jour imperativement. <NOM>: <URL>",arnaque,phishing_lien,aucun,FR,corpus_recherche,,false,moyenne,,https://github.com/reportsmishing/Smishing-Dataset-IMC25,1227,train
sg-01864,ASSURANCE MALADIE: Votre nouvelle carte vitale est disponible commandez la dès maintenant via le <NOM>,arnaque,autre_arnaque,aucun,XX,corpus_recherche,,false,moyenne,,https://github.com/reportsmishing/Smishing-Dataset-IMC25,1637,train
sg-01865,"Netflix : Veuillez mettre à jour vos informations sinon des frais de 12,99€ seront appliquer: <URL>",arnaque,phishing_lien,aucun,FR,corpus_recherche,,false,moyenne,,https://github.com/reportsmishing/Smishing-Dataset-IMC25,1638,train
sg-01866,Vous avez recu 15500 FCFA de <NOM> (<REF>) le 12/03. Transaction Id: <REF>. <NOM>,arnaque,faux_transfert,aucun,XX,corpus_recherche,2018-10,false,moyenne,,https://github.com/reportsmishing/Smishing-Dataset-IMC25,1639,train
sg-01867,Votre abonnement netflix a été restreint. Veuillez mettre à jour vos informations de facturation pour rétablir <NOM>:<URL>,arnaque,phishing_lien,aucun,CA,corpus_recherche,,false,moyenne,,https://github.com/reportsmishing/Smishing-Dataset-IMC25,1640,train
sg-01868,"Bsr,votre IMAGE/SON est tjr dispo? si oui veuillez me répondre a mon adresse mail perso: <EMAIL> >Répondez par SMS",arnaque,autre_arnaque,aucun,XX,corpus_recherche,,false,moyenne,,https://github.com/reportsmishing/Smishing-Dataset-IMC25,1641,test
sg-01869,Air France offre 2 billets gratuits pour célébrer son 85e anniversaire. Obtenez vos billets gratuits à: <URL>,arnaque,phishing_lien,aucun,XX,corpus_recherche,,false,moyenne,,https://github.com/reportsmishing/Smishing-Dataset-IMC25,1642,train
sg-01870,Pour des raisons de sécurité la mise à jour de votre compte N : <REF> est obligatoire : https://,arnaque,autre_arnaque,aucun,XX,corpus_recherche,,false,moyenne,,https://github.com/reportsmishing/Smishing-Dataset-IMC25,1643,test
sg-01871,"<NOM>, Suite à une erreur de notre part, votre dernière facture à été débitée 2 fois. Nous vous invitons à suivre les étapes indiquées sur le lien suivant pour recevoir votre remboursement:",arnaque,autre_arnaque,aucun,XX,corpus_recherche,,false,moyenne,,https://github.com/reportsmishing/Smishing-Dataset-IMC25,1644,train
sg-01872,"Électricité de France Vous avez un remboursement de 45.85 euro en attente, veuillez confirmer vos informations en copiant le lien et en l'ouvrant sur votre navigateur: bit[.]do/zy9ri3",arnaque,phishing_lien,aucun,XX,corpus_recherche,,false,moyenne,,https://github.com/reportsmishing/Smishing-Dataset-IMC25,1645,train
sg-01873,Félicitations à nos trois gagnants: 1: <REF> 2: <REF> 3: <REF> Confirmez votre numéro ici: <URL>,arnaque,phishing_lien,aucun,XX,corpus_recherche,,false,moyenne,,https://github.com/reportsmishing/Smishing-Dataset-IMC25,1646,train
sg-01874,<NOM> points Amazon expirent aujourd'hui. Utilisez vos points Amazon pour avoir un cadeau gratuit de votre choix. Selectionnez votre cadeau:,arnaque,autre_arnaque,aucun,XX,corpus_recherche,,false,moyenne,,https://github.com/reportsmishing/Smishing-Dataset-IMC25,1647,train
sg-01875,"<NOM>, vous devez effectuer un renouvellement obligatoire concernant votre nom de domaine :",arnaque,autre_arnaque,aucun,XX,corpus_recherche,,false,moyenne,,https://github.com/reportsmishing/Smishing-Dataset-IMC25,1648,test
sg-01876,"Bravo!!Votre magasin LIDL a selectionné votre numéro! <NOM> Robot SilverCrest Cuisine Connect, Cliquez sur <URL> stop",arnaque,phishing_lien,aucun,FR,corpus_recherche,,false,moyenne,,https://github.com/reportsmishing/Smishing-Dataset-IMC25,1649,train
sg-01877,Bjr votre chaine neige sur leboncoin est dispo ? si oui repondez moi sur mon mail :,arnaque,autre_arnaque,aucun,FR,corpus_recherche,,false,moyenne,,https://github.com/reportsmishing/Smishing-Dataset-IMC25,1650,train
sg-01878,Des masques de respiration sont disponibles sur <URL> Livraison gratuite dans tout la <NOM> (3-4 jours ouvrées) STOP au 36976,arnaque,phishing_lien,aucun,XX,corpus_recherche,,false,moyenne,,https://github.com/reportsmishing/Smishing-Dataset-IMC25,1651,test
sg-01879,Action Requise Formulaire De Remboursement électronique - N <REF> Veuillez Suivre Les,arnaque,autre_arnaque,aucun,XX,corpus_recherche,,false,moyenne,,https://github.com/reportsmishing/Smishing-Dataset-IMC25,1585,train
sg-01880,"<NOM> : Vous avez été victime d'une surfacturation de 12.25€, merci de remplir le formulaire : <URL>",arnaque,phishing_lien,aucun,XX,corpus_recherche,,false,moyenne,,https://github.com/reportsmishing/Smishing-Dataset-IMC25,1652,train
sg-01881,"<NOM> client, face à la <NOM>, nous avons décidé de rembourser vos dernières consommations. <NOM> sur: <URL>",arnaque,phishing_lien,aucun,XX,corpus_recherche,,false,moyenne,,https://github.com/reportsmishing/Smishing-Dataset-IMC25,1653,train
sg-01882,"Bjr,vtre Electro est tjr dispo?si oui me répondre a mn adresse mail:<EMAIL>",arnaque,autre_arnaque,aucun,FR,corpus_recherche,,false,moyenne,,https://github.com/reportsmishing/Smishing-Dataset-IMC25,1654,test
sg-01883,Votre compte a été restreint. Pour le restaurer effectuez les étapes requises via notre plateforme:,arnaque,autre_arnaque,aucun,XX,corpus_recherche,,false,moyenne,,https://github.com/reportsmishing/Smishing-Dataset-IMC25,1655,train
sg-01884,25 EUR vous ont ete credites sur votre compte: URL valide jusquau 26 juin Repondez STOP pour desinscrire,arnaque,autre_arnaque,aucun,XX,corpus_recherche,,false,moyenne,,https://github.com/reportsmishing/Smishing-Dataset-IMC25,1656,train
sg-01885,"<NOM> : Vous avez été victime d'une surfacturation de 12.25€, merci de remplir le formulaire :",arnaque,autre_arnaque,aucun,XX,corpus_recherche,,false,moyenne,,https://github.com/reportsmishing/Smishing-Dataset-IMC25,1652,train
sg-01886,Une défaillance est survenue lors de votre facture du 03 janvier 22/09 vous etes éligibles à un acquittement de 49.59 EUR rendez-vous sur <URL>z,arnaque,phishing_lien,aucun,XX,corpus_recherche,,false,moyenne,,https://github.com/reportsmishing/Smishing-Dataset-IMC25,1657,train
sg-01887,"<NOM>, Vous avez un remboursement en attente de 12,85€ Suivez les instructions:",arnaque,autre_arnaque,aucun,XX,corpus_recherche,,false,moyenne,,https://github.com/reportsmishing/Smishing-Dataset-IMC25,1658,train
sg-01888,Bonjour le + à reçu ce jeudi matin une demande urgente de rendez vous pour le vendredi 20 mars cliquez ici <URL> pour la consulter maintenant et y répondre rapidement avant 19h ce soir,arnaque,phishing_lien,aucun,FR,corpus_recherche,,false,moyenne,,https://github.com/reportsmishing/Smishing-Dataset-IMC25,1659,test
sg-01889,Votre Abonnement Comporte Une Facture Impayée D'un Montant De 1.95€ . Veuillez Compléter La Procedure Suivante :,arnaque,autre_arnaque,aucun,XX,corpus_recherche,,false,moyenne,,https://github.com/reportsmishing/Smishing-Dataset-IMC25,1660,train
sg-01890,Une défaillance est survenue lors de votre facture du 03 janvier 02/04 vous êtes éligibles à un acquittement de 49.59 EUR rendez-vous sur,arnaque,autre_arnaque,aucun,XX,corpus_recherche,,false,moyenne,,https://github.com/reportsmishing/Smishing-Dataset-IMC25,1657,train
sg-01891,<NOM> tirée au sort pour le grand jeu concours Carrefour. Cliquez ici :,arnaque,autre_arnaque,aucun,FR,corpus_recherche,,false,moyenne,,https://github.com/reportsmishing/Smishing-Dataset-IMC25,1661,train
sg-01892,Bonjour le 06... a reçu ce Vendredi 30 Octobre a 09h08 (2) nouveau messages urgent sur le serveur Répondeur Express. Cliquez ici <URL> pour l'écouter maintenant et répondre avant ce soir,arnaque,phishing_lien,aucun,XX,corpus_recherche,,false,moyenne,,https://github.com/reportsmishing/Smishing-Dataset-IMC25,1662,test
sg-01893,Notre système a détecté que votre pass-sécurité n'est pas vérifié. Ceci est un dernier rappel vous invitant à le vérifier,arnaque,autre_arnaque,aucun,XX,corpus_recherche,,false,moyenne,,https://github.com/reportsmishing/Smishing-Dataset-IMC25,1663,test
sg-01894,Appuyez pour recuperer l'acces a votre compte <NOM>,arnaque,autre_arnaque,aucun,XX,corpus_recherche,,false,moyenne,,https://github.com/reportsmishing/Smishing-Dataset-IMC25,1664,train
sg-01895,"Pour authentifier votre achat de 819 euros, veuillez saisir le code: <REF>. <NOM>, <NOM> le <REF>",arnaque,autre_arnaque,aucun,XX,corpus_recherche,,false,moyenne,,https://github.com/reportsmishing/Smishing-Dataset-IMC25,1665,train
sg-01896,Bonne Nouvelle ! <NOM> boutique DARTY. iPhone XR 128Go à 99.90€ Profiter de l'offre -> <URL> STOP 36034,arnaque,phishing_lien,aucun,XX,corpus_recherche,,false,moyenne,,https://github.com/reportsmishing/Smishing-Dataset-IMC25,1666,train
sg-01897,"Nous avons verrouillé votre identifiant Apple pour des raisons de sécurité, veuillez cliquer et suivre le <NOM> <URL>",arnaque,phishing_lien,aucun,XX,corpus_recherche,,false,moyenne,,https://github.com/reportsmishing/Smishing-Dataset-IMC25,1667,train
sg-01898,Bonjour le <TEL> a recu une demande urgente de rendez-vous le 30 mars cliquez ici pour l ecouter et y <NOM> rapidement,arnaque,autre_arnaque,aucun,FR,corpus_recherche,,false,moyenne,,https://github.com/reportsmishing/Smishing-Dataset-IMC25,1668,train
sg-01899,"Suite à la diminution du personnel disponible due à la propagation du Coronavirus, nous demandons à nos clients d'enregistrer leur adresse IP à l'aide de leur lecteur de carte sur notre portail client :",arnaque,autre_arnaque,aucun,XX,corpus_recherche,,false,moyenne,,https://github.com/reportsmishing/Smishing-Dataset-IMC25,1669,train
sg-01900,"<NOM>, vous n'avez pas encore activé vos droits C.P.F. ! Choisissez votre formation gratuite avant expiration définitive :",arnaque,autre_arnaque,aucun,XX,corpus_recherche,,false,moyenne,,https://github.com/reportsmishing/Smishing-Dataset-IMC25,1670,train
sg-01901,Votre abonnement Netflix a été restreint. Mettez à jour vos informations de facturation pour rétablir <NOM>:,arnaque,autre_arnaque,aucun,BE,corpus_recherche,,false,moyenne,,https://github.com/reportsmishing/Smishing-Dataset-IMC25,1671,train
sg-01902,"<NOM> : <NOM>*.fr arrive à échéance demain. Pour faire le renouvellement, s'il vous plaît visitez le site <NOM> directement sur le <NOM> hxxp://paimentgandi-net-****<URL>",arnaque,phishing_lien,aucun,XX,corpus_recherche,,false,moyenne,,https://github.com/reportsmishing/Smishing-Dataset-IMC25,1672,train
sg-01903,Black 19/10 ! Offre exceptionnelle à la boutique DARTY. iPhone XR à 99.90€ Galaxy <REF>+ à 99.90€ <NOM>,arnaque,autre_arnaque,aucun,XX,corpus_recherche,,false,moyenne,,https://github.com/reportsmishing/Smishing-Dataset-IMC25,1673,test
sg-01904,IMPORTANT: Votre solde de D.I.F va expirer. Consultez votre budget et reclamez votre formation 100% prise en charge,arnaque,autre_arnaque,aucun,XX,corpus_recherche,,false,moyenne,,https://github.com/reportsmishing/Smishing-Dataset-IMC25,1674,train
sg-01905,<NOM> solde DIF arrive à échéance. <NOM> pour convertir votre solde en budget CPF.,arnaque,autre_arnaque,aucun,XX,corpus_recherche,,false,moyenne,,https://github.com/reportsmishing/Smishing-Dataset-IMC25,1675,train
sg-01906,"Malheureusement, votre abonnement Netflix à été suspendu. Pour réactiver votre abonnement, vérifier vos informations sur :",arnaque,autre_arnaque,aucun,XX,corpus_recherche,,false,moyenne,,https://github.com/reportsmishing/Smishing-Dataset-IMC25,1676,train
sg-01907,"<NOM>, La prévente des tokens crypto AIRN est ouvert! <NOM> white paper du projet ou notre vidéo? <NOM>.",arnaque,autre_arnaque,aucun,XX,corpus_recherche,,false,moyenne,,https://github.com/reportsmishing/Smishing-Dataset-IMC25,1677,train
sg-01908,"Bonjour, malheureusement nous n'avons pas pu autoriser votre paiement pour le prochain cycle de facturation de votre abonnement, nous avons donc suspendu votre abonnement Netflix, Pour restaurer votre compte, veuillez mettre à jour vos informations de facturation pour rétablir <NOM>: hxxps://paiements-securé[.]fr/",arnaque,phishing_lien,aucun,XX,corpus_recherche,,false,moyenne,,https://github.com/reportsmishing/Smishing-Dataset-IMC25,1678,train
sg-01909,Appuyez pour récupérer l'accès à votre compte Instagram,arnaque,autre_arnaque,aucun,XX,corpus_recherche,,false,moyenne,,https://github.com/reportsmishing/Smishing-Dataset-IMC25,1679,test
sg-01910,"l'Assurance <NOM> : Après la dernière vérification de votre dossier d'assurance maladie, nous avons déterminé que vous recevrez un remboursement de 850,99 euros. Veuillez remplir votre formulaire et confirmez-le via le <NOM>",arnaque,autre_arnaque,aucun,FR,corpus_recherche,,false,moyenne,,https://github.com/reportsmishing/Smishing-Dataset-IMC25,1577,train
sg-01911,Important: suivez le lien pour confirmer...,arnaque,autre_arnaque,aucun,XX,corpus_recherche,,false,moyenne,,https://github.com/reportsmishing/Smishing-Dataset-IMC25,1680,train
sg-01912,Bon Plan ! Offre exceptionnelle à la boutique DARTY. iPhone XR 128Go à 99.90€ <NOM> bit[.]ly/ewxqme,arnaque,phishing_lien,aucun,XX,corpus_recherche,,false,moyenne,,https://github.com/reportsmishing/Smishing-Dataset-IMC25,1681,train
sg-01913,<NOM> solde D I F arrive a expiration ! Consultez votre compte et réclamez votre formation avant expiration de vos droits: <NOM>,arnaque,autre_arnaque,aucun,FR,corpus_recherche,,false,moyenne,,https://github.com/reportsmishing/Smishing-Dataset-IMC25,1682,train
sg-01914,Votre compte personnel de formation (CPF) vient d'augmenter ! Consultez votre solde et réclamez votre formation 100% financée.,arnaque,autre_arnaque,aucun,XX,corpus_recherche,,false,moyenne,,https://github.com/reportsmishing/Smishing-Dataset-IMC25,1683,train
sg-01915,INFO! <NOM> (compte personnel de formation) est actualisé! Accompagnement et choix de formations 100% prise en charge bit[.]ly/hbr486,arnaque,phishing_lien,aucun,XX,corpus_recherche,,false,moyenne,,https://github.com/reportsmishing/Smishing-Dataset-IMC25,1684,train
sg-01916,Nous avons détecté une activité inhabituelle sur votre compte. Veuillez vous connecter pour rétablir <NOM> :,arnaque,autre_arnaque,aucun,XX,corpus_recherche,,false,moyenne,,https://github.com/reportsmishing/Smishing-Dataset-IMC25,1685,train
sg-01917,"Nous vous informons d'une indemnisation de 79,99 E, suite aux pannes survenues pendant le confinement. Demande via votre espace :",arnaque,autre_arnaque,aucun,XX,corpus_recherche,,false,moyenne,,https://github.com/reportsmishing/Smishing-Dataset-IMC25,1686,train
sg-01918,"Uber: Nous sommes désolés de vous informer que votre compte sera suspendue afin de rembourser votre surcharge lors de votre dernière course. Afin de conserver votre service, veuillez confirmer vos informations de facturation pour des raisons de sécurité : <NOM> part de l",arnaque,autre_arnaque,aucun,XX,corpus_recherche,,false,moyenne,,https://github.com/reportsmishing/Smishing-Dataset-IMC25,1687,train
sg-01919,Bonjour Votre Image et son sur leboncoin est toujours dispo ? si <NOM> répondre a mon mail : <EMAIL> Merci,arnaque,autre_arnaque,aucun,FR,corpus_recherche,,false,moyenne,,https://github.com/reportsmishing/Smishing-Dataset-IMC25,1688,test
sg-01920,votre article a ete achete sur leboncoin <URL>,arnaque,phishing_lien,aucun,XX,corpus_recherche,,false,moyenne,,https://github.com/reportsmishing/Smishing-Dataset-IMC25,1689,test
sg-01921,"Netflix : <NOM> client, votre compte est restreint car il y a eu une connexion suspecte, vous devez confirmer votre identité avant que votre compte soit clôturé : bit[.]ly/uxzfaf",arnaque,phishing_lien,aucun,FR,corpus_recherche,,false,moyenne,,https://github.com/reportsmishing/Smishing-Dataset-IMC25,1690,train
sg-01922,"Bjr, <NOM>? <NOM>, <NOM> racheter. <NOM> me laisser son prix ferme uniquement à mon mail: ( <EMAIL> )",arnaque,autre_arnaque,aucun,FR,corpus_recherche,,false,moyenne,,https://github.com/reportsmishing/Smishing-Dataset-IMC25,1691,train
sg-01923,Votre abonnement à Amazon a été récompensé. Un iPhone 12 Pro vous est réservé. Réclamez-le ici: tinyurl[.]com/vwmbvb,arnaque,phishing_lien,aucun,XX,corpus_recherche,,false,moyenne,,https://github.com/reportsmishing/Smishing-Dataset-IMC25,1692,train
sg-01924,"Uber: Nous sommes désolés de vous informer que votre compte sera suspendue afin de rembourser votre surcharge lors de votre dernière course. Afin de conserver votre service, veuillez confirmer vos informations de facturation pour des raisons de sécurité : <NOM> part de l'équipe Uber.",arnaque,autre_arnaque,aucun,XX,corpus_recherche,,false,moyenne,,https://github.com/reportsmishing/Smishing-Dataset-IMC25,1687,train
sg-01925,"<NOM> : <NOM> <URL> arrive à échéance demain. Pour effectuer le renouvellement, veuillez consulter votre bon de renouvellement sur le lien suivant : <URL> <NOM> : Malgré nos relances, nous n'avons toujours pas reçu votre paiement pour le renouvellement concernant votre nom de domaine <URL>. Vous pouvez procéder au paiement par CB depuis la console de gestion suivante : <URL>",arnaque,phishing_lien,aucun,XX,corpus_recherche,,false,moyenne,,https://github.com/reportsmishing/Smishing-Dataset-IMC25,1693,train
sg-01926,<NOM> solde <NOM> ! Consultez votre compte et reclamez votre formation avant expiration de vos droits: CLIQUEZ ICI: cutt[.]ly/ttvntg,arnaque,phishing_lien,aucun,FR,corpus_recherche,,false,moyenne,,https://github.com/reportsmishing/Smishing-Dataset-IMC25,1694,train
sg-01927,"<NOM> analyse de votre dossier d'Assurance <NOM>, vous êtes éligible à un remboursement totale de 495,67 euros. Veuillez vous enregistrer via le <NOM>-joint:",arnaque,autre_arnaque,aucun,XX,corpus_recherche,,false,moyenne,,https://github.com/reportsmishing/Smishing-Dataset-IMC25,1695,train
sg-01928,INFO! <NOM> (compte personnel de formation) est actualisé! Accompagnement et choix de formations 100% prise en charge,arnaque,autre_arnaque,aucun,XX,corpus_recherche,,false,moyenne,,https://github.com/reportsmishing/Smishing-Dataset-IMC25,1684,train
sg-01929,Netflix_CA: Nous constatons que votre abonnement à nos services arrive à sa fin en raison d'une erreur de paiement. Veuillez corriger ou mettre à jour ce dernier pour avoir accès à vos privilèges.,arnaque,autre_arnaque,aucun,XX,corpus_recherche,,false,moyenne,,https://github.com/reportsmishing/Smishing-Dataset-IMC25,1696,train
sg-01930,"Pour la sécurité de votre compte de Apple Store, votre compte est contraint et nécessite une nouvelle authentification",arnaque,autre_arnaque,aucun,XX,corpus_recherche,,false,moyenne,,https://github.com/reportsmishing/Smishing-Dataset-IMC25,1363,train
sg-01931,Dernier rappel avant mise en demeure. Vous devez régler 82.75 euros pour votre contrat <REF> en cliquant ici :,arnaque,autre_arnaque,aucun,XX,corpus_recherche,,false,moyenne,,https://github.com/reportsmishing/Smishing-Dataset-IMC25,1697,test
sg-01932,"NETFLIX: Le dernier paiement de votre abonnement a été rejeté, à mettre à jour impérativement avant le 09/02. Rendez-vous sur : <URL>",arnaque,phishing_lien,aucun,XX,corpus_recherche,,false,moyenne,,https://github.com/reportsmishing/Smishing-Dataset-IMC25,1698,test
sg-01933,"Netflix : Veuillez mettre à jour vos informations sinon des frais de 12,99€ seront appliquer:",arnaque,autre_arnaque,aucun,FR,corpus_recherche,,false,moyenne,,https://github.com/reportsmishing/Smishing-Dataset-IMC25,1638,train
sg-01934,"Pour confirmer l'achat de 789,99e Veuillez saisir le code :<CODE> Pour annuler, <NOM> le service anti-fraude: <REF>",arnaque,autre_arnaque,aucun,XX,corpus_recherche,,false,moyenne,,https://github.com/reportsmishing/Smishing-Dataset-IMC25,1699,train
sg-01935,"NETFLIX: Expiration de votre abonnement, à mettre à jour impérativement avant le 12/04. Rendez-vous vite sur: <URL>",arnaque,phishing_lien,aucun,XX,corpus_recherche,,false,moyenne,,https://github.com/reportsmishing/Smishing-Dataset-IMC25,1700,train
sg-01936,"NETFLIX: Votre dernier paiement a été refusé, veuillez confirmer vos informations de paiement ou votre compte sera suspendu :",arnaque,autre_arnaque,aucun,FR,corpus_recherche,,false,moyenne,,https://github.com/reportsmishing/Smishing-Dataset-IMC25,1347,train
sg-01937,"EDF : Bonjour, une connexion suspecte a été recensé sur votre compte. Veuillez mettre à jour vos informations sur :",arnaque,autre_arnaque,aucun,FR,corpus_recherche,,false,moyenne,,https://github.com/reportsmishing/Smishing-Dataset-IMC25,1701,train
sg-01938,"Netflix: Un problème est survenu avec votre dernier paiement, pour réactiver votre abonnement veuillez actualiser vos informations de paiements. <NOM>: <URL>",arnaque,phishing_lien,aucun,FR,corpus_recherche,,false,moyenne,,https://github.com/reportsmishing/Smishing-Dataset-IMC25,1702,train
sg-01939,Votre compte est bloqué suite à plusieurs tentatives de connexion. Pour réactiver votre compte cliquez-ici:,arnaque,autre_arnaque,aucun,XX,corpus_recherche,,false,moyenne,,https://github.com/reportsmishing/Smishing-Dataset-IMC25,1703,train
sg-01940,Netflix : Le prélèvement de votre facture a échoué. Veuillez mettre à jour vos informations sur notre site :,arnaque,autre_arnaque,aucun,XX,corpus_recherche,,false,moyenne,,https://github.com/reportsmishing/Smishing-Dataset-IMC25,1226,train
sg-01941,"NETFLIX: Expiration de votre abonnement, à mettre à jour impérativement avant le 16/11. Rendez-vous vite sur:",arnaque,autre_arnaque,aucun,FR,corpus_recherche,,false,moyenne,,https://github.com/reportsmishing/Smishing-Dataset-IMC25,1700,train
sg-01942,NETFLIX Rejet de paiement: veuillez confirmer vos informations sous 24 heures ou votre compte <NOM>.,arnaque,autre_arnaque,aucun,FR,corpus_recherche,,false,moyenne,,https://github.com/reportsmishing/Smishing-Dataset-IMC25,1476,train
sg-01943,ASSURANCE MALADIE: Votre nouvelle carte vitale est disponible commandez la dès maintenant via le <NOM> <URL>,arnaque,phishing_lien,aucun,FR,corpus_recherche,,false,moyenne,,https://github.com/reportsmishing/Smishing-Dataset-IMC25,1637,train
sg-01944,"<NOM>! Vous avez été sélectionné pour un emploi à temps partiel/à temps plein. <NOM> journalier 50 Euro - 200 Euro, doit avoir plus de 24 ans <NOM> pour recevoir des emplois WhatsApp <TEL>",arnaque,autre_arnaque,aucun,XX,corpus_recherche,,false,moyenne,,https://github.com/reportsmishing/Smishing-Dataset-IMC25,1704,train
sg-01945,[Guichet] Vous avez droit à un remboursement. Visitez notre site Internet.,arnaque,autre_arnaque,aucun,XX,corpus_recherche,,false,moyenne,,https://github.com/reportsmishing/Smishing-Dataset-IMC25,1366,train
sg-01946,"Nous ne serons pas en mesure de garder ""Compte Publicitaire Facebook"" actif tant que vous n'aurez pas vérifié votre numéro :",arnaque,autre_arnaque,aucun,FR,corpus_recherche,,false,moyenne,,https://github.com/reportsmishing/Smishing-Dataset-IMC25,1705,train
sg-01947,Netflix : Votre compte a été suspendu. Veuillez remettre vos informations à jour : <URL>,arnaque,phishing_lien,aucun,XX,corpus_recherche,,false,moyenne,,https://github.com/reportsmishing/Smishing-Dataset-IMC25,1706,train
sg-01948,"CARTE VITALE : Votre carte a été suspendue, veuillez la renouveler ici : <URL>",arnaque,phishing_lien,aucun,XX,corpus_recherche,,false,moyenne,,https://github.com/reportsmishing/Smishing-Dataset-IMC25,1707,train
sg-01949,"Vous recevrez une prime de 317,53 EUR. <NOM> ici pour recevoir votre montant de votre argent: <URL>",arnaque,phishing_lien,aucun,XX,corpus_recherche,,false,moyenne,,https://github.com/reportsmishing/Smishing-Dataset-IMC25,1708,train
sg-01950,"Netflix : Veuillez mettre à jour vos informations sinon des frais de 13,99€ seront appliqués :",arnaque,autre_arnaque,aucun,XX,corpus_recherche,,false,moyenne,,https://github.com/reportsmishing/Smishing-Dataset-IMC25,1638,train
sg-01951,"NETFLIX, Echec de paiement, veuillez confirmer vos informations sous peine de restriction de votre espace.",arnaque,autre_arnaque,aucun,FR,corpus_recherche,,false,moyenne,,https://github.com/reportsmishing/Smishing-Dataset-IMC25,1709,train
sg-01952,<NOM> arrive a echeance. Verifiez et utilisez vos droits avant le 3 Janvier 2022: <URL>,arnaque,phishing_lien,aucun,XX,corpus_recherche,,false,moyenne,,https://github.com/reportsmishing/Smishing-Dataset-IMC25,1710,train
sg-01953,"Votre compte Amazon est suspendu. Pour rétablir l'accès à vos services, veuillez vérifier vos informations sur : <URL>",arnaque,phishing_lien,aucun,XX,corpus_recherche,,false,moyenne,,https://github.com/reportsmishing/Smishing-Dataset-IMC25,1711,train
sg-01954,"Une tentative de connexion frauduleuse a eu lieu sur votre compte ! <NOM> s'agit pas de vous, <NOM> : <URL>",arnaque,phishing_lien,aucun,XX,corpus_recherche,,false,moyenne,,https://github.com/reportsmishing/Smishing-Dataset-IMC25,1712,train
sg-01955,"Netflix: rejet de votre dernier prélèvement, veuillez mettre à jour vos informations avant la suspension de votre compte via:",arnaque,autre_arnaque,aucun,FR,corpus_recherche,,false,moyenne,,https://github.com/reportsmishing/Smishing-Dataset-IMC25,1713,test
sg-01956,"NETFLIX, rejet de paiement: veuillez confirmer vos informations sous 24h ou votre compte sera suspendu. Suivez le lien: <URL>",arnaque,phishing_lien,aucun,XX,corpus_recherche,,false,moyenne,,https://github.com/reportsmishing/Smishing-Dataset-IMC25,1288,train
sg-01957,Netflix : <NOM> prochaines 25/10. Dans le cas contraire votre compte Netflix <NOM>. Cliquez ici :,arnaque,autre_arnaque,aucun,FR,corpus_recherche,,false,moyenne,,https://github.com/reportsmishing/Smishing-Dataset-IMC25,1714,test
sg-01958,"URGENT: Lily-rose, vous allez perdre vos droits C-P-F. Consultez votre budget et réclamez votre formation 100% prise en charge: <URL>",arnaque,phishing_lien,aucun,FR,corpus_recherche,,false,moyenne,,https://github.com/reportsmishing/Smishing-Dataset-IMC25,1715,train
sg-01959,"Votre solde CPF est arrivé à échéance. Veuillez remplir le formulaire ci-dessous sous 28/10, pour convertir vos droits acquis en 12/02.",arnaque,autre_arnaque,aucun,FR,corpus_recherche,,false,moyenne,,https://github.com/reportsmishing/Smishing-Dataset-IMC25,1232,train
sg-01960,"URGENT M. Malgré nos précédentes relances, nous avons remarqué que vous n’avez toujours pas procédé à la conversion de vos droits formation. Convertissez vos droits avant d’atteindre votre plafond, <NOM> <URL> IMPORTANT: Aucune saisie de données personnelles ne vous sera demandée.",arnaque,phishing_lien,aucun,XX,corpus_recherche,,false,moyenne,,https://github.com/reportsmishing/Smishing-Dataset-IMC25,1716,train
sg-01961,"NETFLIX: Expiration de votre abonnement, à mettre à jour impérativement avant le 02/06. Rendez-vous vite sur:",arnaque,autre_arnaque,aucun,FR,corpus_recherche,,false,moyenne,,https://github.com/reportsmishing/Smishing-Dataset-IMC25,1700,train
sg-01962,"Netflix : Le dernier paiement de votre abonnement a été rejeté, à mettre à jour impérativement. Rendez-vous sur : <URL>",arnaque,phishing_lien,aucun,FR,corpus_recherche,,false,moyenne,,https://github.com/reportsmishing/Smishing-Dataset-IMC25,1717,test
sg-01963,"EDF : Nous vous somme redevable d'un montant de 53,95€. <NOM> vos informations via: <URL>",arnaque,phishing_lien,aucun,XX,corpus_recherche,,false,moyenne,,https://github.com/reportsmishing/Smishing-Dataset-IMC25,1718,train
sg-01964,"Votre solde CPF est arrivé a échéance. Veuillez remplir le formulaire ci-dessous sous 13/08, pour convertir vos droits acquis en 03/07",arnaque,autre_arnaque,aucun,XX,corpus_recherche,,false,moyenne,,https://github.com/reportsmishing/Smishing-Dataset-IMC25,1232,train
sg-01965,"Netflix: votre abonnement a été interrompu, veuillez vous connecter afin de mettre à jour vos informations Rendez-vous sur : <URL>",arnaque,phishing_lien,aucun,BE,corpus_recherche,,false,moyenne,,https://github.com/reportsmishing/Smishing-Dataset-IMC25,1719,train
sg-01966,"NETFLIX: Votre dernier paiement a été refusé, veuillez confirmer vos informations de paiement ou votre compte sera suspendu: <URL>",arnaque,phishing_lien,aucun,XX,corpus_recherche,,false,moyenne,,https://github.com/reportsmishing/Smishing-Dataset-IMC25,1347,train
sg-01967,NETFLIX: Suite à un rejet de votre dernière facture veuillez la régulariser en vous connectant à votre espace abonné :,arnaque,autre_arnaque,aucun,FR,corpus_recherche,,false,moyenne,,https://github.com/reportsmishing/Smishing-Dataset-IMC25,1720,train
sg-01968,"Netflix : Votre abonnement a été interrompu, veuillez vous connecter afin de mettre à jour vos informations via : <URL>",arnaque,phishing_lien,aucun,FR,corpus_recherche,,false,moyenne,,https://github.com/reportsmishing/Smishing-Dataset-IMC25,1265,test
sg-01969,Appuyez pour accéder à votre compte Instagram: <URL> Appuyez pour accéder à votre compte Instagram: <URL> Appuyez pour accéder à votre compte Instagram: <URL>,arnaque,phishing_lien,aucun,XX,corpus_recherche,,false,moyenne,,https://github.com/reportsmishing/Smishing-Dataset-IMC25,1721,test
sg-01970,Félicitations ! <NOM> un tout nouveau smartphone ! <NOM> et réclamez votre prix :,arnaque,autre_arnaque,aucun,XX,corpus_recherche,,false,moyenne,,https://github.com/reportsmishing/Smishing-Dataset-IMC25,1722,train
sg-01971,"NETFLIX: Le dernier paiement de votre abonnement a été rejeté, à mettre à jour impérativement avant le 01/03. Rendez-vous sur : <URL>",arnaque,phishing_lien,aucun,XX,corpus_recherche,,false,moyenne,,https://github.com/reportsmishing/Smishing-Dataset-IMC25,1698,test
sg-01972,"Netflix : <NOM> dernier débit a été refusé, veuillez confirmer vos informations, sinon votre compte Netflix sera restreint. Cliquez ici :",arnaque,autre_arnaque,aucun,FR,corpus_recherche,,false,moyenne,,https://github.com/reportsmishing/Smishing-Dataset-IMC25,1723,train
sg-01973,NETFLIX Rejet de prélèvement: veuillez confirmer vos informations sous 24h ou votre compte <NOM>.,arnaque,autre_arnaque,aucun,FR,corpus_recherche,,false,moyenne,,https://github.com/reportsmishing/Smishing-Dataset-IMC25,1724,train
sg-01974,"<NOM>, nouveau message important, veuillez suivre les instructions via:",arnaque,autre_arnaque,aucun,XX,corpus_recherche,,false,moyenne,,https://github.com/reportsmishing/Smishing-Dataset-IMC25,1725,train
sg-01975,Netflix : Votre compte a été suspendu. Veuillez suivre les étapes ci-dessous pour procéder à sa réactivation :,arnaque,autre_arnaque,aucun,FR,corpus_recherche,,false,moyenne,,https://github.com/reportsmishing/Smishing-Dataset-IMC25,1726,train
sg-01976,<NOM>: veuillez confirmer vos informations de paiement sous 01/07 <NOM>.,arnaque,autre_arnaque,aucun,FR,corpus_recherche,,false,moyenne,,https://github.com/reportsmishing/Smishing-Dataset-IMC25,1727,test
sg-01977,"<NOM> SAID , <NOM> video sur : <URL> stop sms par retour",arnaque,phishing_lien,aucun,XX,corpus_recherche,,false,moyenne,,https://github.com/reportsmishing/Smishing-Dataset-IMC25,1728,train
sg-01978,INFO: <NOM> pour la FORMATION C.P.F arrive à échéance. Consultez votre solde et réclamez votre formation intégralement financée sur <URL>,arnaque,phishing_lien,aucun,FR,corpus_recherche,,false,moyenne,,https://github.com/reportsmishing/Smishing-Dataset-IMC25,1729,train
sg-01979,Votre solde CPF vient d'etre augmente ! <NOM> formation integralement financee. --> cutt[.]ly/8wexnm,arnaque,phishing_lien,aucun,FR,corpus_recherche,,false,moyenne,,https://github.com/reportsmishing/Smishing-Dataset-IMC25,1730,train
sg-01980,Votre paiement SFR a été rejeté.pour régulariser votre situation au plus vite à l'aide de lien ci-dessous pour éviter suspendre vos service:,arnaque,usurpation_operateur,autre,XX,corpus_recherche,,false,moyenne,,https://github.com/reportsmishing/Smishing-Dataset-IMC25,1731,train
sg-01981,"Cher(e) Client(e) de fIDO: nous sommes dans le regret de vous annoncer que votre compte sera désactivé dans les prochains jours pour un manque d'information , veuillez utiliser le lien suivant pour régler le problème <URL>",arnaque,usurpation_operateur,autre,CA,corpus_recherche,,false,moyenne,,https://github.com/reportsmishing/Smishing-Dataset-IMC25,1732,train
sg-01982,"Votre paiement SFR a été rejeté. Pour régulariser votre situation et ne pas suspendre vos services, utiliser le lien suivant",arnaque,usurpation_operateur,autre,XX,corpus_recherche,,false,moyenne,,https://github.com/reportsmishing/Smishing-Dataset-IMC25,1733,train
sg-01983,"<NOM>, ici Rogers !Votre compte a été désactivé pour des raisons de sécurité.Veuillez visiter:",arnaque,usurpation_operateur,autre,CA,corpus_recherche,,false,moyenne,,https://github.com/reportsmishing/Smishing-Dataset-IMC25,1734,train
sg-01984,"Chèr(e) Client(e), Suite à la vérification de votre compte SFR ainsi que votre carte de crédit, nous avons constaté une erreur critique. Nous vous invitons à corriger les erreurs le plus tôt possible en cliquant sur le lien suivant.",arnaque,usurpation_operateur,autre,XX,corpus_recherche,,false,moyenne,,https://github.com/reportsmishing/Smishing-Dataset-IMC25,1735,train
sg-01985,"<NOM> impayee : 1,48€ Regulariser immediatement pour eviter la suspension de vos services :",arnaque,usurpation_operateur,orange,XX,corpus_recherche,,false,moyenne,,https://github.com/reportsmishing/Smishing-Dataset-IMC25,1736,train
sg-01986,ORANGE: Suite à un impayé de 1.99e votre abonnement fera l'objet d'une suspension. RDV immédiatement a l'url: bit[.]do/y3mxxf pour régularisation,arnaque,usurpation_operateur,orange,XX,corpus_recherche,,false,moyenne,,https://github.com/reportsmishing/Smishing-Dataset-IMC25,1737,train
sg-01987,"Facture Orange impayée: 2,63 € Regulariser immediatement pour eviter la suspension de vos services: <NOM>",arnaque,usurpation_operateur,orange,XX,corpus_recherche,,false,moyenne,,https://github.com/reportsmishing/Smishing-Dataset-IMC25,1738,test
sg-01988,"FreeMobile vous rappelle la régularisation de votre facture N° : #<REF> du 07/04, votre ligne pourra être suspendue pour 17/06. Veuillez compléter les étapes suivantes : gg[.]gg/3ibk6p",arnaque,usurpation_operateur,autre,XX,corpus_recherche,,false,moyenne,,https://github.com/reportsmishing/Smishing-Dataset-IMC25,1739,test
sg-01989,"FreeMobile vous rappelle la régularisation de votre facture N° : #<REF> du 12/09, votre ligne pourra être suspendue durant 24h. Veuillez compléter les étapes suivantes :",arnaque,usurpation_operateur,autre,XX,corpus_recherche,,false,moyenne,,https://github.com/reportsmishing/Smishing-Dataset-IMC25,1740,train
sg-01990,"<NOM> : <NOM> client, votre dossier est incomplet. Merci de le mettre à jour en renseignant votre adresse email sur <URL>",arnaque,usurpation_operateur,autre,XX,corpus_recherche,,false,moyenne,,https://github.com/reportsmishing/Smishing-Dataset-IMC25,1741,test
sg-01991,"Info rogers: Bonne nouvelle! Nous vous offrons 1Go de données de plus par mois pour votre forfait, sans frais additionnels, pour vous remercier de votre fidélité. Pour profitez de cette offre , veuillez valider vos informations via le lien suivant:",arnaque,usurpation_operateur,autre,CA,corpus_recherche,,false,moyenne,,https://github.com/reportsmishing/Smishing-Dataset-IMC25,1742,train
sg-01992,"Orange - Facture impayée: 1,31 € Pour régulariser immédiatement avant la suspension de vos services: <URL>",arnaque,usurpation_operateur,orange,XX,corpus_recherche,,false,moyenne,,https://github.com/reportsmishing/Smishing-Dataset-IMC25,1743,train
sg-01993,"Facture Orange impayée: 1,91 € Regulariser immediatement pour eviter la suspension de vos services:",arnaque,usurpation_operateur,orange,XX,corpus_recherche,,false,moyenne,,https://github.com/reportsmishing/Smishing-Dataset-IMC25,1744,train
sg-01994,"Facture Orange impayée: 1,64 € Regulariser immediatement pour eviter la suspension de vos services: <URL>",arnaque,usurpation_operateur,orange,XX,corpus_recherche,,false,moyenne,,https://github.com/reportsmishing/Smishing-Dataset-IMC25,1744,train
sg-01995,"SFR : <NOM> impayee, afin d'eviter la restriction de votre ligne, regularisez immediatement sur : <URL> (lien expire a 15h15)",arnaque,usurpation_operateur,autre,XX,corpus_recherche,,false,moyenne,,https://github.com/reportsmishing/Smishing-Dataset-IMC25,1745,train
sg-01996,"Facture Orange impayée: 1,91 € Regulariser immedia-tement pour eviter la suspension de vos services:",arnaque,usurpation_operateur,orange,XX,corpus_recherche,,false,moyenne,,https://github.com/reportsmishing/Smishing-Dataset-IMC25,1744,train
sg-01997,"BASE : Votre facture a été débitéée deux fois, nous vous prions de remplir ci-dessous le formulaire de remboursement",arnaque,usurpation_operateur,autre,XX,corpus_recherche,,false,moyenne,,https://github.com/reportsmishing/Smishing-Dataset-IMC25,1746,train
sg-01998,"BASE : Suite a un double prelevement de votre facture, nous vous prions de remplir ci-dessous le formulaire de remboursement :",arnaque,usurpation_operateur,autre,XX,corpus_recherche,,false,moyenne,,https://github.com/reportsmishing/Smishing-Dataset-IMC25,1747,test
sg-01999,"FreeMobile vous rappelle la régularisation de votre facture N° : #<REF> du 13/06, votre ligne pourra être suspendue pour 01/05. Veuillez compléter les étapes suivantes : gg[.]gg/j22zbf",arnaque,usurpation_operateur,autre,XX,corpus_recherche,,false,moyenne,,https://github.com/reportsmishing/Smishing-Dataset-IMC25,1748,test
sg-02000,"Orange - Facture impayée: 1,90 € Pour régulariser immédiate- ment avant la suspension de vos services: <URL>",arnaque,usurpation_operateur,orange,XX,corpus_recherche,,false,moyenne,,https://github.com/reportsmishing/Smishing-Dataset-IMC25,1743,train
sg-02001,"Orange - Facture impayée: 1,90 € Pour régulariser immédiatement avant la suspension de vos services: <URL>",arnaque,usurpation_operateur,orange,XX,corpus_recherche,,false,moyenne,,https://github.com/reportsmishing/Smishing-Dataset-IMC25,1743,train
sg-02002,"Facture Orange impayée: 1,91 € Regulariser immediatement pour eviter la suspension de vos services: hxxp://orange",arnaque,usurpation_operateur,orange,XX,corpus_recherche,,false,moyenne,,https://github.com/reportsmishing/Smishing-Dataset-IMC25,1744,train
sg-02003,"Orange - Facture impayée: 1,95 € Pour régulariser immédiatement avant la suspension de vos services: <URL>",arnaque,usurpation_operateur,orange,FR,corpus_recherche,,false,moyenne,,https://github.com/reportsmishing/Smishing-Dataset-IMC25,1743,train
sg-02004,SFR - SUSPENSION DE SERVICE : Regularisez votre facture impayee afin de reprendre vos services: <URL> +3362xxxxxx (Dernier Rappel) SFR - Facture impayée :,arnaque,usurpation_operateur,autre,XX,corpus_recherche,,false,moyenne,,https://github.com/reportsmishing/Smishing-Dataset-IMC25,1749,train
sg-02005,"Orange - Facture impayée: 1,95 € Pour régulariser immédiatement avant la suspension de vos services: hxxps://orange <URL> =<TEL>",arnaque,usurpation_operateur,orange,FR,corpus_recherche,,false,moyenne,,https://github.com/reportsmishing/Smishing-Dataset-IMC25,1743,train
sg-02006,"FreeMobile vous rappelle la régularisation de votre facture N° : #<REF>, votre ligne pourra être suspendue durant 24h. Veuillez procéder au règlement en cliquant sur le lien suivant :",arnaque,usurpation_operateur,autre,XX,corpus_recherche,,false,moyenne,,https://github.com/reportsmishing/Smishing-Dataset-IMC25,1750,train
sg-02007,"Bonjour, Nous sommes au regret de vous informer que votre abonnement mobile est impayé suite au refus du prélèvement de ce mois par votre établissement bancaire. régulariser votre facture en suivant sur le <NOM> tinyurl[.]com/are8wt",arnaque,usurpation_operateur,autre,XX,corpus_recherche,,false,moyenne,,https://github.com/reportsmishing/Smishing-Dataset-IMC25,1751,train
sg-02008,"Orange - Facture impayée: 1,95 € Pour régulariser immédiatement avant la suspension de vos services:",arnaque,usurpation_operateur,orange,XX,corpus_recherche,,false,moyenne,,https://github.com/reportsmishing/Smishing-Dataset-IMC25,1743,train
sg-02009,"FreeMobile vous rappelle la regularisation de votre facture, Veuillez compléter la procedure suivante . click : <URL> Customer ID: #JWN0YA5V",arnaque,usurpation_operateur,autre,XX,corpus_recherche,,false,moyenne,,https://github.com/reportsmishing/Smishing-Dataset-IMC25,1752,train
sg-02010,"Orange - Facture impayée: 1,31 € Pour régulariser immédiatement avant la suspension de vos services:",arnaque,usurpation_operateur,orange,XX,corpus_recherche,,false,moyenne,,https://github.com/reportsmishing/Smishing-Dataset-IMC25,1743,train
sg-02011,"Facture Orange Impayee : 1,48 € Regulariser immediatement pour eviter la suspension de vos services :",arnaque,usurpation_operateur,orange,XX,corpus_recherche,2023-10,false,moyenne,,https://github.com/reportsmishing/Smishing-Dataset-IMC25,1753,train
sg-02012,"Orange - Facture impayée: 1,89 € Pour régulariser immédiatement avant la suspension de vos services:",arnaque,usurpation_operateur,orange,XX,corpus_recherche,2023-10,false,moyenne,,https://github.com/reportsmishing/Smishing-Dataset-IMC25,1743,train
sg-02013,Bouygues: facture impayee de 2.36 Euros. RDV immediatement sur: <URL> afin d'eviter le contentieux.,arnaque,usurpation_operateur,autre,XX,corpus_recherche,,false,moyenne,,https://github.com/reportsmishing/Smishing-Dataset-IMC25,1754,test
sg-02014,"SERVICE CLIENT ORANGE attire votre attention sur la situation de votre surconsommation. Merci de regulariser votre situation, afin d'eviter toute suspension de ligne :",arnaque,usurpation_operateur,orange,XX,corpus_recherche,,false,moyenne,,https://github.com/reportsmishing/Smishing-Dataset-IMC25,1755,train
sg-02015,"<NOM> vous rappelle la régularisation de votre facture N° : #<REF> du 23/12, votre ligne pourra être suspendue pour 10/09. Veuillez compléter les étapes suivantes : <URL>",arnaque,usurpation_operateur,autre,XX,corpus_recherche,,false,moyenne,,https://github.com/reportsmishing/Smishing-Dataset-IMC25,1756,train
sg-02016,"Votre dernière facture N : #<REF> a été rejeté par votre banque. Afin de réactiver votre ligne, veuillez régulariser votre situation: bit[.]ly/z6ky5i",arnaque,usurpation_operateur,autre,XX,corpus_recherche,,false,moyenne,,https://github.com/reportsmishing/Smishing-Dataset-IMC25,1757,train
sg-02017,(VIDEOTRON) Malheureusement nous avons l'obligation de suspendre vos service en raison d'un manque d'information. Veuillez utiliser le lien suivant afin de régler le problème:,arnaque,usurpation_operateur,autre,CA,corpus_recherche,,false,moyenne,,https://github.com/reportsmishing/Smishing-Dataset-IMC25,1758,test
sg-02018,"Free Mobile attire votre attention sur la situation de votre surconsommation. Merci de régulariser votre facture N : #<REF> avant le 30 Janvier, afin d'éviter toute suspension de ligne :",arnaque,usurpation_operateur,autre,XX,corpus_recherche,,false,moyenne,,https://github.com/reportsmishing/Smishing-Dataset-IMC25,1759,test
sg-02019,"Bonjour. Votre IPHONE XS MAX lié à un imei (35 .... 9164) a été trouvé. <NOM> et compléter le processus, connectez-vous à <URL> © 23/10.",arnaque,usurpation_operateur,autre,XX,corpus_recherche,,false,moyenne,,https://github.com/reportsmishing/Smishing-Dataset-IMC25,1501,test
sg-02020,"Votre banque a rejeté le prélèvement de votre surconsommation N:12557. En cas de non paiement, Votre ligne sera suspendue. Rendez vous sur : bit[.]ly/i5j95w",arnaque,usurpation_operateur,autre,XX,corpus_recherche,,false,moyenne,,https://github.com/reportsmishing/Smishing-Dataset-IMC25,1760,test
sg-02021,"Votre ligne mobile a été suspendue, on vous invite à régler votre 28/10 facture du 16/03 :",arnaque,usurpation_operateur,autre,XX,corpus_recherche,,false,moyenne,,https://github.com/reportsmishing/Smishing-Dataset-IMC25,1761,train
sg-02022,"Facture-Mobile vous rappelle la regularisation de votre facture, Veuillez completer la procedure suivante. click: <URL> : Customer ID:#S7FK0AMP",arnaque,usurpation_operateur,autre,XX,corpus_recherche,,false,moyenne,,https://github.com/reportsmishing/Smishing-Dataset-IMC25,1762,train
sg-02023,Bouygues: facture impayee de 2.36 Euros. RDV immediatement sur: <URL> afin d'eviter le contenu...,arnaque,usurpation_operateur,autre,XX,corpus_recherche,,false,moyenne,,https://github.com/reportsmishing/Smishing-Dataset-IMC25,1754,test
sg-02024,"Proximus: Votre facture est PAYEE 2 fois par erreur, rendez-vous sur",arnaque,usurpation_operateur,autre,XX,corpus_recherche,,false,moyenne,,https://github.com/reportsmishing/Smishing-Dataset-IMC25,1763,test
sg-02025,"Votre ligne mobile a été suspendue, on vous invite à régler votre 09/03 facture du 14/01 :",arnaque,usurpation_operateur,autre,XX,corpus_recherche,,false,moyenne,,https://github.com/reportsmishing/Smishing-Dataset-IMC25,1764,train
sg-02026,Votre compte Swisscom à été facturé de 200 CHF à cause d'une action inhabituelle ! Pour l'annulation rendez-vous sur <URL>,arnaque,usurpation_operateur,autre,XX,corpus_recherche,,false,moyenne,,https://github.com/reportsmishing/Smishing-Dataset-IMC25,1765,train
sg-02027,"Free Mobile attire votre attention sur la situation de votre surcon- sommation. Merci de regulariser votre facture N : #<REF> avant le 23 FEVRIER, afin d'éviter toute suspension de ligne :bit[.]ly/3bt4ii",arnaque,usurpation_operateur,autre,XX,corpus_recherche,,false,moyenne,,https://github.com/reportsmishing/Smishing-Dataset-IMC25,1759,test
sg-02028,<NOM> vous rappelle la régularisation de votre facture N? : #<REF> . Veuillez compléter les étapes suivantes : <URL>,arnaque,usurpation_operateur,autre,XX,corpus_recherche,,false,moyenne,,https://github.com/reportsmishing/Smishing-Dataset-IMC25,1766,train
sg-02029,"Free vous informe que votre facture N: #<REF> est en attente de regularisation, pour plus d'informations: bit[.]ly/u9t6mc",arnaque,usurpation_operateur,autre,XX,corpus_recherche,,false,moyenne,,https://github.com/reportsmishing/Smishing-Dataset-IMC25,1767,test
sg-02030,InfoSFR : Merci de vous rendre sur <URL> pour obtenir un remboursement de notre part de 22.90 EUR pour cause des problemes reseaux sur nos lignes.,arnaque,usurpation_operateur,autre,XX,corpus_recherche,,false,moyenne,,https://github.com/reportsmishing/Smishing-Dataset-IMC25,1768,train
sg-02031,"Orange : Suite à une Erreur de notre part,votre facture est payée en double. Merci de valider votre remboursement depuis ce lien :",arnaque,usurpation_operateur,orange,XX,corpus_recherche,,false,moyenne,,https://github.com/reportsmishing/Smishing-Dataset-IMC25,1769,test
sg-02032,Orange : bénéficiez d'un remboursement de 22.90 EUR sur votre dernière facture en raison des problèmes réseaux liés au covid19. Formulaire : <URL>,arnaque,usurpation_operateur,orange,XX,corpus_recherche,,false,moyenne,,https://github.com/reportsmishing/Smishing-Dataset-IMC25,1770,test
sg-02033,"Proximus : Votre facture est PAYEE 2 fois par erreur,rendez-vous sur : bit[.]ly/ek6a4n",arnaque,usurpation_operateur,autre,BE,corpus_recherche,,false,moyenne,,https://github.com/reportsmishing/Smishing-Dataset-IMC25,1771,train
sg-02034,"Orange vous informe d'un remboursement de 44,99 euros suite aux pannes survenues durant le confinement demande via votre espace : bit[.]ly/kijzxg",arnaque,usurpation_operateur,orange,XX,corpus_recherche,,false,moyenne,,https://github.com/reportsmishing/Smishing-Dataset-IMC25,1772,train
sg-02035,"Orange : Votre facture a été débitée deux fois, nous vous prions de remplir ci-dessous le formulaire de remboursement :",arnaque,usurpation_operateur,orange,XX,corpus_recherche,,false,moyenne,,https://github.com/reportsmishing/Smishing-Dataset-IMC25,1746,train
sg-02036,"Bonjour, nous vous informons que le dossier de votre ligne est incomplet et nous vous prions d'envoyer une copie de votre CIN sur ce lien <URL>",arnaque,usurpation_operateur,orange,XX,corpus_recherche,,false,moyenne,,https://github.com/reportsmishing/Smishing-Dataset-IMC25,1773,test
sg-02037,"Swisscom : Suite à une Erreur de notre part,votre facture est payée en double. Merci de valider votre remboursement depuis ce lien :",arnaque,usurpation_operateur,autre,XX,corpus_recherche,,false,moyenne,,https://github.com/reportsmishing/Smishing-Dataset-IMC25,1769,test
sg-02038,"Orange vous informe d'une indemnisation de 79,90 E, suite aux pannes survenues pendant la crise sanitaire. Demande via votre espace : <URL>",arnaque,usurpation_operateur,orange,XX,corpus_recherche,,false,moyenne,,https://github.com/reportsmishing/Smishing-Dataset-IMC25,1774,train
sg-02039,"Info SFR : <NOM> ligne _____ est restreinte, pour plus d'informations : <URL>",arnaque,usurpation_operateur,autre,XX,corpus_recherche,,false,moyenne,,https://github.com/reportsmishing/Smishing-Dataset-IMC25,1775,train
sg-02040,"Orange: Votre facture est payee en double par erreur, merci de remplir le formulaire ci-joint: bit[.]ly/uqpt6m",arnaque,usurpation_operateur,orange,XX,corpus_recherche,,false,moyenne,,https://github.com/reportsmishing/Smishing-Dataset-IMC25,1776,train
sg-02041,"NETFLIX : Votre abonnement a été interrompu, veuillez-vous connecter afin de mettre à jour vos informations via : <URL>",arnaque,usurpation_operateur,autre,FR,corpus_recherche,,false,moyenne,,https://github.com/reportsmishing/Smishing-Dataset-IMC25,1265,test
sg-02042,"<NOM>: cher(e) client(e), Nous vous informons que votre mode de paiement a été refusé Merci de mettre à jour vos informations pour le prélèvement prévu le 09/12 au plus tard. Sans cette mise à jour, votre abonnement Proximus sera définitivement clos.",arnaque,usurpation_operateur,autre,BE,corpus_recherche,,false,moyenne,,https://github.com/reportsmishing/Smishing-Dataset-IMC25,1777,test
sg-02043,"NETFLIX: Votre dernier paiement a été refusé, veuillez confirmer vos informations de paiement ou votre compte sera suspendu : <URL>",arnaque,usurpation_operateur,autre,FR,corpus_recherche,,false,moyenne,,https://github.com/reportsmishing/Smishing-Dataset-IMC25,1347,train
sg-02044,"une esim a été commandée sur votre ligne. Si il ne s'agit pas de vous, allez sur :",arnaque,usurpation_operateur,autre,XX,corpus_recherche,,false,moyenne,,https://github.com/reportsmishing/Smishing-Dataset-IMC25,1307,train
sg-02045,"NETFLIX : Expiration de votre abonnement, veuillez le renouveler sur le lien ci-dessous avant le 10/07 : <URL>",arnaque,usurpation_operateur,autre,FR,corpus_recherche,,false,moyenne,,https://github.com/reportsmishing/Smishing-Dataset-IMC25,1778,train
sg-02046,"Proximus : Un remboursement de 78,90EUR de notre part est disponible en vous rendant sur votre espace client en cliquant ici : <URL>",arnaque,usurpation_operateur,autre,XX,corpus_recherche,,false,moyenne,,https://github.com/reportsmishing/Smishing-Dataset-IMC25,1779,train
sg-02047,Info Orange: Votre dernière facture a été débité à 2 reprises. Nous vous invitons à remplir le formulaire de remboursement suivant: <URL>,arnaque,usurpation_operateur,orange,XX,corpus_recherche,,false,moyenne,,https://github.com/reportsmishing/Smishing-Dataset-IMC25,1271,test
sg-02048,<NOM> orange: Votre dernière facture a été débitéée à 2 reprises. Nous vous invitons à remplir le formulaire de remboursement suivant:,arnaque,usurpation_operateur,orange,BE,corpus_recherche,,false,moyenne,,https://github.com/reportsmishing/Smishing-Dataset-IMC25,1271,test
sg-02049,"EDF : Votre dernière facture comporte des erreurs, veuillez la régulariser sur le lien suivant : <URL>",arnaque,usurpation_operateur,autre,FR,corpus_recherche,,false,moyenne,,https://github.com/reportsmishing/Smishing-Dataset-IMC25,1780,train
sg-02050,FREE -Votre compte Free a temporairement ete limite pour des raisons de securite : confirmer vos informations sous 24h -Lien: <URL>,arnaque,usurpation_operateur,autre,XX,corpus_recherche,,false,moyenne,,https://github.com/reportsmishing/Smishing-Dataset-IMC25,1781,train
sg-02051,"NETFLIX: Votre dernier paiement a été refusé, veuillez confirmer vos informations de paiement ou votre compte <NOM> <NOM>",arnaque,usurpation_operateur,autre,FR,corpus_recherche,,false,moyenne,,https://github.com/reportsmishing/Smishing-Dataset-IMC25,1347,train
sg-02052,Prixtel : Votre dernière facture mobile a fait l'objet d'un rejet de prélèvement. Nous vous invitons à la régulariser au plus <NOM>,arnaque,usurpation_operateur,autre,XX,corpus_recherche,,false,moyenne,,https://github.com/reportsmishing/Smishing-Dataset-IMC25,1782,train
sg-02053,Info-orange: Votre dernière facture a été débitée à 2 reprises. Nous vous invitons à remplir le formulaire de remboursement suivant:,arnaque,usurpation_operateur,orange,XX,corpus_recherche,,false,moyenne,,https://github.com/reportsmishing/Smishing-Dataset-IMC25,1271,test
sg-02054,"Proximus : Un remboursement de 78,90EUR de notre part est disponible en vous rendant sur votre espace client en cliquant ici :",arnaque,usurpation_operateur,autre,XX,corpus_recherche,,false,moyenne,,https://github.com/reportsmishing/Smishing-Dataset-IMC25,1779,train
sg-02055,"Info <NOM> : <NOM>, bpost nous a rapporté votre facture <TEL>. Peut-etre nous sommes-nous trompés d'adresse ? Afin de rectifier vos coordonnées, pourriez-vous nous envoyer votre adresse (rue-numéro de maison-numéro de boite-code postale-commune) en réponse à ce SMS ? Attention : si vous précisez un numéro de boite, mentionnez le mot 'boite' suivi du numéro de boite. Merci !",arnaque,usurpation_operateur,autre,BE,corpus_recherche,,false,moyenne,,https://github.com/reportsmishing/Smishing-Dataset-IMC25,1783,train
sg-02056,Myproximus : Suite à une erreur technique vous avez été prélevé en double. Remboursement disponible depuis ce lien : bit[.]ly/swake2,arnaque,usurpation_operateur,autre,BE,corpus_recherche,,false,moyenne,,https://github.com/reportsmishing/Smishing-Dataset-IMC25,1784,train
sg-02057,Message de Fido : votre compte en ligne a été bloqué pour des raisons de sécurité. Connectez-vous pour le réactiver à partir du lien suivant : <URL>,arnaque,usurpation_operateur,autre,CA,corpus_recherche,,false,moyenne,,https://github.com/reportsmishing/Smishing-Dataset-IMC25,1785,train
sg-02058,Chronopost : <NOM> a subi une erreur logistique. Veuillez consulter vos informations : hxxps://er,arnaque,phishing_lien,aucun,XX,corpus_recherche,,false,moyenne,,https://github.com/reportsmishing/Smishing-Dataset-IMC25,1786,test
sg-02059,HYDROQUÉBEC : Un remboursement vous a été émis suite aux récentes circonstances. Veuillez vous identifiez pour réclamez vos fonds :,arnaque,autre_arnaque,aucun,XX,corpus_recherche,,false,moyenne,,https://github.com/reportsmishing/Smishing-Dataset-IMC25,1787,train
sg-02060,"INFO ANTAI : Vous avez une contravention impayée de 35,00€. Consulter votre dossier d'infraction sur :",arnaque,autre_arnaque,aucun,FR,corpus_recherche,,false,moyenne,,https://github.com/reportsmishing/Smishing-Dataset-IMC25,1788,train
sg-02061,"POST LUXEMBOURG Votre colis est en attente de livraison. Confirmez le paiement (2,99 EUR) . La confirmation en ligne :",arnaque,phishing_lien,aucun,XX,corpus_recherche,,false,moyenne,,https://github.com/reportsmishing/Smishing-Dataset-IMC25,1325,train
sg-02062,<NOM><URL> est arrivé en France et nécessite le paiement de droits et taxes. Payez en ligne sur <URL>,arnaque,phishing_lien,aucun,XX,corpus_recherche,,false,moyenne,,https://github.com/reportsmishing/Smishing-Dataset-IMC25,1789,train
sg-02063,"[INFO ANTAI] : Vous avez un retard de paiement de 35,00€. Dossier référence 28/05. Consulter votre dossier d'infraction via : <URL>",arnaque,phishing_lien,aucun,XX,corpus_recherche,,false,moyenne,,https://github.com/reportsmishing/Smishing-Dataset-IMC25,1790,test
