text,label,category,operateur_cible,pays,source_type,date_observee,derive_de_modele,confiance_annotation,campagne,source_ref
"Un paiement en retard de 35,00 € est enregistré dans votre dossier sous la référence n° <TEL>.",arnaque,autre_arnaque,aucun,FR,corpus_recherche,2023-03,false,moyenne,,https://github.com/reportsmishing/Smishing-Dataset-IMC25
"NETFLIX : <NOM> dernier paiment a été rejeté, vous devez mettre à jour vos informations pour continuer d'utiliser nos services. <URL>",arnaque,phishing_lien,aucun,FR,corpus_recherche,2023-01,false,moyenne,,https://github.com/reportsmishing/Smishing-Dataset-IMC25
Netflix : Le prélevement de votre facture a échoué. Veuillez mettre a jour vos informations sur notre site : <URL>,arnaque,phishing_lien,aucun,XX,corpus_recherche,2022-06,false,moyenne,,https://github.com/reportsmishing/Smishing-Dataset-IMC25
"Assurance Maladie : Expiration de votre carte vitale, 4 mettre a jour impérativement.",arnaque,autre_arnaque,aucun,FR,corpus_recherche,2022-05,false,moyenne,,https://github.com/reportsmishing/Smishing-Dataset-IMC25
"<NOM> Canadiens qui ont contracté le COVID, le programme prestation canadienne de maladie et de rétablissement vous offre 240$.",arnaque,autre_arnaque,aucun,CA,corpus_recherche,2022-03,false,moyenne,,https://github.com/reportsmishing/Smishing-Dataset-IMC25
"Ton nouvelle carte vitale est disponible, veuillez remplir le formulaire pour continuer a etre couvert: bit[.]ly/2apv8c",arnaque,phishing_lien,aucun,FR,corpus_recherche,2022-02,false,moyenne,,https://github.com/reportsmishing/Smishing-Dataset-IMC25
<NOM> a été envoyé. Veuillez le vérifier et le recevoir.,arnaque,phishing_lien,aucun,FR,corpus_recherche,,false,moyenne,,https://github.com/reportsmishing/Smishing-Dataset-IMC25
<NOM>: <NOM> a rencontré un souci lors de son acheminement. Veuillez consulter le lien :,arnaque,phishing_lien,aucun,FR,corpus_recherche,,false,moyenne,,https://github.com/reportsmishing/Smishing-Dataset-IMC25
"Votre solde CPF est arrivé a échéance. Veuillez remplir le formulaire ci-dessous sous 28/05, pour convertir vos droits acquis en 02/05",arnaque,autre_arnaque,aucun,FR,corpus_recherche,,false,moyenne,,https://github.com/reportsmishing/Smishing-Dataset-IMC25
<NOM> solde C. P. F. a ete mis a jour ! Consultez votre solde et reclamez votre formation integralement financee.,arnaque,autre_arnaque,aucun,FR,corpus_recherche,,false,moyenne,,https://github.com/reportsmishing/Smishing-Dataset-IMC25
Votre solde CPF a ete mis a jour ! Consultez votre solde et reclamez votre formation integralement financee.,arnaque,autre_arnaque,aucun,FR,corpus_recherche,,false,moyenne,,https://github.com/reportsmishing/Smishing-Dataset-IMC25
Bonjour Afin de vérifier votre état civil veuillez joindre la copie recto verso de votre pièce d'identité et de votre permis de conduire le plus rapidement possible. <NOM>,arnaque,autre_arnaque,aucun,XX,corpus_recherche,,false,moyenne,,https://github.com/reportsmishing/Smishing-Dataset-IMC25
Nous avons essayé de livrer votre colis mais il n’y a aucun affranchissement. Suivez les instructions ici :,arnaque,phishing_lien,aucun,XX,corpus_recherche,,false,moyenne,,https://github.com/reportsmishing/Smishing-Dataset-IMC25
Info ANTAI : Vous avez un retard de paiement de 13500 €. Référence : 7035. <NOM> mon dossier d'infraction via : <URL>,arnaque,phishing_lien,aucun,XX,corpus_recherche,,false,moyenne,,https://github.com/reportsmishing/Smishing-Dataset-IMC25
ASSURANCE MALADIE : Votre nouvelle carte vitale est disponible. <NOM>,arnaque,autre_arnaque,aucun,FR,corpus_recherche,,false,moyenne,,https://github.com/reportsmishing/Smishing-Dataset-IMC25
Antai-Info : Vous avez une amende à régler. Veuillez vous acquité de celle ci avant majoration. Rendez-vous sur : <URL>,arnaque,phishing_lien,aucun,XX,corpus_recherche,,false,moyenne,,https://github.com/reportsmishing/Smishing-Dataset-IMC25
Votre compte CIH MOBILE a été désactivé Veuillez mettre à jour vos coordonnées dans la prochaine 2h :,arnaque,usurpation_operateur,banque,XX,corpus_recherche,,false,moyenne,,https://github.com/reportsmishing/Smishing-Dataset-IMC25
Boursorama : La synchronisation avec votre appareil de confiance est maintenant obligatoire. Veuillez effectuer les démarches nécessaires avant le 19/07. Rendez-vous sur :,arnaque,usurpation_operateur,banque,XX,corpus_recherche,,false,moyenne,,https://github.com/reportsmishing/Smishing-Dataset-IMC25
Nos agents ont constaté que votre véhicule n'était pas muni de la vignette réglementaire Crit'Air 2023. Veuillez la récupérer sous peine de contravention dans les prochaines 04/10. Sur le <NOM>-joint :,arnaque,autre_arnaque,aucun,XX,corpus_recherche,,false,moyenne,,https://github.com/reportsmishing/Smishing-Dataset-IMC25
Chronopost : votre colis rencontre un problème d'acheminement veuillez actualiser vos informations de livraison sur notre site : <URL>,arnaque,phishing_lien,aucun,FR,corpus_recherche,,false,moyenne,,https://github.com/reportsmishing/Smishing-Dataset-IMC25
Crit'Air : <NOM> agents ont constaté que votre véhicule n'était pas muni de la vignette réglementaire Crit'Air 2023 Veuillez la récupérer sous peine de contravention dans les prochaines 48 h sur le <NOM>-joint :,arnaque,autre_arnaque,aucun,XX,corpus_recherche,,false,moyenne,,https://github.com/reportsmishing/Smishing-Dataset-IMC25
"Assurance Maladie : 28/02 relance ! Renouvellement obligatoire de votre ""Carte Vitale"" à effectuer via <URL> avant le 19/11 sous peine de ne plus etre couvert(e).",arnaque,phishing_lien,aucun,XX,corpus_recherche,,false,moyenne,,https://github.com/reportsmishing/Smishing-Dataset-IMC25
ANTAI: 24/04 relance pour le règlement de votre infraction d'un montant de 3500€ via :,arnaque,autre_arnaque,aucun,FR,corpus_recherche,,false,moyenne,,https://github.com/reportsmishing/Smishing-Dataset-IMC25
Nos agents ont constaté que votre véhicule n'était pas muni de la vignette règlementaire Crit'Air 2023. Veuillez la récupérer sous peine de contravention dans les prochaines 17/10. Sur le <NOM>-joint :,arnaque,autre_arnaque,aucun,XX,corpus_recherche,,false,moyenne,,https://github.com/reportsmishing/Smishing-Dataset-IMC25
<NOM>/papa. mon téléphone est cassé. c'est mon nouveau numéro de téléphone. <TEL> vous pouvez enregistrer ceci. envoie <NOM> message via whatsapp.,arnaque,autre_arnaque,aucun,FR,corpus_recherche,,false,moyenne,,https://github.com/reportsmishing/Smishing-Dataset-IMC25
Chronopost : votre colis rencontre un problème d'acheminement veuillez actualiser vos informations de livraison sur notre site :,arnaque,phishing_lien,aucun,XX,corpus_recherche,,false,moyenne,,https://github.com/reportsmishing/Smishing-Dataset-IMC25
Chronopost : Votre colis attend des instructions. Pour une livraison à partir du 11/03. Rendez-vous sur : <URL>,arnaque,phishing_lien,aucun,XX,corpus_recherche,,false,moyenne,,https://github.com/reportsmishing/Smishing-Dataset-IMC25
<NOM> ANTAI : Votre infraction en date du 18/06 pas réglée. Dossier référence <TEL>. Merci de régler la situation avant le 27 mars sous peine d'une majoration pouvant atteindre jusqu'à 135 euros. <NOM> mon dossier ANTAI via : <URL>,arnaque,phishing_lien,aucun,FR,corpus_recherche,,false,moyenne,,https://github.com/reportsmishing/Smishing-Dataset-IMC25
Bpost : La livraison de votre colis est interrompu. <NOM> confirmer vos informations avant le 17/08 sur :,arnaque,phishing_lien,aucun,FR,corpus_recherche,,false,moyenne,,https://github.com/reportsmishing/Smishing-Dataset-IMC25
<NOM> a été postée. Veuillez la récupérer à temps.,arnaque,phishing_lien,aucun,FR,corpus_recherche,,false,moyenne,,https://github.com/reportsmishing/Smishing-Dataset-IMC25
ANTAI: Vous avez une amende non réglée de 3500€. Veuillez la régler dès que possible pour éviter toute majoration supplémentaire : <URL>,arnaque,phishing_lien,aucun,FR,corpus_recherche,,false,moyenne,,https://github.com/reportsmishing/Smishing-Dataset-IMC25
Votre dernière livraison à été interrompue. Elle est actuellement mise en attente au centre de tri de Chilly-Mazarin - 91380. Le colis qui vous a été envoyé ne respectait pas le poids indiqué des frais supplémentaires vous sont alors demandés afin de pouvoir acheminer correctement votre colis. Les frais s'élèvent à 0.48€. Pour les payer veuillez cliquer sur le bouton ci-dessous. Une fois les frais payés votre colis sera acheminé le plus rapidement possible vers le lieu de livraison. Dans le cas ou ceux-ci ne sont pas réglés dans les prochaines 48 heures le colis sera retourné à l'expediteur.,arnaque,phishing_lien,aucun,XX,corpus_recherche,,false,moyenne,,https://github.com/reportsmishing/Smishing-Dataset-IMC25
Chrononpost : la livraison de votre colis a été suspendue à cause de frais supplémentaires suivez les instructions : <URL>,arnaque,phishing_lien,aucun,FR,corpus_recherche,,false,moyenne,,https://github.com/reportsmishing/Smishing-Dataset-IMC25
CRIT'AIR : <NOM> agents ont constaté que votre véhicule n'était pas muni de la vignette réglementaire. Veuillez la récupérer via : <URL>,arnaque,phishing_lien,aucun,XX,corpus_recherche,,false,moyenne,,https://github.com/reportsmishing/Smishing-Dataset-IMC25
NETFLIX: Le dernier paiement de votre abonnement a été rejeté veuillez mettre à jour impérativement avant le 17/02 via : <URL>,arnaque,phishing_lien,aucun,FR,corpus_recherche,,false,moyenne,,https://github.com/reportsmishing/Smishing-Dataset-IMC25
Assurance maladie : 27/11 relance pour le renouvellement de votre carte vitale veuillez réactualiser vos informations avant le 22/02 pour conserver vos droits. <NOM> vigilants le COVID-19 est toujours là,arnaque,autre_arnaque,aucun,XX,corpus_recherche,,false,moyenne,,https://github.com/reportsmishing/Smishing-Dataset-IMC25
Poste Luxembourg : L'adresse de livraison du colis est erronée. Pour des raisons de sécurité le colis a été renvoyé au centre de stockage. Veuillez mettre à jour l'adresse de livraison : <URL> Veuillez répondre 1 pour activer le lien pour mettre à jour l'adresse de livraison,arnaque,phishing_lien,aucun,XX,corpus_recherche,,false,moyenne,,https://github.com/reportsmishing/Smishing-Dataset-IMC25
DHL : Votre colis est bloqué veuillez régllez les frais de douane afin de reprendre le cours de la livraison via :,arnaque,phishing_lien,aucun,FR,corpus_recherche,,false,moyenne,,https://github.com/reportsmishing/Smishing-Dataset-IMC25
Compte Amis : Après la dernière vérification de votre dossier d'assurance maladie nous vous demandons de remplir ce formulaire de sécurité pour une vérification complète. Cliquez sur le <NOM>,arnaque,autre_arnaque,aucun,XX,corpus_recherche,,false,moyenne,,https://github.com/reportsmishing/Smishing-Dataset-IMC25
DHL: Nous vous informons que votre colis est soumis à des vérifications. Veuillez nous aider à régulariser la situation.,arnaque,phishing_lien,aucun,FR,corpus_recherche,,false,moyenne,,https://github.com/reportsmishing/Smishing-Dataset-IMC25
NETFLIX : Le dernier débit a été refusé. Veuillez régulariser cette situation en mettant à jour vos informations:,arnaque,autre_arnaque,aucun,FR,corpus_recherche,,false,moyenne,,https://github.com/reportsmishing/Smishing-Dataset-IMC25
Info Gouv : Un retard de paiement de 3500 € a été constaté cela pourrait mener à une majoration pouvant atteindre 135 €. Dossier de référence : <TEL>. Pour consulter votre dossier d'infraction veuillez vous rendre sur : <URL>,arnaque,phishing_lien,aucun,FR,corpus_recherche,,false,moyenne,,https://github.com/reportsmishing/Smishing-Dataset-IMC25
Alerte SFR: Une e-sim a été commandée sur votre espace client. <NOM> s'agit pas de vous merci de vous rendre sur :,arnaque,usurpation_operateur,autre,FR,corpus_recherche,,false,moyenne,,https://github.com/reportsmishing/Smishing-Dataset-IMC25
INFO <NOM> : Vos infos de compte manquent ou sont incorrectes risquant l'interruption de votre ligne. Veuillez les confirmer sur <URL>,arnaque,usurpation_operateur,autre,XX,corpus_recherche,,false,moyenne,,https://github.com/reportsmishing/Smishing-Dataset-IMC25
NETFLIX : Votre abonnement a été interrompu veuillez vous connecter afin de mettre à jour vos informations via : <URL>,arnaque,phishing_lien,aucun,FR,corpus_recherche,,false,moyenne,,https://github.com/reportsmishing/Smishing-Dataset-IMC25
Chronopost : Votre colis a rencontré une erreur lors de sa livraison . <NOM> l'acheminement de celui-ci sur : <URL>,arnaque,phishing_lien,aucun,FR,corpus_recherche,,false,moyenne,,https://github.com/reportsmishing/Smishing-Dataset-IMC25
Info ANTAI : Vous avez un retard de paiement de 3500€. Dossier référence 20/10. <NOM> mon dossier d'infraction via :,arnaque,autre_arnaque,aucun,FR,corpus_recherche,,false,moyenne,,https://github.com/reportsmishing/Smishing-Dataset-IMC25
Chronopost: votre colis est en attente d'instruction.Pour une livraison dès le 12/07 Rendez-vous sur : <URL>,arnaque,phishing_lien,aucun,XX,corpus_recherche,,false,moyenne,,https://github.com/reportsmishing/Smishing-Dataset-IMC25
NET-FLIX: Votre dernier paiement a été refusé. Vos services prendront fin automatiquement le 12/04. Rendez-vous vite sur : <URL>,arnaque,phishing_lien,aucun,FR,corpus_recherche,,false,moyenne,,https://github.com/reportsmishing/Smishing-Dataset-IMC25
Info ANTAI: Vous avez un retard de paiement de 3500€. Dossier référence <TEL>. <NOM> mon dossier d'infraction via: <URL>,arnaque,phishing_lien,aucun,FR,corpus_recherche,,false,moyenne,,https://github.com/reportsmishing/Smishing-Dataset-IMC25
Info Orange: Votre dernière facture a été débitée à 2 reprises. Nous vous invitons à remplir le formulaire de remboursement suivant: <URL>,arnaque,usurpation_operateur,orange,XX,corpus_recherche,,false,moyenne,,https://github.com/reportsmishing/Smishing-Dataset-IMC25
Crit'Air : <NOM> agents ont constaté que votre véhicule n'était pas muni de la vignette réglementaire Crit'Air 2022 veuillez la récupérer sous peine de contravention dans les prochaines 48 h sur le <NOM>-joint :,arnaque,autre_arnaque,aucun,XX,corpus_recherche,,false,moyenne,,https://github.com/reportsmishing/Smishing-Dataset-IMC25
Nos agents ont constaté que votre véhicule n'était pas muni de la vignette réglementaire Crit'Air 2023. Veuillez la récupérer sous peine de contravention dans les prochaines 22/03. Sur le <NOM>-joint :,arnaque,autre_arnaque,aucun,XX,corpus_recherche,,false,moyenne,,https://github.com/reportsmishing/Smishing-Dataset-IMC25
INFO SFR : Une esim a été commandée sur votre ligne. <NOM> s'agit pas de vous procéder à l'annulation sur: <URL>,arnaque,usurpation_operateur,autre,FR,corpus_recherche,,false,moyenne,,https://github.com/reportsmishing/Smishing-Dataset-IMC25
Attention! Une restitution fiscale de 56330 € est disponible dans notre portail et expire bient? <NOM>:,arnaque,autre_arnaque,aucun,XX,corpus_recherche,,false,moyenne,,https://github.com/reportsmishing/Smishing-Dataset-IMC25
CHRONOPOST : <NOM> a rencontré une erreur lors de sa livraison. Pour confirmer l'acheminement de celui-ci rendez-vous sur : <URL>,arnaque,phishing_lien,aucun,FR,corpus_recherche,,false,moyenne,,https://github.com/reportsmishing/Smishing-Dataset-IMC25
Chronopost : L'acheminement de votre colis a rencontré une erreur. Mettez à jour votre livraison via : <URL>,arnaque,phishing_lien,aucun,FR,corpus_recherche,,false,moyenne,,https://github.com/reportsmishing/Smishing-Dataset-IMC25
ANTAI: 20/08 relance pour le règlement de votre infraction d'un montant de 3500€ via :,arnaque,autre_arnaque,aucun,FR,corpus_recherche,,false,moyenne,,https://github.com/reportsmishing/Smishing-Dataset-IMC25
INFO ANTAI : Vous avez une amende impayée. Dossier référence 03/02. <NOM> majorée le 13/10 via : <URL>,arnaque,phishing_lien,aucun,FR,corpus_recherche,,false,moyenne,,https://github.com/reportsmishing/Smishing-Dataset-IMC25
Netflix: Nous vous informons que votre mode de paiement a été refusé merci de mettre à jour vos informations pour le prélèvement suivant :,arnaque,autre_arnaque,aucun,FR,corpus_recherche,,false,moyenne,,https://github.com/reportsmishing/Smishing-Dataset-IMC25
Info ANTAI : Vous avez un retard de paiement de 3500€ dossier référence 24XXXX. <NOM> mon dossier d'infraction via :,arnaque,autre_arnaque,aucun,XX,corpus_recherche,,false,moyenne,,https://github.com/reportsmishing/Smishing-Dataset-IMC25
INFO ANTAI : Vous avez un retard d’un paiement de 3500€. Dossier référence <TEL>. <NOM> mon dossier d'infraction via :,arnaque,autre_arnaque,aucun,FR,corpus_recherche,,false,moyenne,,https://github.com/reportsmishing/Smishing-Dataset-IMC25
NETFLIX rejet de paiement: veuillez confirmer vos informations ou votre compte <NOM>. Suivez le lien: <URL>,arnaque,phishing_lien,aucun,XX,corpus_recherche,,false,moyenne,,https://github.com/reportsmishing/Smishing-Dataset-IMC25
Alerte SFR: Une e-sim a été commandée sur votre espace client. <NOM> s'agit pas de vous merci de vous rendre sur : <URL>,arnaque,usurpation_operateur,autre,FR,corpus_recherche,,false,moyenne,,https://github.com/reportsmishing/Smishing-Dataset-IMC25
Chronopost Votre colis sera restitué à l'expéditeur merci de remplir le formulaire ci-dessous : <URL>,arnaque,phishing_lien,aucun,FR,corpus_recherche,,false,moyenne,,https://github.com/reportsmishing/Smishing-Dataset-IMC25
MMA ********: Pour la complétude de votre dossier merci de nous envoyer votre pièce d'identité ici : Cliquez ici,arnaque,autre_arnaque,aucun,XX,corpus_recherche,,false,moyenne,,https://github.com/reportsmishing/Smishing-Dataset-IMC25
ANTAI: Dernier rappel avant majoration vous avez un retard de paiement de 35€ dossier référence XXX. <NOM> mon dossier d’infraction via:,arnaque,autre_arnaque,aucun,XX,corpus_recherche,,false,moyenne,,https://github.com/reportsmishing/Smishing-Dataset-IMC25
info chronopost Votre dernière livraison a été interrompue. Elle est actuellement mise en attente veuillez régulariser votre dossier via : <URL>,arnaque,phishing_lien,aucun,XX,corpus_recherche,,false,moyenne,,https://github.com/reportsmishing/Smishing-Dataset-IMC25
INFO ANTai: Veuillez régulariser <NOM> sous forme numérique de 35 EUR REF: <REF> via: <URL>,arnaque,phishing_lien,aucun,FR,corpus_recherche,,false,moyenne,,https://github.com/reportsmishing/Smishing-Dataset-IMC25
Votre dernier paiement a été refusé. Vos services prendront fin automatiquement le 03/09. Rendez-vous vite sur : <URL>,arnaque,phishing_lien,aucun,XX,corpus_recherche,,false,moyenne,,https://github.com/reportsmishing/Smishing-Dataset-IMC25
CHRONOPOST: Votre colis est en cours d'instruction Entrepot chilly mazarin planifiez votre livraison avant 11h00 <URL>,arnaque,phishing_lien,aucun,FR,corpus_recherche,,false,moyenne,,https://github.com/reportsmishing/Smishing-Dataset-IMC25
Vous avez un retard de paiement de 3500 €. Référence : 1531. <NOM> mon dossier d'infraction via : <URL>,arnaque,phishing_lien,aucun,XX,corpus_recherche,,false,moyenne,,https://github.com/reportsmishing/Smishing-Dataset-IMC25
NETFLIX rejet de paiement: veuillez confirmer vos informations sous 24h ou votre compte sera suspendu. Suivez le lien: <URL>,arnaque,phishing_lien,aucun,FR,corpus_recherche,,false,moyenne,,https://github.com/reportsmishing/Smishing-Dataset-IMC25
Action requise : Suspension de votre abonnement SNCF Cher(e) client(e) de la SNCF Nous vous contactons pour vous informer que votre abonnement a été suspendu car nous n'avons pas été en mesure de renouveler votre paiement automatiquement. Nous vous invitons à mettre à jour rapidement vos informations de paiement pour réactiver votre abonnement et continuer à bénéficier de tous les avantages liés à votre abonnement. <NOM> service clientèle dédié qui se fera un plaisir de vous aider.,arnaque,autre_arnaque,aucun,XX,corpus_recherche,,false,moyenne,,https://github.com/reportsmishing/Smishing-Dataset-IMC25
NETFLIX : Rejet de prélèvement veuillez confirmer vos informations de paiement sous 21/03 sera suspendu : <URL>,arnaque,phishing_lien,aucun,XX,corpus_recherche,,false,moyenne,,https://github.com/reportsmishing/Smishing-Dataset-IMC25
DERNIERE RELANCE AVANT POURSITE JUDICIAIRE : Vous restez redevable de la somme de 31.27€. Veuillez vous acquitter de votre impayé via notre plateforme de télé-paiement sous 24/01 avant transmission de votre dossier en injonction de paiement auprès de la Banque de France :,arnaque,usurpation_operateur,banque,FR,corpus_recherche,,false,moyenne,,https://github.com/reportsmishing/Smishing-Dataset-IMC25
Nos agents ont constaté que votre véhicule n'était pas muni de la vignette réglementaire Crit'Air 2023. Veuillez la récupérer sous peine de contravention dans les prochaines 18/03. Sur le <NOM>-joint :,arnaque,autre_arnaque,aucun,FR,corpus_recherche,,false,moyenne,,https://github.com/reportsmishing/Smishing-Dataset-IMC25
CRIT'AIR : <NOM> agents ont constaté que vous n'étiez pas munis de la vignette réglementaire veuillez la récupérer via :,arnaque,autre_arnaque,aucun,FR,corpus_recherche,,false,moyenne,,https://github.com/reportsmishing/Smishing-Dataset-IMC25
Nos agents ont constaté que votre véhicule n'était pas muni de la vignette règlementaire Crit'Air 2023. Veuillez la récupérer sous peine de contravention dans les prochaines 03/10. Sur le <NOM>-joint :,arnaque,autre_arnaque,aucun,XX,corpus_recherche,,false,moyenne,,https://github.com/reportsmishing/Smishing-Dataset-IMC25
Netflix : votre compte sera suspendu d'ici 24H veuillez confirmer vos informations afin de profiter de nos services :,arnaque,autre_arnaque,aucun,FR,corpus_recherche,,false,moyenne,,https://github.com/reportsmishing/Smishing-Dataset-IMC25
Netflix: Le prélèvement automatique de votre abonnement a échoué. Connectez vous pour mettre à jour vos informations via:,arnaque,autre_arnaque,aucun,FR,corpus_recherche,,false,moyenne,,https://github.com/reportsmishing/Smishing-Dataset-IMC25
NETFLIX: Le dernier paiement de votre abonnement a été rejeté à mettre à jour impérativement avant le 08/07. Rendez-vous vite sur :,arnaque,autre_arnaque,aucun,FR,corpus_recherche,,false,moyenne,,https://github.com/reportsmishing/Smishing-Dataset-IMC25
<NOM> : <NOM> vous rembourse 24990€. Visitez <URL> et entrez le numero de dossier 4531 pour bénéficier du remboursement.,arnaque,phishing_lien,aucun,FR,corpus_recherche,,false,moyenne,,https://github.com/reportsmishing/Smishing-Dataset-IMC25
NETFLIX : Votre dernier paiement a été refusé veuillez confirmer vos informations de paiement ou votre compte sera suspendu: cutt[.]ly/65986d NETFLIX : Votre adhesion va etre suspendu du au rejet du prelevement de votre mensualite pour regulariser la situation : cutt[.]ly/9ukd42,arnaque,phishing_lien,aucun,XX,corpus_recherche,,false,moyenne,,https://github.com/reportsmishing/Smishing-Dataset-IMC25
{GUICHET} Vous avez droit a un remboursement d'impot de 563.30 EURO. Visitez notre site web: <URL>,arnaque,phishing_lien,aucun,XX,corpus_recherche,,false,moyenne,,https://github.com/reportsmishing/Smishing-Dataset-IMC25
AMELI: Vous etes admissible a recevoir un remboursement de 347.87 EUR. Veuillez remplir le formulaire.,arnaque,autre_arnaque,aucun,XX,corpus_recherche,,false,moyenne,,https://github.com/reportsmishing/Smishing-Dataset-IMC25
Vous avez un retard de paiement de 3500€ Dossier référence 21/08. <NOM> mon dossier d'infraction via :,arnaque,autre_arnaque,aucun,XX,corpus_recherche,,false,moyenne,,https://github.com/reportsmishing/Smishing-Dataset-IMC25
Info ANTAI : Vous avez un retard de paiement d'une amende de 3500€. Dossier référence : <TEL>. <NOM> mon dossier d'infraction via :,arnaque,autre_arnaque,aucun,XX,corpus_recherche,,false,moyenne,,https://github.com/reportsmishing/Smishing-Dataset-IMC25
Netflix : Votre dernier paiement a été refusé veuillez confirmer vos informations ou votre compte sera suspendu :,arnaque,autre_arnaque,aucun,FR,corpus_recherche,,false,moyenne,,https://github.com/reportsmishing/Smishing-Dataset-IMC25
Assurance Maladie : Expiration de votre carte vitale a mettre a jours imperativement. Demarche en ligne: <URL>,arnaque,phishing_lien,aucun,XX,corpus_recherche,,false,moyenne,,https://github.com/reportsmishing/Smishing-Dataset-IMC25
Assurance Maladie : Votre nouvelle carte vitale est disponible veuillez remplir le formulaire de commande via :,arnaque,autre_arnaque,aucun,FR,corpus_recherche,,false,moyenne,,https://github.com/reportsmishing/Smishing-Dataset-IMC25
<NOM> utilisateur ItsMe Votre compte a été bloqué temporairement en raison d'une activité suspecte. <NOM> les étapes du 01/08 pour éviter un blocage définitif.,arnaque,autre_arnaque,aucun,XX,corpus_recherche,,false,moyenne,,https://github.com/reportsmishing/Smishing-Dataset-IMC25
DESJARDINS ALERTES Nous avons une restriction sur votre compte pour des raisons de sécurité. Veuillez vous identifier afin de débloquer votre compte. Visitez: <URL>ine/Verification,arnaque,usurpation_operateur,banque,XX,corpus_recherche,,false,moyenne,,https://github.com/reportsmishing/Smishing-Dataset-IMC25
une esim a été commandée sur votre ligne. Si il ne s'agit pas de vous allez sur :,arnaque,usurpation_operateur,autre,XX,corpus_recherche,,false,moyenne,,https://github.com/reportsmishing/Smishing-Dataset-IMC25
ANTAI: Vous avez un retard de paiement d'une infraction routière dernier rappel avant majoration. Ref Dossier: <REF> Consulter mon dossier d'infraction via: <URL>,arnaque,phishing_lien,aucun,FR,corpus_recherche,,false,moyenne,,https://github.com/reportsmishing/Smishing-Dataset-IMC25
<NOM> telephone est casse j ai un nouveau numero peux tu m <NOM> message sur whatsapp,arnaque,autre_arnaque,aucun,XX,corpus_recherche,,false,moyenne,,https://github.com/reportsmishing/Smishing-Dataset-IMC25
BPOST : Votre colis est soumis à un dédouanement veuillez régler ces frais sur:,arnaque,phishing_lien,aucun,XX,corpus_recherche,,false,moyenne,,https://github.com/reportsmishing/Smishing-Dataset-IMC25
Nos agents ont constaté que votre véhicule n'était pas muni de la vignette réglementaire Crit'Air 2023. Veuillez la récupérer sous peine de contravention dans les prochaines 08/07. Sur le lien ci-joint :,arnaque,autre_arnaque,aucun,XX,corpus_recherche,,false,moyenne,,https://github.com/reportsmishing/Smishing-Dataset-IMC25
Nos agents ont constaté que votre véhicule n'était pas muni de la vignette règlementaire Crit'Air 2023. Veuillez la récupérer sous peine de contravention dans les prochaines 20/10. Sur le lien ci-joint :,arnaque,autre_arnaque,aucun,XX,corpus_recherche,,false,moyenne,,https://github.com/reportsmishing/Smishing-Dataset-IMC25
DHL Express : Des droits de douane/taxes s'appliquent à votre colis. Veuillez régulariser votre situation via : <URL>,arnaque,phishing_lien,aucun,FR,corpus_recherche,,false,moyenne,,https://github.com/reportsmishing/Smishing-Dataset-IMC25
Vous avez un retard de paiement de 35€. Vous pouvez régler par carte bancaire (payer ou consigner) Veuillez régler <NOM>.,arnaque,autre_arnaque,aucun,XX,corpus_recherche,,false,moyenne,,https://github.com/reportsmishing/Smishing-Dataset-IMC25
<NOM> <URL> afin de le recevoir. Veuillez introduire vos informations afin que l'on puisse procéder à l'envoie de votre colis.,arnaque,phishing_lien,aucun,XX,corpus_recherche,,false,moyenne,,https://github.com/reportsmishing/Smishing-Dataset-IMC25
Echec de livraison de votre colis <REF>. Rendez-vous sur <URL> pour programmer votre livraison,arnaque,phishing_lien,aucun,FR,corpus_recherche,,false,moyenne,,https://github.com/reportsmishing/Smishing-Dataset-IMC25
Netflix:Votre compte est suspendu en raison d'un problème avec votre dernier paiement. Veuillez procéder au lien suivant:<URL>,arnaque,phishing_lien,aucun,BE,corpus_recherche,,false,moyenne,,https://github.com/reportsmishing/Smishing-Dataset-IMC25
Chronopost : Votre colis est bien arrivé sur son site de distribution des frais sont appliqués à cet envoi :,arnaque,phishing_lien,aucun,XX,corpus_recherche,,false,moyenne,,https://github.com/reportsmishing/Smishing-Dataset-IMC25
Assurance Maladie : Veuillez mettre vos informations à jour pour éviter une suspension de vos droits via : <URL>,arnaque,phishing_lien,aucun,FR,corpus_recherche,,false,moyenne,,https://github.com/reportsmishing/Smishing-Dataset-IMC25
Info ANTAI : Vous avez un retard de paiement de 3500€. Dossier référence 12/02. <NOM> mon dossier d'infraction via : <NOM>,arnaque,autre_arnaque,aucun,FR,corpus_recherche,,false,moyenne,,https://github.com/reportsmishing/Smishing-Dataset-IMC25
INFO ANTAI: Vous avez une contravention à payer. Afin d'éviter toute pénalité veuillez la régler via:,arnaque,autre_arnaque,aucun,XX,corpus_recherche,,false,moyenne,,https://github.com/reportsmishing/Smishing-Dataset-IMC25
Netflix : Votre adhésion a été interrompue veuillez vous connecter afin de mettre à jour vos informations via :,arnaque,autre_arnaque,aucun,XX,corpus_recherche,,false,moyenne,,https://github.com/reportsmishing/Smishing-Dataset-IMC25
"Vous avez reçu 400.00 euros avec Paylib : "" REMBOURSEMENT CAF "". Récupérez votre argent sous 27/03 <URL>",arnaque,usurpation_operateur,banque,XX,corpus_recherche,,false,moyenne,,https://github.com/reportsmishing/Smishing-Dataset-IMC25
Résolvez le problème de votre commande récente pour éviter que le colis ne soit renvoyé à l'adresse de l'expéditeur:,arnaque,phishing_lien,aucun,XX,corpus_recherche,,false,moyenne,,https://github.com/reportsmishing/Smishing-Dataset-IMC25
Info ANTAI : Vous avez un retard de paiement de 3500€ Dossier référence 04/02. <NOM> mon dossier d'infraction via :,arnaque,autre_arnaque,aucun,FR,corpus_recherche,,false,moyenne,,https://github.com/reportsmishing/Smishing-Dataset-IMC25
info ANTAI : Vous avez une contravention impayée d'un montant de 35€ à ce jour. Consultez votre dossier d'infraction via : <URL>,arnaque,phishing_lien,aucun,XX,corpus_recherche,,false,moyenne,,https://github.com/reportsmishing/Smishing-Dataset-IMC25
Info ANTAI : Vous avez un retard de paiement de 3500 €. Référence : 3982. <NOM> mon dossier d'infraction via : <URL>,arnaque,phishing_lien,aucun,FR,corpus_recherche,,false,moyenne,,https://github.com/reportsmishing/Smishing-Dataset-IMC25
Suite à de nombreuses tentatives de connexion votre compte PayPal a été bloqué. Veuillez vous connecter ici pour le restaurer :,arnaque,usurpation_operateur,banque,XX,corpus_recherche,,false,moyenne,,https://github.com/reportsmishing/Smishing-Dataset-IMC25
Videotron: En raison d'une surcharge sur votre facture récente nous avons émis 08/11 $ CDN via e-Transfer Pour déposer visiter: <URL>,arnaque,usurpation_operateur,autre,XX,corpus_recherche,,false,moyenne,,https://github.com/reportsmishing/Smishing-Dataset-IMC25
Info ANTAI : Vous avez un retard de paiement de 3500€. Dossier référence 06/11. <NOM> mon dossier d'infraction via :,arnaque,autre_arnaque,aucun,XX,corpus_recherche,,false,moyenne,,https://github.com/reportsmishing/Smishing-Dataset-IMC25
POST LUXEMBOURG Votre colis est en attente de livraison. Confirmez le paiement (299 EUR). La confirmation en ligne :,arnaque,phishing_lien,aucun,XX,corpus_recherche,,false,moyenne,,https://github.com/reportsmishing/Smishing-Dataset-IMC25
Pour continuer de bénéficier de nos vidéos à la demande veuillez mettre à jour vos informations <NOM>,arnaque,usurpation_operateur,banque,XX,corpus_recherche,,false,moyenne,,https://github.com/reportsmishing/Smishing-Dataset-IMC25
Merci pour votre virement de 33333 EUR chez Brocolis Industry. Suivi de votre colis : <URL> STOP au 36951,arnaque,phishing_lien,aucun,XX,corpus_recherche,,false,moyenne,,https://github.com/reportsmishing/Smishing-Dataset-IMC25
Base: Votre dernière facture a été débitéée à 2 reprises. Nous vous invitons à remplir le formulaire de remboursement suivant: <URL>,arnaque,phishing_lien,aucun,XX,corpus_recherche,,false,moyenne,,https://github.com/reportsmishing/Smishing-Dataset-IMC25
URGENT ! Votre solde CPF expire. Veuillez remplir le lien suivant sous 24h pour convertir vos droits acquis en 2022.,arnaque,autre_arnaque,aucun,XX,corpus_recherche,,false,moyenne,,https://github.com/reportsmishing/Smishing-Dataset-IMC25
ANTAI : Vous avez un retard de paiement d'une infraction routière dernier rappel avant majoration. <NOM>: <REF> Consulter mon dossier d'infraction: <URL>,arnaque,phishing_lien,aucun,FR,corpus_recherche,,false,moyenne,,https://github.com/reportsmishing/Smishing-Dataset-IMC25
<NOM> cependant je souhaite un paiement sécurisé via le bon coin pour plus de sécurité et de fiabilité ensuite j'enverrai un coursier à mes frais bien sûr pour la récupération de l'article. <NOM> laissez moi le prix ferme pour que je puisse maintenant effectuer le paiement merci. <NOM>,arnaque,autre_arnaque,aucun,FR,corpus_recherche,,false,moyenne,,https://github.com/reportsmishing/Smishing-Dataset-IMC25
Votre compte CIH BANK a été bloqué veuillez mettre à jour vos informations dans la prochaine 25/03 :,arnaque,usurpation_operateur,banque,XX,corpus_recherche,,false,moyenne,,https://github.com/reportsmishing/Smishing-Dataset-IMC25
DERNIERE RELANCE AVANT POURSUITE JUDICIAIRE : Vous avez un retard paiement de 3500€. Dossier référence <TEL>. <NOM> mon dossier d'infraction via :,arnaque,autre_arnaque,aucun,FR,corpus_recherche,,false,moyenne,,https://github.com/reportsmishing/Smishing-Dataset-IMC25
Info ANTAI : Vous avez un retard de paiement de 3500€ Dossier référence 08/03. <NOM> mon dossier d'infraction via :,arnaque,autre_arnaque,aucun,FR,corpus_recherche,,false,moyenne,,https://github.com/reportsmishing/Smishing-Dataset-IMC25
INFO ANTAI : Vous avez un retard de paiement de 3500€ dossier référence 25/06. <NOM> mon dossier d'infraction via :,arnaque,autre_arnaque,aucun,XX,corpus_recherche,,false,moyenne,,https://github.com/reportsmishing/Smishing-Dataset-IMC25
Chronopost : L'acheminement de votre colis a rencontré une erreur. Mettez à jour votre livraison via :,arnaque,phishing_lien,aucun,FR,corpus_recherche,,false,moyenne,,https://github.com/reportsmishing/Smishing-Dataset-IMC25
INFO ANTAI: Vous avez une contravention à payer. Afin d'éviter toute pénalité veuillez la régler via: <URL> AMENDE GOUV : Nos agents ont trouvés une contravention rattachée à votre dossier. Veuillez consulter vos détails de la contravention via : <URL>,arnaque,phishing_lien,aucun,XX,corpus_recherche,,false,moyenne,,https://github.com/reportsmishing/Smishing-Dataset-IMC25
SOCIETE GENERALE VOUS INVITE A REGULARISER VOTRE SITUATION CELA EVITERA LA POURSUITE JUDICAIRE TEL : <REF>,arnaque,usurpation_operateur,banque,XX,corpus_recherche,,false,moyenne,,https://github.com/reportsmishing/Smishing-Dataset-IMC25
Nos agents ont constaté que votre véhicule n'était pas muni de la vignette réglementaire Crit'Air 2023. Veuillez la récupérer sous peine de contravention dans les prochaines 07/03. Sur le <NOM>-joint :,arnaque,autre_arnaque,aucun,XX,corpus_recherche,,false,moyenne,,https://github.com/reportsmishing/Smishing-Dataset-IMC25
[INFO ANTAI] : Vous avez un retard de paiement de 3500€. Dossier référence 21/10. <NOM> mon dossier d'infraction via : <URL>,arnaque,phishing_lien,aucun,FR,corpus_recherche,,false,moyenne,,https://github.com/reportsmishing/Smishing-Dataset-IMC25
Chronopost : La livraison de votre colis a été suspendue à cause de frais supplémentaires suivez les instructions :,arnaque,phishing_lien,aucun,FR,corpus_recherche,,false,moyenne,,https://github.com/reportsmishing/Smishing-Dataset-IMC25
Pour continuer de bénéficier de nos vidéos à la demande veillez mettre à jour vos informations <NOM>,arnaque,usurpation_operateur,banque,XX,corpus_recherche,,false,moyenne,,https://github.com/reportsmishing/Smishing-Dataset-IMC25
INFO ANTAI: Vous avez une contravention à payer. Afin d'éviter toute pénalité veuillez la régler via: <URL>,arnaque,phishing_lien,aucun,XX,corpus_recherche,,false,moyenne,,https://github.com/reportsmishing/Smishing-Dataset-IMC25
Info ANTAI : Vous avez un retard de paiement de 3500€ dossier référence 20/09. <NOM> mon dossier d'infraction via : <URL>,arnaque,phishing_lien,aucun,XX,corpus_recherche,,false,moyenne,,https://github.com/reportsmishing/Smishing-Dataset-IMC25
INFO ANTAI: Vous avez une contravention à payer. Afin d'éviter toute pénalité veuillez la régler via: AMENDE GOUV - Nos agents ont trouvé votre contravention rattachée à votre dossier.,arnaque,autre_arnaque,aucun,XX,corpus_recherche,,false,moyenne,,https://github.com/reportsmishing/Smishing-Dataset-IMC25
AMENDES GOUV : Une contravention impayée est rattachée à votre dossier. Veuillez consulter les détails de la contravention via : <URL>,arnaque,phishing_lien,aucun,XX,corpus_recherche,,false,moyenne,,https://github.com/reportsmishing/Smishing-Dataset-IMC25
Nos agents ont constaté que votre véhicule n'était pas muni de la vignette réglementaire Crit'Air 2023. Veuillez la récupérer sous peine de contravention dans les prochaines 17/08. Sur le <NOM>-joint :,arnaque,autre_arnaque,aucun,FR,corpus_recherche,,false,moyenne,,https://github.com/reportsmishing/Smishing-Dataset-IMC25
Bpost : La livraison de votre colis prévue demain matin 12/05 entre 8h30 et 12h30 n'est pas possible. Rendez-vous sur <URL> pour plus d'informations.,arnaque,phishing_lien,aucun,FR,corpus_recherche,,false,moyenne,,https://github.com/reportsmishing/Smishing-Dataset-IMC25
Netflix : Nous vous informons que votre dernier paiement a été refusé. Veuillez mettre à jour vos informations ci-dessous.,arnaque,autre_arnaque,aucun,XX,corpus_recherche,,false,moyenne,,https://github.com/reportsmishing/Smishing-Dataset-IMC25
<NOM>. <NOM> les conditions <NOM> : bit[.]ly/z99775,arnaque,usurpation_operateur,autre,XX,corpus_recherche,,false,moyenne,,https://github.com/reportsmishing/Smishing-Dataset-IMC25
Assurance Maladie : Veuillez mettre vos informations à jour pour éviter suspension de vos droits via :,arnaque,autre_arnaque,aucun,FR,corpus_recherche,,false,moyenne,,https://github.com/reportsmishing/Smishing-Dataset-IMC25
NETFLIX : Votre adhesion va etre suspendu du au rejet du prelevement de votre mensualite pour regulariser la situation :,arnaque,autre_arnaque,aucun,XX,corpus_recherche,,false,moyenne,,https://github.com/reportsmishing/Smishing-Dataset-IMC25
Chronopost la livraison de votre colis <REF> a été suspendue suivez les instructions suivantes https://,arnaque,phishing_lien,aucun,FR,corpus_recherche,,false,moyenne,,https://github.com/reportsmishing/Smishing-Dataset-IMC25
INFO ANTAI: Vous avez une contravention à payer. Afin d'éviter toute pénalités veuillez a régler via :,arnaque,autre_arnaque,aucun,FR,corpus_recherche,,false,moyenne,,https://github.com/reportsmishing/Smishing-Dataset-IMC25
Déposez votre argen 15/07 : Agence du revenu du Canada Afficher les détails du transfert Expire : 07 juin 2023 Avis: Le dépôt apparaîtra sur votre prochain relevé Sélectionnez votre institution financière,arnaque,autre_arnaque,aucun,XX,corpus_recherche,,false,moyenne,,https://github.com/reportsmishing/Smishing-Dataset-IMC25
<NOM> livré Si vous ne payez <NOM> 24 heures vos colis seront retournés à l'expéditeur.,arnaque,phishing_lien,aucun,XX,corpus_recherche,,false,moyenne,,https://github.com/reportsmishing/Smishing-Dataset-IMC25
NETFLIX rejet de paiement: veuillez confirmer vos informations sous 24h ou votre compte sera suspendu. Suivez le lien: https://,arnaque,autre_arnaque,aucun,FR,corpus_recherche,,false,moyenne,,https://github.com/reportsmishing/Smishing-Dataset-IMC25
Nos agents ont constaté que votre véhicule n'était pas muni de la vignette réglementaire Crit'Air 2023. Veuillez la récupérer sous peine de contravention dans les prochaines 12/09. Sur le <NOM>-joint :,arnaque,autre_arnaque,aucun,XX,corpus_recherche,,false,moyenne,,https://github.com/reportsmishing/Smishing-Dataset-IMC25
Netflix : Votre dernier paiement a été rejeter veuillez remettre vos informations et de le regulariser : <URL>,arnaque,phishing_lien,aucun,XX,corpus_recherche,,false,moyenne,,https://github.com/reportsmishing/Smishing-Dataset-IMC25
Chronopost : La livraison de votre colis est interrompue car il ne respecte pas le poids indiqué. Régularisez votre situation via :,arnaque,phishing_lien,aucun,FR,corpus_recherche,,false,moyenne,,https://github.com/reportsmishing/Smishing-Dataset-IMC25
NET-FLIX: Votre dernier paiement a été refusé veuillez confirmer vos informations de paiement ou votre compte sera suspendu: <URL>,arnaque,phishing_lien,aucun,FR,corpus_recherche,,false,moyenne,,https://github.com/reportsmishing/Smishing-Dataset-IMC25
Votre dernière livraison à été interrompue. <NOM> actuellement mis en attente au centre de tri de Brest (29200). Le colis qui vous a été envoyé ne respectait pas le poids indiqué des frais supplémentaires vous sont alors demandés afin de pouvoir acheminer correctement votre colis. Les frais s'élèvent à 0.48€ Pour les payer veuillez cliquer sur le bouton ci-dessous. Une fois les frais payés votre colis sera acheminé le plus rapidement possible vers le lieu de livraison. Dans le cas ou ceux-ci ne sont pas réglés dans les prochaines 48 heures le colis sera retourné à l'expéditeur.,arnaque,phishing_lien,aucun,XX,corpus_recherche,,false,moyenne,,https://github.com/reportsmishing/Smishing-Dataset-IMC25
ANTAI: Dernier rappel avant majoration. Vous avez un retard de paiement de 35€ dossier référence 04/05. <NOM> mon dossier d’infraction via: <URL>,arnaque,phishing_lien,aucun,FR,corpus_recherche,,false,moyenne,,https://github.com/reportsmishing/Smishing-Dataset-IMC25
INFO GOUV: Dernier rappel Vous avez une contravention impayée de 35.00€. consulter votre dossier <REF> via <URL>,arnaque,phishing_lien,aucun,FR,corpus_recherche,,false,moyenne,,https://github.com/reportsmishing/Smishing-Dataset-IMC25
Chronopost : votre colis rencontre un problème d'acheminement veillez actualiser vos informations de livraison sur notre site : <URL>,arnaque,phishing_lien,aucun,XX,corpus_recherche,,false,moyenne,,https://github.com/reportsmishing/Smishing-Dataset-IMC25
info ANTAI: Vous avez une contravention impayée d'un montant de 35€ à ce jour. Consultez votre dossier d'infraction via : <URL> info ANTAI: Vous avez une contravention impayée d'un montant de 35€ à ce jour. Consultez votre dossier d'infraction via : <URL>,arnaque,phishing_lien,aucun,XX,corpus_recherche,,false,moyenne,,https://github.com/reportsmishing/Smishing-Dataset-IMC25
INFO ANTAI : Vous avez un retard de paiement de 3500€ dossier référence 14/06. <NOM> mon dossier d'infraction via :,arnaque,autre_arnaque,aucun,FR,corpus_recherche,,false,moyenne,,https://github.com/reportsmishing/Smishing-Dataset-IMC25
Assurance Maladie: Veuillez effectuer le renouvellement de votre Carte Vitale avant le 29 Décembre 2022. Rendez-vous sur: <URL>,arnaque,phishing_lien,aucun,XX,corpus_recherche,,false,moyenne,,https://github.com/reportsmishing/Smishing-Dataset-IMC25
Alerte SFR : Une e-sim a été commandée sur votre espace client. Il ne s'agit pas d...,arnaque,usurpation_operateur,autre,FR,corpus_recherche,,false,moyenne,,https://github.com/reportsmishing/Smishing-Dataset-IMC25
<NOM> ANTAI : Votre infraction en date du 26/01 pas réglée. Dossier référence <TEL>. Merci de régler la situation avant le 19 mars sous peine d'une majoration pouvant atteindre jusqu'à 135 euros. <NOM> mon dossier ANTAI via : <URL>,arnaque,phishing_lien,aucun,FR,corpus_recherche,,false,moyenne,,https://github.com/reportsmishing/Smishing-Dataset-IMC25
Info ANTAI : Vous avez un retard de paiement de 3500€ Dossier référence <REF>. <NOM> mon dossier d'infraction via : <URL>,arnaque,phishing_lien,aucun,FR,corpus_recherche,,false,moyenne,,https://github.com/reportsmishing/Smishing-Dataset-IMC25
INFO ANTAI : Vous avez un retard paiement de 3500 Euros. Consulter votre dossier d'infraction via :,arnaque,autre_arnaque,aucun,FR,corpus_recherche,,false,moyenne,,https://github.com/reportsmishing/Smishing-Dataset-IMC25
INFO AMENDE : Vous avez un retard de paiement de 3500 euro Dossier référence <TEL>. <NOM> dossier :,arnaque,autre_arnaque,aucun,XX,corpus_recherche,,false,moyenne,,https://github.com/reportsmishing/Smishing-Dataset-IMC25
INFO ANTai : Vous avez un retard paiement de 3500€. Dossier référence 23/10. <NOM> mon dossier d'infraction via : <URL>,arnaque,phishing_lien,aucun,XX,corpus_recherche,,false,moyenne,,https://github.com/reportsmishing/Smishing-Dataset-IMC25
Chronopost : Votre colis a rencontré une erreur lors de sa livraison. <NOM> via : <URL>,arnaque,phishing_lien,aucun,FR,corpus_recherche,,false,moyenne,,https://github.com/reportsmishing/Smishing-Dataset-IMC25
"i"" ?ASSURANCE MALADIE : nous avons bien enregistrA? vos nouvelles coordonnA?es bancaires. Suivez vos paiements depuis votre compte sur <URL>",arnaque,phishing_lien,aucun,XX,corpus_recherche,,false,moyenne,,https://github.com/reportsmishing/Smishing-Dataset-IMC25
Chronopost : La livraison de votre colis est interrompue car il ne respecte pas le poids indiqué régularisez la situation via : <URL>,arnaque,phishing_lien,aucun,FR,corpus_recherche,,false,moyenne,,https://github.com/reportsmishing/Smishing-Dataset-IMC25
INFO ANTAI : Un paiement en retard de 3500 € est enregistré dans votre dossier sous la référence n° <TEL>. Consultez votre dossier d'infraction en suivant ce lien : <URL>,arnaque,phishing_lien,aucun,XX,corpus_recherche,,false,moyenne,,https://github.com/reportsmishing/Smishing-Dataset-IMC25
Nos agents ont constaté que votre véhicule n'était pas muni de la vignette réglementaire Crit'Air 2023. Veuillez la récupérer sous peine de contravention dans les prochaines 26/10. Sur le <NOM>-joint :,arnaque,autre_arnaque,aucun,FR,corpus_recherche,,false,moyenne,,https://github.com/reportsmishing/Smishing-Dataset-IMC25
Boursorama: Veuillez mettre à jour vos informations personnelles pour synchroniser votre compte bancaire via ce lien :,arnaque,usurpation_operateur,banque,XX,corpus_recherche,,false,moyenne,,https://github.com/reportsmishing/Smishing-Dataset-IMC25
Info ANTAI : Vous avez un retard de paiement de 6800e dossier référence 08/10. <NOM> mon dossier d'infraction via :,arnaque,autre_arnaque,aucun,XX,corpus_recherche,,false,moyenne,,https://github.com/reportsmishing/Smishing-Dataset-IMC25
Info ANTAI : Vous avez un retard de paiement de 3500€ Dossier référence 01/03. <NOM> mon dossier d'infraction via :,arnaque,autre_arnaque,aucun,FR,corpus_recherche,,false,moyenne,,https://github.com/reportsmishing/Smishing-Dataset-IMC25
Assurance maladie : <NOM> carte vitale arrive à expiration veuillez remplir le formulaire de renouvellement sous 24/10 via :,arnaque,autre_arnaque,aucun,XX,corpus_recherche,,false,moyenne,,https://github.com/reportsmishing/Smishing-Dataset-IMC25
<NOM> a été livré le 09/09 au point de livraison. <NOM> vous pouvez récupérer votre colis ici: <URL>,arnaque,phishing_lien,aucun,FR,corpus_recherche,,false,moyenne,,https://github.com/reportsmishing/Smishing-Dataset-IMC25
Suite à la panne d’électricité du au verglas mercredi dernier vous recevrez un crédité de 80$ sur votre carte de crédit. Afin de pouvoir réclamer ce qui vous ai dû veuillez cliquer sur le lien suivant :,arnaque,autre_arnaque,aucun,XX,corpus_recherche,,false,moyenne,,https://github.com/reportsmishing/Smishing-Dataset-IMC25
Chronopost : Votre colis <REF> à subit un problème d'acheminement veuillez mettre à jour la livraison sur notre site: <URL>,arnaque,phishing_lien,aucun,FR,corpus_recherche,,false,moyenne,,https://github.com/reportsmishing/Smishing-Dataset-IMC25
Pour la sécurité de votre compte de Apple Store votre compte est contraint et nécessite une nouvelle authentification,arnaque,autre_arnaque,aucun,XX,corpus_recherche,,false,moyenne,,https://github.com/reportsmishing/Smishing-Dataset-IMC25
NETFLIX: Votre dernier paiement a été refusé veuillez confirmer vos informations de paiement sinon votre compte sera suspendu: <URL>,arnaque,phishing_lien,aucun,FR,corpus_recherche,,false,moyenne,,https://github.com/reportsmishing/Smishing-Dataset-IMC25
SERVICE-PUBLIC: Vous pouvez désormais effectuer votre demande de redevance d'essence d'une valeur de 100€ sur : <URL>,arnaque,phishing_lien,aucun,FR,corpus_recherche,,false,moyenne,,https://github.com/reportsmishing/Smishing-Dataset-IMC25
Votre transaction de €237.50 a bien ete effectuee. si vous n'etes pas a l'origine de cette transaction contactez le <TEL>,arnaque,usurpation_operateur,banque,FR,corpus_recherche,,false,moyenne,,https://github.com/reportsmishing/Smishing-Dataset-IMC25
Vous avez droit à un remboursement. Visitez notre site Internet.,arnaque,autre_arnaque,aucun,XX,corpus_recherche,,false,moyenne,,https://github.com/reportsmishing/Smishing-Dataset-IMC25
Nos agents ont constaté que votre véhicule n'était pas muni de la vignette réglementaire Crit'Air 2023. Veuillez la récupérer sous peine de contravention dans les prochaines 04/12. Sur le <NOM>-joint :,arnaque,autre_arnaque,aucun,XX,corpus_recherche,,false,moyenne,,https://github.com/reportsmishing/Smishing-Dataset-IMC25
AMEL: Votre nouvelle carte Vitale est disponible - commandez-la dès maintenant! via: <URL>,arnaque,phishing_lien,aucun,FR,corpus_recherche,,false,moyenne,,https://github.com/reportsmishing/Smishing-Dataset-IMC25
Chronopost : Votre colis a été mis en attente car il ne respecte pas le poids indiqué Rendez-vous vite sur : <URL>,arnaque,phishing_lien,aucun,FR,corpus_recherche,,false,moyenne,,https://github.com/reportsmishing/Smishing-Dataset-IMC25
CRIT'Air : <NOM> agents ont constaté que vous n'étiez pas munis de la vignette réglementaire veuillez la récupérer via : <URL>,arnaque,phishing_lien,aucun,XX,corpus_recherche,,false,moyenne,,https://github.com/reportsmishing/Smishing-Dataset-IMC25
info ANTTAI : Vous avez une contravention impayée d'un montant de 35€ à ce jour. Consultez votre dossier d'infraction via : <URL>,arnaque,phishing_lien,aucun,FR,corpus_recherche,,false,moyenne,,https://github.com/reportsmishing/Smishing-Dataset-IMC25
AMENDES-GOUV: Dernier rappel avant majoration. Référence du dossier : . Consulter votre dossier d'infraction via : <URL>,arnaque,phishing_lien,aucun,XX,corpus_recherche,,false,moyenne,,https://github.com/reportsmishing/Smishing-Dataset-IMC25
CRIT'AIR: <NOM> agents ont constaté que vous n'étiez pas muni de la vignette réglementaire veuillez la récupérer via:,arnaque,autre_arnaque,aucun,FR,corpus_recherche,,false,moyenne,,https://github.com/reportsmishing/Smishing-Dataset-IMC25
Alerte SFR : Une e-sim a été commandée sur votre espace client. <NOM> s'agit pas de vous merci de vous rendre sur :,arnaque,usurpation_operateur,autre,FR,corpus_recherche,,false,moyenne,,https://github.com/reportsmishing/Smishing-Dataset-IMC25
Nos agents ont constaté que votre véhicule n'était pas muni de la vignette réglementaire Crit'Air 2023. Veuillez la récupérer sous peine de contravention dans les prochaines 18/06. Sur le <NOM>-joint :,arnaque,autre_arnaque,aucun,XX,corpus_recherche,,false,moyenne,,https://github.com/reportsmishing/Smishing-Dataset-IMC25
Nous avons essayé de livrer votre colis mais il n’y a aucun affranchissement. Suivez les instructions ici : <URL>,arnaque,phishing_lien,aucun,XX,corpus_recherche,,false,moyenne,,https://github.com/reportsmishing/Smishing-Dataset-IMC25
Boursorama : La synchronisation avec votre appareil de confiance est maintenant obligatoire. Veuillez effectuer les démarches nécessaires avant le 05/05. Rendez-vous sur : <URL>,arnaque,usurpation_operateur,banque,XX,corpus_recherche,,false,moyenne,,https://github.com/reportsmishing/Smishing-Dataset-IMC25
AMENDES.GOUV : Veuillez noter que vous avez une amende de stationnement impayée. Pour éviter toute majoration régularisez votre situation le plus rapidement possible en utilisant le lien ci-dessous :,arnaque,autre_arnaque,aucun,XX,corpus_recherche,,false,moyenne,,https://github.com/reportsmishing/Smishing-Dataset-IMC25
"Assurance Maladie : 03/12 relance ! Renouvellement obligatoire de votre ""Carte Vitale"" à effectuer via <URL> avant le 19/04 sous peine de ne plus etre couvert(e).",arnaque,phishing_lien,aucun,XX,corpus_recherche,,false,moyenne,,https://github.com/reportsmishing/Smishing-Dataset-IMC25
<NOM> a rencontré une erreur lors de sa livraison. Pour confirmer l'acheminement de celui-ci rendez-vous sur :,arnaque,phishing_lien,aucun,XX,corpus_recherche,,false,moyenne,,https://github.com/reportsmishing/Smishing-Dataset-IMC25
ANTAI: 18/12 relance pour le règlement de votre infraction d'un montant de 3500€ via :,arnaque,autre_arnaque,aucun,FR,corpus_recherche,,false,moyenne,,https://github.com/reportsmishing/Smishing-Dataset-IMC25
Nos agents ont constaté que votre véhicule n'était pas muni de la vignette règlementaire Crit'Air 2023. Veuillez la récupérer sous peine de contravention dans les prochaines 28/11. Sur le <NOM>-joint :,arnaque,autre_arnaque,aucun,XX,corpus_recherche,,false,moyenne,,https://github.com/reportsmishing/Smishing-Dataset-IMC25
<NOM> ANTai : Votre infraction en date du 27/03 pas réglée. Dossier référence <TEL>. Merci de régler la situation avant le 27 mars sous peine d'une majoration pouvant atteindre jusqu'à 135 euros. <NOM> mon dossier ANTai via : <URL>,arnaque,phishing_lien,aucun,FR,corpus_recherche,,false,moyenne,,https://github.com/reportsmishing/Smishing-Dataset-IMC25
Bpost : La livraison de votre colis est interrompu. <NOM> confirmer vos informations avant le 03/02 sur :,arnaque,phishing_lien,aucun,FR,corpus_recherche,,false,moyenne,,https://github.com/reportsmishing/Smishing-Dataset-IMC25
Votre dernière livraison à été interrompue. Elle est actuellement mise en attente au centre de tri de Chilly-Mazarin - 91380 Le colis qui vous a été envoyé ne respectait pas le poids indiqué des frais supplémentaires vous sont alors demandés afin de pouvoir acheminer correctement votre colis. Les frais s'élèvent à 0.48€ Pour les payer veuillez cliquer sur le bouton ci-dessous Une fois les frais payés votre colis sera acheminé le plus rapidement possible vers le lieu de livraison. Dans le cas ou ceux-ci ne sont pas réglés dans les prochaines 48 heures le colis sera retourné à l'expéditeur.,arnaque,phishing_lien,aucun,XX,corpus_recherche,,false,moyenne,,https://github.com/reportsmishing/Smishing-Dataset-IMC25
DHL : Votre colis est bloqué veuillez réglez les frais de douane afin de reprendre le cours de la livraison via :,arnaque,phishing_lien,aucun,FR,corpus_recherche,,false,moyenne,,https://github.com/reportsmishing/Smishing-Dataset-IMC25
Compte Amis : Après la dernière vérification de votre dossier d'assurance maladie nous vous invitons à remplir ce formulaire de mise à jour. Cliquez sur le <NOM>,arnaque,autre_arnaque,aucun,XX,corpus_recherche,,false,moyenne,,https://github.com/reportsmishing/Smishing-Dataset-IMC25
INFO ANTAI : Vous avez une contravention à payer. Afin d'éviter toute pénalité veuillez la régler via : <URL>,arnaque,phishing_lien,aucun,XX,corpus_recherche,,false,moyenne,,https://github.com/reportsmishing/Smishing-Dataset-IMC25
bpost Votre colis est en route suivez-le ici:,arnaque,phishing_lien,aucun,BE,corpus_recherche,,false,moyenne,,https://github.com/reportsmishing/Smishing-Dataset-IMC25
Impots Gouv : Votre compte fait l'objet d'une vérification. Veuillez vous authentifier pour réactiver l'accès à votre espace via :,arnaque,autre_arnaque,aucun,FR,corpus_recherche,,false,moyenne,,https://github.com/reportsmishing/Smishing-Dataset-IMC25
<NOM> ANTai : Vous avez un retard de paiement de 3500€. Dossier référence 20/01. <NOM> mon dossier d'infraction via : <URL>,arnaque,phishing_lien,aucun,FR,corpus_recherche,,false,moyenne,,https://github.com/reportsmishing/Smishing-Dataset-IMC25
Chronopost: votre colis est en attente d'instruction.Pour une livraison dès le 11/12 Rendez-vous sur : <URL>,arnaque,phishing_lien,aucun,XX,corpus_recherche,,false,moyenne,,https://github.com/reportsmishing/Smishing-Dataset-IMC25
NET-FLIX: Votre dernier paiement a été refusé. Vos services prendront fin automatiquement le 06/09. Rendez-vous vite sur :,arnaque,autre_arnaque,aucun,FR,corpus_recherche,,false,moyenne,,https://github.com/reportsmishing/Smishing-Dataset-IMC25
Attention! Une restitution fiscale de 56330 € est disponible dans notre portail et expire bient? <NOM>: <URL>,arnaque,phishing_lien,aucun,XX,corpus_recherche,,false,moyenne,,https://github.com/reportsmishing/Smishing-Dataset-IMC25
ANTAI: 26/04 relance pour le règlement de votre infraction d'un montant de 3500€ via :,arnaque,autre_arnaque,aucun,FR,corpus_recherche,,false,moyenne,,https://github.com/reportsmishing/Smishing-Dataset-IMC25
AIVIEL : 09/02 relance pour le renouvellement de votre carte vitale veuillez-vous réactualiser avant le 23/02 pour conserver vos droits. Nous vous prions de le remplir dans les plus brefs,arnaque,autre_arnaque,aucun,FR,corpus_recherche,,false,moyenne,,https://github.com/reportsmishing/Smishing-Dataset-IMC25
MMA **** : Pour la complétude de votre dossier merci de nous envoyer votre pièce d'identité ici : Cliquez ici,arnaque,autre_arnaque,aucun,XX,corpus_recherche,,false,moyenne,,https://github.com/reportsmishing/Smishing-Dataset-IMC25
<NOM> a été organisée pour la livraison veuillez vérifier. <URL>?<REF>,arnaque,phishing_lien,aucun,XX,corpus_recherche,,false,moyenne,,https://github.com/reportsmishing/Smishing-Dataset-IMC25
ANTAI: Dernier rappel avant majoration. Vous avez un retard de paiement de 35€ dossier référence 23/02. <NOM> mon dossier d’infraction via: <URL>,arnaque,phishing_lien,aucun,FR,corpus_recherche,,false,moyenne,,https://github.com/reportsmishing/Smishing-Dataset-IMC25
ANTAI: 10/01 relance pour le règlement de votre infraction d'un montant de 3500€ via : <URL>,arnaque,phishing_lien,aucun,XX,corpus_recherche,,false,moyenne,,https://github.com/reportsmishing/Smishing-Dataset-IMC25
<NOM> a été organisée pour la livraison veuillez vérifier. <URL>?,arnaque,phishing_lien,aucun,FR,corpus_recherche,,false,moyenne,,https://github.com/reportsmishing/Smishing-Dataset-IMC25
N E T F L I X : <NOM> dernier paiement a été refusé. Vos services prendront fin automatiquement le 15/10. Rendez-vous vite sur : <URL>,arnaque,phishing_lien,aucun,XX,corpus_recherche,,false,moyenne,,https://github.com/reportsmishing/Smishing-Dataset-IMC25
NETFLIX : Rejet de prélèvement veuillez confirmer vos informations de paiement sous 10/06 sera suspendu : <NOM>,arnaque,autre_arnaque,aucun,XX,corpus_recherche,,false,moyenne,,https://github.com/reportsmishing/Smishing-Dataset-IMC25
DERNIERE RELANCE AVANT POURSUITE JUDICIAIRE : Vous restez redevalbe de la somme de 31.27€. Veuillez vous acquitter de votre impayé via notre plateforme de télé-paiement sous 10/05 avant transmission de votre dossier en injonction de paiement auprès de la Banque de France :,arnaque,usurpation_operateur,banque,FR,corpus_recherche,,false,moyenne,,https://github.com/reportsmishing/Smishing-Dataset-IMC25
Nos agents ont constaté que votre véhicule n'était pas muni de la vignette réglementaire Crit'Air 2023. Veuillez la récupérer sous peine de contravention dans les prochaines 09/01. Sur le <NOM>-joint :,arnaque,autre_arnaque,aucun,FR,corpus_recherche,,false,moyenne,,https://github.com/reportsmishing/Smishing-Dataset-IMC25
Nos agents ont constaté que votre véhicule n'était pas muni de la vignette règlementaire Crit'Air 2023. Veuillez la récupérer sous peine de contravention dans les prochaines 28/03. Sur le <NOM>-joint :,arnaque,autre_arnaque,aucun,XX,corpus_recherche,,false,moyenne,,https://github.com/reportsmishing/Smishing-Dataset-IMC25
<NOM>: nous avons déterminé que vous recevrez un remboursement de 85099 €. Veuillez remplir votre formulaire de remboursement et confirmez via le <NOM>,arnaque,autre_arnaque,aucun,XX,corpus_recherche,,false,moyenne,,https://github.com/reportsmishing/Smishing-Dataset-IMC25
NETFLIX: Le dernier paiement de votre abonnement a été rejeté à mettre à jour impérativement avant le 09/07. Rendez-vous vite sur :,arnaque,autre_arnaque,aucun,FR,corpus_recherche,,false,moyenne,,https://github.com/reportsmishing/Smishing-Dataset-IMC25
Bonjour une message vocal concernant votre rendez-vous de demain (02/09) a été envoyé au Cliquez sur ce lien <URL> pour l'écouter et y répondre avant ce soir.,arnaque,phishing_lien,aucun,XX,corpus_recherche,,false,moyenne,,https://github.com/reportsmishing/Smishing-Dataset-IMC25
Info ANTAI : Vous avez un retard de paiement de 3500€ Dossier référence 27/09. <NOM> mon dossier d'infraction via :,arnaque,autre_arnaque,aucun,XX,corpus_recherche,,false,moyenne,,https://github.com/reportsmishing/Smishing-Dataset-IMC25
Chronopost : Votre colis <REF> est bien arrivé sur notre site de distribution des frais de douane sont appliqués : <URL>,arnaque,phishing_lien,aucun,XX,corpus_recherche,,false,moyenne,,https://github.com/reportsmishing/Smishing-Dataset-IMC25
Assurance Maladie : Expiration de votre carte vitale a mettre a jours imperativement. Demarche en ligne:,arnaque,autre_arnaque,aucun,XX,corpus_recherche,,false,moyenne,,https://github.com/reportsmishing/Smishing-Dataset-IMC25
Chronopost: votre colis est en attente d'instruction. Pour une livraison dès le 02/05 Rendez-vous sur : <URL>,arnaque,phishing_lien,aucun,XX,corpus_recherche,,false,moyenne,,https://github.com/reportsmishing/Smishing-Dataset-IMC25
AMENDES GOUV : Dernier rappel avant majoration. Vous avez un retard de paiement de 35€ dossier référence <REF>. <NOM> mon dossier d'infraction via: <URL>,arnaque,phishing_lien,aucun,XX,corpus_recherche,,false,moyenne,,https://github.com/reportsmishing/Smishing-Dataset-IMC25
<NOM> utilisateur ItsMe votre compte a été bloqué temporairement en raison d'une activité suspecte. <NOM> les étapes du 15/06 pour éviter un blocage définitif.,arnaque,autre_arnaque,aucun,XX,corpus_recherche,,false,moyenne,,https://github.com/reportsmishing/Smishing-Dataset-IMC25
<NOM> a été postée. Veuillez le récupérer à temps.,arnaque,phishing_lien,aucun,XX,corpus_recherche,,false,moyenne,,https://github.com/reportsmishing/Smishing-Dataset-IMC25
DESJARDINS ALERTES Nous avons mis une restriction sur votre compte pour des raisons de sécurité. Veuillez vous identifier afin de débloquer votre compte. Visitez: https:// <URL>ine/Verification,arnaque,usurpation_operateur,banque,XX,corpus_recherche,,false,moyenne,,https://github.com/reportsmishing/Smishing-Dataset-IMC25
ANTAI: Vous avez un retard de paiement d'une infraction routière dernier rappel avant majoration. <NOM> <REF>. <NOM> mon dossier d'infraction via: <URL>,arnaque,phishing_lien,aucun,FR,corpus_recherche,,false,moyenne,,https://github.com/reportsmishing/Smishing-Dataset-IMC25
Votre solde CPF 2022 est à jour (+500 Euros) Vérifiez et utilisez vos droits avant expiration : cutt[.]ly/vjz4er STOP PUB,arnaque,phishing_lien,aucun,XX,corpus_recherche,,false,moyenne,,https://github.com/reportsmishing/Smishing-Dataset-IMC25
<NOM> ANTAI : Votre infraction en date du 2 mars est toujours en attente de règlement. Dossier référence 02/11. Merci de régler la situation avant le 6 04/03 sous peine d'une majoration pouvant atteindre jusqu'à 135 euros. Consulter votre dossier ANTAI via : <URL>,arnaque,phishing_lien,aucun,FR,corpus_recherche,,false,moyenne,,https://github.com/reportsmishing/Smishing-Dataset-IMC25
Nos agents ont constaté que votre véhicule n'était pas muni de la vignette réglementaire Crit'Air 2023. Veuillez la récupérer sous peine de contravention dans les prochaines 27/10. Sur le <NOM>-joint :,arnaque,autre_arnaque,aucun,XX,corpus_recherche,,false,moyenne,,https://github.com/reportsmishing/Smishing-Dataset-IMC25
Nos agents ont constaté que votre véhicule n'était pas muni de la vignette réglementaire Crit'Air 2023. Veuillez la récupérer sous peine de contravention dans les prochaines 13/09.,arnaque,autre_arnaque,aucun,XX,corpus_recherche,,false,moyenne,,https://github.com/reportsmishing/Smishing-Dataset-IMC25
Spuerkeess : Votre compte a ete temporairement bloque pour des raisons de securite. <NOM> suivant : <URL>,arnaque,usurpation_operateur,banque,XX,corpus_recherche,,false,moyenne,,https://github.com/reportsmishing/Smishing-Dataset-IMC25
Assurance Maladie: Expiration de votre carte <NOM>. Rendez-vous sur : <URL>,arnaque,phishing_lien,aucun,XX,corpus_recherche,,false,moyenne,,https://github.com/reportsmishing/Smishing-Dataset-IMC25
contravention a regler aux plus vite stationnement abusif et gênant par le conducteur du véhicule Bonjour Nous avons trouvé une contravention rattachée à votre dossier. Le montant de la contravention s'élève à 35€,arnaque,autre_arnaque,aucun,XX,corpus_recherche,,false,moyenne,,https://github.com/reportsmishing/Smishing-Dataset-IMC25
Info ANTAI : Vous avez un retard de paiement de 3500€. Dossier référence 01/03. <NOM> mon dossier d'infraction via : <NOM>,arnaque,autre_arnaque,aucun,FR,corpus_recherche,,false,moyenne,,https://github.com/reportsmishing/Smishing-Dataset-IMC25
AMENDE: vous avez un retard de paiement de 3500€. Rdv sur: <URL>,arnaque,phishing_lien,aucun,XX,corpus_recherche,,false,moyenne,,https://github.com/reportsmishing/Smishing-Dataset-IMC25
AMENDES <NOM>: Dernier rappel avant majoration. Référence du dossier : <TEL>. Consulter votre dossier d'infraction via : <URL>,arnaque,phishing_lien,aucun,XX,corpus_recherche,,false,moyenne,,https://github.com/reportsmishing/Smishing-Dataset-IMC25
Netflix : Votre adhésion a été interrompue veuillez vous connecter afin de mettre à jour vos informations via : http://,arnaque,autre_arnaque,aucun,XX,corpus_recherche,,false,moyenne,,https://github.com/reportsmishing/Smishing-Dataset-IMC25
"Vous avez reçu 400.00 euros avec Paylib : "" REMBOURSEMENT CAF "". Récupérez votre argent sous 05/11 <URL>",arnaque,usurpation_operateur,banque,FR,corpus_recherche,,false,moyenne,,https://github.com/reportsmishing/Smishing-Dataset-IMC25
Info ANTAI : Vous avez un retard de paiement de 3500€ Dossier référence 03/12. <NOM> mon dossier d'infraction via :,arnaque,autre_arnaque,aucun,FR,corpus_recherche,,false,moyenne,,https://github.com/reportsmishing/Smishing-Dataset-IMC25
Info ANTAI: Vous avez un retard de paiement de 3500e dossier référence 28/11 <NOM> mon dossier d'infraction via : <URL> Avant le : 11/05,arnaque,phishing_lien,aucun,FR,corpus_recherche,,false,moyenne,,https://github.com/reportsmishing/Smishing-Dataset-IMC25
Votre compte CIH BANK a été bloqué veuillez mettre à jour vos informations dans la prochaine 18/01 :,arnaque,usurpation_operateur,banque,XX,corpus_recherche,,false,moyenne,,https://github.com/reportsmishing/Smishing-Dataset-IMC25
DERNIERE RELANCE AVANT POURSITE JUDICIAIRE : Vous avez un retard paiement de 3500€. Dossier référence <TEL>. <NOM> mon dossier d'infraction via :,arnaque,autre_arnaque,aucun,FR,corpus_recherche,,false,moyenne,,https://github.com/reportsmishing/Smishing-Dataset-IMC25
Info ANTAI : Vous avez un retard de paiement de 3500€ Dossier référence 03/06. <NOM> mon dossier d'infraction via :,arnaque,autre_arnaque,aucun,FR,corpus_recherche,,false,moyenne,,https://github.com/reportsmishing/Smishing-Dataset-IMC25
Assurance Maladie : Expiration de votre carte vitale à mettre à jour impérativement. <NOM> <URL>,arnaque,phishing_lien,aucun,XX,corpus_recherche,,false,moyenne,,https://github.com/reportsmishing/Smishing-Dataset-IMC25
Assurance maladie : votre carte <NOM> à expiration veuillez remplir le formulaire de renouvellement sous 28/09,arnaque,autre_arnaque,aucun,XX,corpus_recherche,,false,moyenne,,https://github.com/reportsmishing/Smishing-Dataset-IMC25
AMENDES-GOUV: Dernier rappel avant majoration. Référence du dossier : <TEL>. Consulter votre dossier d'infraction via : <URL>,arnaque,phishing_lien,aucun,XX,corpus_recherche,,false,moyenne,,https://github.com/reportsmishing/Smishing-Dataset-IMC25
<NOM> d'activer au plus vite les Aides de l'Etat concernant votre maison afin de Réduire votre facture Energie de 80%:,arnaque,autre_arnaque,aucun,FR,corpus_recherche,,false,moyenne,,https://github.com/reportsmishing/Smishing-Dataset-IMC25
Chronopost : Votre colis a rencontré une erreur lors de sa livraison. Pour confirmer l'acheminement de celui-ci rendez-vous sur : <URL>,arnaque,phishing_lien,aucun,XX,corpus_recherche,,false,moyenne,,https://github.com/reportsmishing/Smishing-Dataset-IMC25
INFO ANTAI: Vous avez une contravention à payer. Afin d'éviter toute pénalité veuillez la régler via: <URL> AMENDE GOUV: <NOM> agents ont trouvé des contraventions rattachées à votre dossier. Veuillez consulter vos détails de contravention via: <URL>,arnaque,phishing_lien,aucun,XX,corpus_recherche,,false,moyenne,,https://github.com/reportsmishing/Smishing-Dataset-IMC25
AMELI: Votre nouvelle carte vitale est disponible faites votre demande via :,arnaque,autre_arnaque,aucun,XX,corpus_recherche,,false,moyenne,,https://github.com/reportsmishing/Smishing-Dataset-IMC25
Chronopost : La livraison de votre colis a été suspendue à cause de frais supplémentaires suivez les instructions : <URL>,arnaque,phishing_lien,aucun,FR,corpus_recherche,,false,moyenne,,https://github.com/reportsmishing/Smishing-Dataset-IMC25
Bouygues: Le renouvellement automatique de votre prochaine facture a échoué. Veuillez régulariser votre situation via : <URL>,arnaque,usurpation_operateur,autre,XX,corpus_recherche,,false,moyenne,,https://github.com/reportsmishing/Smishing-Dataset-IMC25
NETFLIX:Le dernier paiement de votre compte a été rejetéà mettre à jour impérativement avant le 27/10. Rendez-vous sur: <URL>,arnaque,phishing_lien,aucun,FR,corpus_recherche,,false,moyenne,,https://github.com/reportsmishing/Smishing-Dataset-IMC25
AMENDE GOUV : Dernier rappel avant majoration. <NOM>. <NOM> mon dossier d’infraction via : <URL>,arnaque,phishing_lien,aucun,XX,corpus_recherche,,false,moyenne,,https://github.com/reportsmishing/Smishing-Dataset-IMC25
INFO ANTAI: Vous avez une contravention à payer. Afin d'éviter toute pénalité veuillez la régler via: <URL>. AMENDE GOUV - Nos agents ont trouvés une contravention rattachée à votre dossier. Veuillez consulter les détails de la contravention via : <URL>,arnaque,phishing_lien,aucun,XX,corpus_recherche,,false,moyenne,,https://github.com/reportsmishing/Smishing-Dataset-IMC25
Info ANTAI : Vous avez un retard de paiement de 3500€ dossier référence 02/02. <NOM> mon dossier d'infraction via : <URL>,arnaque,phishing_lien,aucun,XX,corpus_recherche,,false,moyenne,,https://github.com/reportsmishing/Smishing-Dataset-IMC25
INFO ANTAI: Vous avez une contravention à payer. Afin d'éviter toute pénalité veillez la régler via: AMENDE GOUV - nos agents ont trouvés une contravention rattachée à votre dossier. Veuillez consulter les détails de la contravention via : <URL>,arnaque,phishing_lien,aucun,XX,corpus_recherche,,false,moyenne,,https://github.com/reportsmishing/Smishing-Dataset-IMC25
DERNIERE RELANCE AVANT POURSUITE JUDICIAIRE : Vous restez redevalbe de la somme de 29.90€. Veuillez vous acquitter de votre impayé via notre plateforme de télé-paiement sous 23/11 avant transmission de votre dossier en injonction de paiement auprès de la Banque de France :,arnaque,usurpation_operateur,banque,FR,corpus_recherche,,false,moyenne,,https://github.com/reportsmishing/Smishing-Dataset-IMC25
Bpost : La livraison de votre colis prévue demain matin 25/12 entre 8h30 et 12h30 n'est pas possible. Rendez-vous sur <URL> pour plus d'informations.,arnaque,phishing_lien,aucun,FR,corpus_recherche,,false,moyenne,,https://github.com/reportsmishing/Smishing-Dataset-IMC25
Netflix : Nous vous informons que votre dernier paiement a été refusé. Veuillez mettre a jour vos informations ci-dessous. <URL>,arnaque,phishing_lien,aucun,XX,corpus_recherche,,false,moyenne,,https://github.com/reportsmishing/Smishing-Dataset-IMC25
INFO ANTAI: Vous avez une contravention à payer. Afin d'éviter toute pénalités veuillez a régler via : <URL>,arnaque,phishing_lien,aucun,FR,corpus_recherche,,false,moyenne,,https://github.com/reportsmishing/Smishing-Dataset-IMC25
<NOM>. <NOM> payez <NOM> 24 heures vos colis seront retournés à l'expéditeur.,arnaque,phishing_lien,aucun,XX,corpus_recherche,,false,moyenne,,https://github.com/reportsmishing/Smishing-Dataset-IMC25
Nos agents ont constaté que votre véhicule n'était pas muni de la vignette réglementaire Crit'Air 2023. Veuillez la récupérer sous peine de contravention dans les prochaines 16/01. Sur le <NOM>-joint :,arnaque,autre_arnaque,aucun,XX,corpus_recherche,,false,moyenne,,https://github.com/reportsmishing/Smishing-Dataset-IMC25
Netflix : Votre dernier paiement a était rejeter veuillez remettre vos informations et de le régulariser : <URL>,arnaque,phishing_lien,aucun,XX,corpus_recherche,,false,moyenne,,https://github.com/reportsmishing/Smishing-Dataset-IMC25
Chronopost : Votre colis rencontre un problème d'acheminement. Veuillez actualiser vos informations de livraison : <URL>,arnaque,phishing_lien,aucun,XX,corpus_recherche,,false,moyenne,,https://github.com/reportsmishing/Smishing-Dataset-IMC25
NET-FLIX: Votre dernier paiement a été refusé veuillez confirmer vos informations de paiement ou votre compte sera suspendu:,arnaque,autre_arnaque,aucun,FR,corpus_recherche,,false,moyenne,,https://github.com/reportsmishing/Smishing-Dataset-IMC25
ANTAI: Dernier rappel avant majoration. Vous avez un retard de paiement de 35€ dossier référence 26/02. <NOM> mon dossier d’infraction via: <URL>.,arnaque,phishing_lien,aucun,FR,corpus_recherche,,false,moyenne,,https://github.com/reportsmishing/Smishing-Dataset-IMC25
INFO <NOM>: Dernier rappel Vous avez une contravention impayée de 35.00€. consulter votre dossier <REF> via <URL>,arnaque,phishing_lien,aucun,FR,corpus_recherche,,false,moyenne,,https://github.com/reportsmishing/Smishing-Dataset-IMC25
ANTAI: Vous avez un retard de paiement ...,arnaque,autre_arnaque,aucun,XX,corpus_recherche,,false,moyenne,,https://github.com/reportsmishing/Smishing-Dataset-IMC25
ANTAI: 26/02 relance pour règlement de votre infraction d'un montant de 3500€.Consulter via: https://,arnaque,autre_arnaque,aucun,FR,corpus_recherche,,false,moyenne,,https://github.com/reportsmishing/Smishing-Dataset-IMC25
<NOM> ANTAI : Votre infraction en date du 07/02 pas réglée. Dossier référence <TEL>. Merci de régler la situation avant le 19 mars sous peine d'une majoration pouvant atteindre jusqu'à 135 euros. <NOM> mon dossier ANTAI via : <URL>,arnaque,phishing_lien,aucun,FR,corpus_recherche,,false,moyenne,,https://github.com/reportsmishing/Smishing-Dataset-IMC25
Bpost : Votre colis est bloqué veuillez réglez les frais de douane afin de reprendre le cours de la livraison via : <URL>,arnaque,phishing_lien,aucun,FR,corpus_recherche,,false,moyenne,,https://github.com/reportsmishing/Smishing-Dataset-IMC25
Madame <NOM> BOIS ou au FIOUL vous pouvez demander votre CHEQUE ENERGIE sur <URL>,arnaque,phishing_lien,aucun,XX,corpus_recherche,,false,moyenne,,https://github.com/reportsmishing/Smishing-Dataset-IMC25
Nos agents ont constaté que votre véhicule n'était pas muni de la vignette réglementaire Crit'Air 2023. Veuillez la récupérer sous peine de contravention dans les prochaines 16/03. Sur le <NOM>-joint :,arnaque,autre_arnaque,aucun,FR,corpus_recherche,,false,moyenne,,https://github.com/reportsmishing/Smishing-Dataset-IMC25
Boursorama: Veuillez mettre à jour vos informations personnelles pour synchroniser votre compte bancaire via ce lien : <URL>,arnaque,usurpation_operateur,banque,XX,corpus_recherche,,false,moyenne,,https://github.com/reportsmishing/Smishing-Dataset-IMC25
Chronopost : Votre colis a rencontré une erreur lors de sa livraison . Pour confirmer l'acheminement de celui-ci rendez-vous sur :,arnaque,phishing_lien,aucun,XX,corpus_recherche,,false,moyenne,,https://github.com/reportsmishing/Smishing-Dataset-IMC25
Chronopost : Votre colis a un problème d'acheminement veuillez mettre à jour la livraison sur notre site :,arnaque,phishing_lien,aucun,FR,corpus_recherche,,false,moyenne,,https://github.com/reportsmishing/Smishing-Dataset-IMC25
Info ANTAI : Vous avez un retard de paiement de 6800e dossier référence 25/07. <NOM> mon dossier d'infraction via : <URL>,arnaque,phishing_lien,aucun,XX,corpus_recherche,,false,moyenne,,https://github.com/reportsmishing/Smishing-Dataset-IMC25
Info ANTAI : Vous avez un retard de paiement de 3500€ Dossier référence 25/10. <NOM> mon dossier d'infraction via :,arnaque,autre_arnaque,aucun,FR,corpus_recherche,,false,moyenne,,https://github.com/reportsmishing/Smishing-Dataset-IMC25
Assurance maladie : <NOM> carte vitale arrive à expiration veuillez remplir le formulaire de renouvellement sous 09/12 via :,arnaque,autre_arnaque,aucun,XX,corpus_recherche,,false,moyenne,,https://github.com/reportsmishing/Smishing-Dataset-IMC25
Suite à la panne d’électricité du au verglas mercredi dernier le 5 avril 2023 vous recevrez un crédité de 80$ sur votre carte de crédit . Afin de pouvoir réclamer ce qui vous ai dû veuillez cliquer sur le lien suivant : vo[.]la/k2zhdf :,arnaque,phishing_lien,aucun,XX,corpus_recherche,,false,moyenne,,https://github.com/reportsmishing/Smishing-Dataset-IMC25
Votre transaction de €237.50 a bien ete effectuée. <NOM> transaction contactez le <TEL>,arnaque,usurpation_operateur,banque,FR,corpus_recherche,,false,moyenne,,https://github.com/reportsmishing/Smishing-Dataset-IMC25
AMEL : Votre nouvelle carte Viale est disponible - commandez-la dès maintenant !,arnaque,autre_arnaque,aucun,FR,corpus_recherche,2023-10,false,moyenne,,https://github.com/reportsmishing/Smishing-Dataset-IMC25
[SÉCURITÉ SOCIALE]: après les derniers calculs <NOM>€ cliquant ici:,arnaque,autre_arnaque,aucun,XX,corpus_recherche,,false,moyenne,,https://github.com/reportsmishing/Smishing-Dataset-IMC25
Nos agents ont constaté que votre véhicule n'était pas muni de la vignette réglementaire Crit'Air 2023. Veuillez la récupérer sous peine de contravention dans les prochaines 17/04. Sur le <NOM>-joint :,arnaque,autre_arnaque,aucun,XX,corpus_recherche,,false,moyenne,,https://github.com/reportsmishing/Smishing-Dataset-IMC25
ANTAI : Vous avez un retard de paiement de 3500€ dossier référence 10/08. <NOM> mon dossier infraction via :,arnaque,autre_arnaque,aucun,XX,corpus_recherche,,false,moyenne,,https://github.com/reportsmishing/Smishing-Dataset-IMC25
Chronopost : Votre colis rencontre un problème d'acheminement veuillez mettre à jour la livraison sur : <URL>,arnaque,phishing_lien,aucun,XX,corpus_recherche,,false,moyenne,,https://github.com/reportsmishing/Smishing-Dataset-IMC25
Chronopost : Votre colis à rencontré un problème d'acheminement veuillez mettre à jour la livraison sur notre site.,arnaque,phishing_lien,aucun,XX,corpus_recherche,,false,moyenne,,https://github.com/reportsmishing/Smishing-Dataset-IMC25
Nos agents ont constaté que votre véhicule n'était pas muni de la vignette réglementaire Crit'Air 2023. Veuillez la récupérer sous peine de contravention dans les prochaines 14/12. Sur le <NOM>-joint :,arnaque,autre_arnaque,aucun,XX,corpus_recherche,,false,moyenne,,https://github.com/reportsmishing/Smishing-Dataset-IMC25
"Vous avez reçu 400.00 euros avec Paylib : "" REMBOURSEMENT CAF "". Récupérez votre argent sous 07/02 <URL>",arnaque,usurpation_operateur,banque,FR,corpus_recherche,,false,moyenne,,https://github.com/reportsmishing/Smishing-Dataset-IMC25
SOCIETE GENERALE : Votre pass sécurité a été désactivé pour des mesures de sécurité. Réactivez le sous 24heures :,arnaque,usurpation_operateur,banque,FR,corpus_recherche,,false,moyenne,,https://github.com/reportsmishing/Smishing-Dataset-IMC25
Avis important vous avez 48 heures pour répondre au gestionnaire de votre compte: <URL>,arnaque,usurpation_operateur,banque,XX,corpus_recherche,,false,moyenne,,https://github.com/reportsmishing/Smishing-Dataset-IMC25
Crédit Agricole : Veuillez autoriser Securi-Pass sur votre application ma banque pour terminer l'opération de sécurité :,arnaque,usurpation_operateur,banque,XX,corpus_recherche,,false,moyenne,,https://github.com/reportsmishing/Smishing-Dataset-IMC25
votre colis rencontre un problème d'acheminement veuillez actualiser vos informatio...,arnaque,phishing_lien,aucun,XX,corpus_recherche,,false,moyenne,,https://github.com/reportsmishing/Smishing-Dataset-IMC25
Madame <NOM> BOIS vous pouvez demander votre CHEQUE ENERGI...,arnaque,autre_arnaque,aucun,XX,corpus_recherche,,false,moyenne,,https://github.com/reportsmishing/Smishing-Dataset-IMC25
Un problème est survenu lors de la livraison de votre colis....,arnaque,phishing_lien,aucun,XX,corpus_recherche,,false,moyenne,,https://github.com/reportsmishing/Smishing-Dataset-IMC25
Un retard de paiement de 3500 € a été identifié <NOM>...,arnaque,autre_arnaque,aucun,XX,corpus_recherche,,false,moyenne,,https://github.com/reportsmishing/Smishing-Dataset-IMC25
Votre dernière livraison à été interrompue. <NOM> actuellement mis en attente au centre de tri de Brest (29200) Le colis qui vous a été envoyé ne respectait pas le poids indiqué des frais supplémentaires vous sont alors demandés afin de pouvoir acheminer correctement votre colis. Les frais s'élèvent à 0.48€ Pour les payer veuillez cliquer sur le bouton ci-dessous Une fois les frais payés votre colis sera acheminé le plus rapidement possible vers le lieu de livraison. Dans le cas ou ceux-ci ne sont pas réglés dans les prochaines 48 heures le colis sera retourné à l'expéditeur.,arnaque,phishing_lien,aucun,XX,corpus_recherche,,false,moyenne,,https://github.com/reportsmishing/Smishing-Dataset-IMC25
Madame <NOM> BOIS ou au FIOUL vous pouvez demander votre CHEQUE ENERGIE sur hxxps://cheque <URL>,arnaque,phishing_lien,aucun,XX,corpus_recherche,,false,moyenne,,https://github.com/reportsmishing/Smishing-Dataset-IMC25
"Pour des raisons de sécurités, votre compte BMO est temporairement suspendu. Veuillez verifier vos informations : <URL>",arnaque,usurpation_operateur,banque,CA,corpus_recherche,,false,moyenne,,https://github.com/reportsmishing/Smishing-Dataset-IMC25
"Services <NOM>. Vos services ont été momentanément suspendus. <NOM> au plus tot, Visitez le : <URL>",arnaque,usurpation_operateur,banque,CA,corpus_recherche,,false,moyenne,,https://github.com/reportsmishing/Smishing-Dataset-IMC25
Avis important de la BNC: Visitez-le <URL>,arnaque,usurpation_operateur,banque,XX,corpus_recherche,,false,moyenne,,https://github.com/reportsmishing/Smishing-Dataset-IMC25
Le département technique de Société Générale procède à une mise à jour de logiciel programmée de façon à améliorer la qualité des services bancaires. Nous vous demandons avec bienveillance de cliquer sur le <NOM>.,arnaque,usurpation_operateur,banque,XX,corpus_recherche,,false,moyenne,,https://github.com/reportsmishing/Smishing-Dataset-IMC25
"Votre remboursement de 754.89 EUR est disponible, rendez-vous maintenant sur:",arnaque,usurpation_operateur,banque,XX,corpus_recherche,,false,moyenne,,https://github.com/reportsmishing/Smishing-Dataset-IMC25
Votre remboursement de 750.33 EUR est disponible rendez-vous maintenant sur: bit[.]ly/73ivry,arnaque,usurpation_operateur,banque,XX,corpus_recherche,,false,moyenne,,https://github.com/reportsmishing/Smishing-Dataset-IMC25
La Banque Postale Mettre a jour votre compte ici <URL>.<REF> <URL>,arnaque,usurpation_operateur,banque,XX,corpus_recherche,,false,moyenne,,https://github.com/reportsmishing/Smishing-Dataset-IMC25
Votre compte paypal est suspendu. Veuillez vérifier ici: <URL>,arnaque,usurpation_operateur,banque,XX,corpus_recherche,,false,moyenne,,https://github.com/reportsmishing/Smishing-Dataset-IMC25
"Suite à une récente mis à jour AccèsD, <NOM>, or il restera suspendu: <URL>",arnaque,usurpation_operateur,banque,CA,corpus_recherche,,false,moyenne,,https://github.com/reportsmishing/Smishing-Dataset-IMC25
"Pour des raison de sécurité, nous avons suspendu votre compte Nickel. Veuillez compléter la procédure suivante pour confirmer vos informations personnelles :",arnaque,usurpation_operateur,banque,XX,corpus_recherche,,false,moyenne,,https://github.com/reportsmishing/Smishing-Dataset-IMC25
La Banque Postale Mettre a jour votre compte ici ww <URL>.<REF> <URL>,arnaque,usurpation_operateur,banque,XX,corpus_recherche,,false,moyenne,,https://github.com/reportsmishing/Smishing-Dataset-IMC25
"Votre facture est DEBITEE deux fois, nous vous prions de remplir le formulaire de remboursement: <URL>",arnaque,usurpation_operateur,banque,XX,corpus_recherche,,false,moyenne,,https://github.com/reportsmishing/Smishing-Dataset-IMC25
Les Caisses Desjardins : Votre compte est suspendu suite a une transaction récente Veuillez vérifier votre identité ici :,arnaque,usurpation_operateur,banque,XX,corpus_recherche,,false,moyenne,,https://github.com/reportsmishing/Smishing-Dataset-IMC25
"ALERTE, Pour Authentifier votre paiement de 899.98 euros veuillez saisir le code <REF> si vous n'avez pas effectue ce paiement appelez le <TEL> #HQy55 BONJOUR, Pour Authentifier votre paiement de 899.98 euros veuillez saisir le code <REF> si vous n'avez pas effectue ce paiement appelez le <TEL> #MSGr96",arnaque,usurpation_operateur,banque,XX,corpus_recherche,,false,moyenne,,https://github.com/reportsmishing/Smishing-Dataset-IMC25
Votre compte paypal est inactif réactiver-le et télécharger à nouveau,arnaque,usurpation_operateur,banque,XX,corpus_recherche,,false,moyenne,,https://github.com/reportsmishing/Smishing-Dataset-IMC25
<NOM>: Vous devez réactiver votre Certicode Plus sur <URL> pour éviter la suspension de votre compte,arnaque,usurpation_operateur,banque,FR,corpus_recherche,,false,moyenne,,https://github.com/reportsmishing/Smishing-Dataset-IMC25
"<NOM>, Votre compte Société Générale est temporairement verrouillé, veuillez le réactiver via le <NOM>",arnaque,usurpation_operateur,banque,FR,corpus_recherche,,false,moyenne,,https://github.com/reportsmishing/Smishing-Dataset-IMC25
Société Générale : Notre système a détecté que votre pass sécurité n'est pas vérifié. Ceci est un dernier rappel vous invitant à vous rendre sur le lien ci-dessous ;,arnaque,usurpation_operateur,banque,FR,corpus_recherche,,false,moyenne,,https://github.com/reportsmishing/Smishing-Dataset-IMC25
"<NOM>, Vous avez un nouveau message important. Une nouvelle mise à jour pour votre Compte Nickel. Pour plus d'information, rendez-vous sur : bit[.]ly/mk5cw9 STOP 36105",arnaque,usurpation_operateur,banque,XX,corpus_recherche,,false,moyenne,,https://github.com/reportsmishing/Smishing-Dataset-IMC25
SOCIALE GÉNÉRALE INFO: Votre compte à été verrouillé pour des questions sécurité. Veuillez débloquer vos accès ici:,arnaque,usurpation_operateur,banque,XX,corpus_recherche,,false,moyenne,,https://github.com/reportsmishing/Smishing-Dataset-IMC25
Votre compte PayPal est suspendu. Réactivez-le ici: <URL>stom,arnaque,usurpation_operateur,banque,XX,corpus_recherche,,false,moyenne,,https://github.com/reportsmishing/Smishing-Dataset-IMC25
"Nous avons reçu une demande d'activation d'un nouveau passe de securite, veuillez approuver ou annuler cette demande via <URL>",arnaque,usurpation_operateur,banque,XX,corpus_recherche,,false,moyenne,,https://github.com/reportsmishing/Smishing-Dataset-IMC25
Des prélèvement mensuels effectués sur votre compte vous etes éligible a un acquittement de 49.59EUR rendez-vous sur <URL> STOP au 36976,arnaque,usurpation_operateur,banque,XX,corpus_recherche,,false,moyenne,,https://github.com/reportsmishing/Smishing-Dataset-IMC25
Crédit Agricole Votre Compte a été bloqué par notre service. Débloquer votre compte en vous (Re)enregistrant à SecuriPass sur,arnaque,usurpation_operateur,banque,XX,corpus_recherche,,false,moyenne,,https://github.com/reportsmishing/Smishing-Dataset-IMC25
Lors des prélèvements mensuels effectués sur votre compte vous etes eligible à un acquittement de 49.59EUR rendez-vous sur,arnaque,usurpation_operateur,banque,XX,corpus_recherche,,false,moyenne,,https://github.com/reportsmishing/Smishing-Dataset-IMC25
"<URL>: Suite a une mise a jour de notre systeme, nous vous demandons d'actualiser vos coordonnes personnelles afin de securiser tout acces a votre compte: <URL>",arnaque,usurpation_operateur,banque,XX,corpus_recherche,,false,moyenne,,https://github.com/reportsmishing/Smishing-Dataset-IMC25
Important : merci de confirmer votre remboursement en cliquant sur le lien suivant : <NOM>: <URL> STOP 36034,arnaque,usurpation_operateur,banque,XX,corpus_recherche,,false,moyenne,,https://github.com/reportsmishing/Smishing-Dataset-IMC25
ING: Nous avons placé votre compte dans la «zone de quarantaine». Vous devez confirmer votre compte ING avant le 26/12 pour éviter le blocage: <URL>,arnaque,usurpation_operateur,banque,XX,corpus_recherche,,false,moyenne,,https://github.com/reportsmishing/Smishing-Dataset-IMC25
Notification la banque postale : https://,arnaque,usurpation_operateur,banque,XX,corpus_recherche,,false,moyenne,,https://github.com/reportsmishing/Smishing-Dataset-IMC25
SOCIETE GENERALE INFO: Votre compte à été verrouillé pour des questions sécurité. Veuillez débloquer vos accès ici: <URL>,arnaque,usurpation_operateur,banque,XX,corpus_recherche,,false,moyenne,,https://github.com/reportsmishing/Smishing-Dataset-IMC25
"<NOM>, on attend votre dispositions du nouveau Pass Sécurité pour l'activer sur votre compte societe generale: <URL>",arnaque,usurpation_operateur,banque,XX,corpus_recherche,,false,moyenne,,https://github.com/reportsmishing/Smishing-Dataset-IMC25
Vous avez un <NOM>. Pour le consulter <NOM>,arnaque,usurpation_operateur,banque,XX,corpus_recherche,,false,moyenne,,https://github.com/reportsmishing/Smishing-Dataset-IMC25
info ING: [BLOQUAGE TEMPORAIRE] Notification importante disponible sur votre espace Home'Bank. Connectez-vous pour en savoir plus,arnaque,usurpation_operateur,banque,XX,corpus_recherche,,false,moyenne,,https://github.com/reportsmishing/Smishing-Dataset-IMC25
"PayPal : Suspension temporaire de votre compte, <NOM> 08/12: bit[.]ly/pxt56z",arnaque,usurpation_operateur,banque,XX,corpus_recherche,,false,moyenne,,https://github.com/reportsmishing/Smishing-Dataset-IMC25
info ING:[BLOQUAGE TEMPORAIRE] Notification importante disponible sur votre espace Home'Bank. Connectez-vous pour en savoir plus,arnaque,usurpation_operateur,banque,XX,corpus_recherche,,false,moyenne,,https://github.com/reportsmishing/Smishing-Dataset-IMC25
PayPal : votre compte est restreint suite aux nouvelles lois concernant l'authentification forte. Pour le réactiver suivez les instructions sur : <URL>,arnaque,usurpation_operateur,banque,XX,corpus_recherche,,false,moyenne,,https://github.com/reportsmishing/Smishing-Dataset-IMC25
<NOM> ING [COMPTE BLOQUÉ]: Pour continuer à bénéficier de votre espace Home'Bank connectez-vous immédiatement ici,arnaque,usurpation_operateur,banque,XX,corpus_recherche,,false,moyenne,,https://github.com/reportsmishing/Smishing-Dataset-IMC25
"PayPal: <NOM> sous les prochaines 48h, dans le cas échéant votre compte PayPal sera clôturé et vous serez également facturé de 29,99€. <NOM> :",arnaque,usurpation_operateur,banque,XX,corpus_recherche,,false,moyenne,,https://github.com/reportsmishing/Smishing-Dataset-IMC25
"Info PayPal, Une tentative de connexion frauduleuse a eu lieu sur votre compte ! Si il ne s'agit pas de vous, <NOM> Cordialement le service de sécurité PayPal.",arnaque,usurpation_operateur,banque,XX,corpus_recherche,,false,moyenne,,https://github.com/reportsmishing/Smishing-Dataset-IMC25
<NOM> Client Votre compte est restreint vous devez confirmer votre identite avant que votre compte soit cloture : <URL> paypal Securite.,arnaque,usurpation_operateur,banque,XX,corpus_recherche,,false,moyenne,,https://github.com/reportsmishing/Smishing-Dataset-IMC25
Votre Budget CPF (compte personnel de formation) vient d'etre augmenté! Consultez votre solde et réclamez votre formation 100% financée <URL>.,arnaque,usurpation_operateur,banque,XX,corpus_recherche,,false,moyenne,,https://github.com/reportsmishing/Smishing-Dataset-IMC25
"Info PayPal, Une tentative de connexion frauduleuse a eu lieu sur votre compte. Si il ne s'agit pas de vous, <NOM>",arnaque,usurpation_operateur,banque,XX,corpus_recherche,,false,moyenne,,https://github.com/reportsmishing/Smishing-Dataset-IMC25
"Une tentative de connexion suspecte a ete detectee sur votre compte PayPal, connectez vous pour securiser vos informations :",arnaque,usurpation_operateur,banque,XX,corpus_recherche,,false,moyenne,,https://github.com/reportsmishing/Smishing-Dataset-IMC25
"Info PayPal, Une tentative de connexion frauduleuse a eu lieu sur votre compte. Si il ne s'agit pas de vous, <NOM> : hxxps://paypalsécurité<URL>",arnaque,usurpation_operateur,banque,XX,corpus_recherche,,false,moyenne,,https://github.com/reportsmishing/Smishing-Dataset-IMC25
"Compte A-meli : nous avons déterminé que vous recevrez un remboursement de 850,99 €. Veuillez remplir votre formulaire de remboursement et confirmez-le via le <NOM> bit[.]ly/dpy8db",arnaque,usurpation_operateur,banque,XX,corpus_recherche,,false,moyenne,,https://github.com/reportsmishing/Smishing-Dataset-IMC25
Votre compte est suspendu veuillez confirmer vos données sinon un débit de 14.99€ vous sera débité. <NOM>: bit[.]ly/hh3sjb,arnaque,usurpation_operateur,banque,XX,corpus_recherche,,false,moyenne,,https://github.com/reportsmishing/Smishing-Dataset-IMC25
"[BELFIUS] Uw Belfius Mobile contract is vervallen, verleng via: - Votre contrat Belfius Mobile a expiré, renouvelez ici:",arnaque,usurpation_operateur,banque,BE,corpus_recherche,,false,moyenne,,https://github.com/reportsmishing/Smishing-Dataset-IMC25
"PayPal : Veuillez confirmer vos informations sous les prochaines 24h, dans le cas échéant votre compte PayPal <NOM>. <NOM> : hxxps://sécurité<URL>",arnaque,usurpation_operateur,banque,FR,corpus_recherche,,false,moyenne,,https://github.com/reportsmishing/Smishing-Dataset-IMC25
Votre compte a été verrouillé pour des raisons de sécurité. Veuillez le debloquer en cliquant sur le lien ci dessous: <URL> STOP 12/07,arnaque,usurpation_operateur,banque,XX,corpus_recherche,,false,moyenne,,https://github.com/reportsmishing/Smishing-Dataset-IMC25
PayPal : Veuillez mettre à jour votre identité avant que le compte soit clôturé et qu'un montant s'élevant à 4.99€ soit débité de votre moyen de paiement pour frais d'inactivité. Commencer votre vérification en <NOM> : <URL>,arnaque,usurpation_operateur,banque,FR,corpus_recherche,,false,moyenne,,https://github.com/reportsmishing/Smishing-Dataset-IMC25
"Nous avons dissocié avec succès votre smartphone de votre compte <REF>. <NOM>, cliquez ici pour le coupler à nouveau: <NOM>",arnaque,usurpation_operateur,banque,XX,corpus_recherche,,false,moyenne,,https://github.com/reportsmishing/Smishing-Dataset-IMC25
Votre compte a été verrouillé pour des raisons de sécurité. Veuillez le débloquer en cliquant sur le lien ci dessous: <URL> STOP 14/05,arnaque,usurpation_operateur,banque,XX,corpus_recherche,,false,moyenne,,https://github.com/reportsmishing/Smishing-Dataset-IMC25
"CAISSEDEPARGNE: Un Oppo <REF> est sur votre espace personnel. Si vous ne reconnaissez pas cet appareil, connectez vous :",arnaque,usurpation_operateur,banque,XX,corpus_recherche,,false,moyenne,,https://github.com/reportsmishing/Smishing-Dataset-IMC25
Important: suivez le lien pour confirmer votre numéro de téléphone lié à votre compte: <URL> STOP to end,arnaque,usurpation_operateur,banque,XX,corpus_recherche,,false,moyenne,,https://github.com/reportsmishing/Smishing-Dataset-IMC25
CAISSE D'EPARGNE : Connexion suspicieuse veuillez effectué la mise à jour de sécurité.,arnaque,usurpation_operateur,banque,XX,corpus_recherche,,false,moyenne,,https://github.com/reportsmishing/Smishing-Dataset-IMC25
PayPal: <NOM> 11/01 ou vous serez débité de 5.99€ de frais d'inactivité: <URL>,arnaque,usurpation_operateur,banque,FR,corpus_recherche,,false,moyenne,,https://github.com/reportsmishing/Smishing-Dataset-IMC25
"Bonjour Oman! Le compte a été mis à jour, <NOM> : Mot de passe : Solde actuel : <REF> Veuillez ne le partager avec personne. Site officiel : <URL>",arnaque,usurpation_operateur,banque,XX,corpus_recherche,,false,moyenne,,https://github.com/reportsmishing/Smishing-Dataset-IMC25
Credit Agricole Votre Compte a été bloqué par notre service. Débloquer votre compte en vous (Ré)enregistrer un SecuriPass sur: <URL>,arnaque,usurpation_operateur,banque,XX,corpus_recherche,,false,moyenne,,https://github.com/reportsmishing/Smishing-Dataset-IMC25
BNP Paribas : Sécurité : Plus que 24h pour activer votre nouvelle Clé Digitale. Procédez en cliquant ici :,arnaque,usurpation_operateur,banque,XX,corpus_recherche,,false,moyenne,,https://github.com/reportsmishing/Smishing-Dataset-IMC25
"cycle de facturation. Pour déposer les fonds, suivez ce lien sécurisé : <URL>",arnaque,usurpation_operateur,banque,CA,corpus_recherche,,false,moyenne,,https://github.com/reportsmishing/Smishing-Dataset-IMC25
"<NOM>, Suite à de nombreuses tentatives de connexion suspecte à votre compte, une courte vérification de sécurité est nécessaire: <URL> Veuillez vous rendre sur le lien ci-dessus dans un délai de moins de 48h sous peine de voir votre compte bloqué. <NOM>, le service de sécurité PayPal.",arnaque,usurpation_operateur,banque,FR,corpus_recherche,,false,moyenne,,https://github.com/reportsmishing/Smishing-Dataset-IMC25
PayPal : Votre compte est temporairement restreint suite aux nouvelles normes DSP2. Pour lever la restriction cliquez ici :,arnaque,usurpation_operateur,banque,FR,corpus_recherche,,false,moyenne,,https://github.com/reportsmishing/Smishing-Dataset-IMC25
Rejet de paiement: veuillez confirmer vos informations sous 24 heures ou votre compte <NOM>.,arnaque,usurpation_operateur,banque,XX,corpus_recherche,,false,moyenne,,https://github.com/reportsmishing/Smishing-Dataset-IMC25
"Info PayPal , Une tentative de connexion frauduleuse a eu lieu sur votre compte. Si il ne s'agit pas de vous, <NOM>",arnaque,usurpation_operateur,banque,XX,corpus_recherche,,false,moyenne,,https://github.com/reportsmishing/Smishing-Dataset-IMC25
"Un retrait a été demandé à partir d'une adresse IP inconnue. Si cela n'a pas été généré par vous, suivez les étapes ici:",arnaque,usurpation_operateur,banque,XX,corpus_recherche,,false,moyenne,,https://github.com/reportsmishing/Smishing-Dataset-IMC25
Numéro de compte : <NOM> : <NOM> transférable : <REF>.s.d.t Veuillez ne pas partager ces informations avec d'autres,arnaque,usurpation_operateur,banque,XX,corpus_recherche,,false,moyenne,,https://github.com/reportsmishing/Smishing-Dataset-IMC25
"Boursorama: Une vérification de vos informations est requise afin d'éviter une suspension de votre compte, via le <NOM> <URL>",arnaque,usurpation_operateur,banque,FR,corpus_recherche,,false,moyenne,,https://github.com/reportsmishing/Smishing-Dataset-IMC25
<NOM>: Nouvelle tentative de connexion inhabituelle détectée. Connectez-vous pour vérifier votre activité récente: <NOM>,arnaque,usurpation_operateur,banque,XX,corpus_recherche,,false,moyenne,,https://github.com/reportsmishing/Smishing-Dataset-IMC25
Carrefour Banque : votre inscription Cle Secure expire le 03/07. Veuillez prolonger votre acces avec le lien suivant :,arnaque,usurpation_operateur,banque,XX,corpus_recherche,,false,moyenne,,https://github.com/reportsmishing/Smishing-Dataset-IMC25
"PayPal : bonjour votre paiement a NetflixLLC a ete suspendu, veuillez verifier l'etat de votre compte en suivant le lien secure 1. Voici votre lien unique pour telecharger l'application PayPal. hxxps://py.",arnaque,usurpation_operateur,banque,XX,corpus_recherche,,false,moyenne,,https://github.com/reportsmishing/Smishing-Dataset-IMC25
BNC: Vous avez un nouveau communiqué de votre succursale qui requiert votre rb[.]gy/97rct2sitez le,arnaque,usurpation_operateur,banque,CA,corpus_recherche,,false,moyenne,,https://github.com/reportsmishing/Smishing-Dataset-IMC25
"Une prime de 1 000€ peut vous être attribuée. Rendez-vous sur <URL> pour la réclamer ! Votre solde PCF est arrivé à échéance. Veuillez remplir le formulaire ci-dessous sous 01/07, pour convertir vos droits en 01/02 <URL> Vous avez 300 euros d'aide disponible sur votre Compte Caf. Pour les percevoir, veuillez cliquer sur <URL> et nous fournir votre RIB.",arnaque,usurpation_operateur,banque,XX,corpus_recherche,,false,moyenne,,https://github.com/reportsmishing/Smishing-Dataset-IMC25
Pour confirmer la transaction de 876.99 EUR saisissez: <REF>. Si vous n'êtes pas à l'origine contactez d'urgence le <REF> (<NOM> non surtaxé),arnaque,usurpation_operateur,banque,XX,corpus_recherche,,false,moyenne,,https://github.com/reportsmishing/Smishing-Dataset-IMC25
"PayPal -Veuillez terminer la vérification de vos informations maintenant, dans le cas contraire vous serez facturé de 25,99€ : <URL>",arnaque,usurpation_operateur,banque,FR,corpus_recherche,,false,moyenne,,https://github.com/reportsmishing/Smishing-Dataset-IMC25
"PayPal -Veuillez terminez la vérification de vos informations maintenant, dans le cas contraire vous serez facturé de 25,99€ : <URL>",arnaque,usurpation_operateur,banque,FR,corpus_recherche,,false,moyenne,,https://github.com/reportsmishing/Smishing-Dataset-IMC25
"Votre dernier paiement a été refusé, veuillez confirmer vos informations de paiement...",arnaque,usurpation_operateur,banque,XX,corpus_recherche,,false,moyenne,,https://github.com/reportsmishing/Smishing-Dataset-IMC25
"Nouvelle connexion (usd <URL>) Compte : Tony88, mot de passe : <NOM>, solde actuel : 2,461,<REF>, veuillez ne le partager avec personne",arnaque,usurpation_operateur,banque,XX,corpus_recherche,,false,moyenne,,https://github.com/reportsmishing/Smishing-Dataset-IMC25
BNP PARIBAS vous informe qu'une mise a jour de votre espace client est nécessaire afin d'éviter toutes inactivités sur vos comptes :,arnaque,usurpation_operateur,banque,XX,corpus_recherche,,false,moyenne,,https://github.com/reportsmishing/Smishing-Dataset-IMC25
"Nous avons détecté une connexion suspecte. Pour débloquer votre compte Itsme, vérifiez votre identité via: <URL> We hebben een verdachte verbinding gedetecteerd. <NOM>-account te deblokkeren, verifieer uw identiteit via: <URL>",arnaque,usurpation_operateur,banque,BE,corpus_recherche,,false,moyenne,,https://github.com/reportsmishing/Smishing-Dataset-IMC25
"[BINANCE VERIFY] Code de retrait: <REF>. <NOM>, annulez ici: <URL>",arnaque,usurpation_operateur,banque,FR,corpus_recherche,,false,moyenne,,https://github.com/reportsmishing/Smishing-Dataset-IMC25
"Info PayPal, Une tentative de connexion a eu lieu sur votre compte. Si il ne s'agit pas de vous, <NOM>",arnaque,usurpation_operateur,banque,XX,corpus_recherche,,false,moyenne,,https://github.com/reportsmishing/Smishing-Dataset-IMC25
"<NOM> Un Remboursement, Suivre: <URL> STOP 11/04",arnaque,usurpation_operateur,banque,XX,corpus_recherche,,false,moyenne,,https://github.com/reportsmishing/Smishing-Dataset-IMC25
<NOM>: veuillez confirmer vos informations sous 24 heures ou votre compte <NOM>.,arnaque,usurpation_operateur,banque,FR,corpus_recherche,,false,moyenne,,https://github.com/reportsmishing/Smishing-Dataset-IMC25
CRÉDIT AGRICOLE - Sécurité DSP2 veuillez remettre à jour le SecuriPass afin de sécuriser votre Compte via le lien suivant :,arnaque,usurpation_operateur,banque,FR,corpus_recherche,,false,moyenne,,https://github.com/reportsmishing/Smishing-Dataset-IMC25
"Une prime de 1 000€ peut vous être attribuée. Rendez-vous sur <URL> pour la réclamer ! Votre solde PCF est arrivé à échéance. Veuillez remplir le formulaire ci-dessous sous 03/01, pour convertir vos droits en 25/01 <URL> Vous avez 300 euros d'aide disponible sur votre Compte Caf. Pour les percevoir, veuillez cliquer sur <URL> et nous fournir votre RIB.",arnaque,usurpation_operateur,banque,XX,corpus_recherche,,false,moyenne,,https://github.com/reportsmishing/Smishing-Dataset-IMC25
"Vous êtes admissible au crédit unique de 500$. Pour encaisser , veuillez suivre le lien sécurisé : <URL>",arnaque,usurpation_operateur,banque,CA,corpus_recherche,,false,moyenne,,https://github.com/reportsmishing/Smishing-Dataset-IMC25
LA BANQUE POSTALE ASSURANCES contactez nous d'urgence au <TEL> avant la suspension de vos droits.,arnaque,usurpation_operateur,banque,XX,corpus_recherche,,false,moyenne,,https://github.com/reportsmishing/Smishing-Dataset-IMC25
Ici BMO. Vos solutions en ligne sont desactives. Voir : <URL>,arnaque,usurpation_operateur,banque,XX,corpus_recherche,,false,moyenne,,https://github.com/reportsmishing/Smishing-Dataset-IMC25
"<NOM> , Vous avez (1) colis de Boulanger . Réf: <REF> Dernières chance pour le récupére >> bit[.]ly/gc9chg",arnaque,phishing_lien,aucun,XX,corpus_recherche,,false,moyenne,,https://github.com/reportsmishing/Smishing-Dataset-IMC25
Commande <REF> Échec de livraison Nous avons essayé de livrer votre colis sans succès Merci de re-confirmer votre adresse: <NOM>,arnaque,phishing_lien,aucun,XX,corpus_recherche,,false,moyenne,,https://github.com/reportsmishing/Smishing-Dataset-IMC25
"Nous avons essayé de livrer votre colis <REF>, mais il n'y a aucun affranchissement. Payez directement ici: <URL>",arnaque,phishing_lien,aucun,XX,corpus_recherche,,false,moyenne,,https://github.com/reportsmishing/Smishing-Dataset-IMC25
"Nous avons essayé de livrer votre colis <REF>, mais il n'y a aucun affranchissement. Payez directement ici:",arnaque,phishing_lien,aucun,XX,corpus_recherche,,false,moyenne,,https://github.com/reportsmishing/Smishing-Dataset-IMC25
"Bonjour. Votre IPHONE XS MAX lié à un imei (35 .... 9164) a été trouvé. <NOM> et compléter le processus, connectez-vous à <URL> © 28/11.",arnaque,phishing_lien,aucun,XX,corpus_recherche,,false,moyenne,,https://github.com/reportsmishing/Smishing-Dataset-IMC25
(1) nouveau message de Amazon – lisez-le ici :,arnaque,phishing_lien,aucun,XX,corpus_recherche,,false,moyenne,,https://github.com/reportsmishing/Smishing-Dataset-IMC25
<NOM>: <REF> vers <TEL> est en attente au terminal de distribution. Suivez votre colis ici :,arnaque,phishing_lien,aucun,XX,corpus_recherche,,false,moyenne,,https://github.com/reportsmishing/Smishing-Dataset-IMC25
Rappel: nous avons essayé de livrer votre colis mais il n'y a aucun affranchissement. Suivez les instructions,arnaque,phishing_lien,aucun,XX,corpus_recherche,,false,moyenne,,https://github.com/reportsmishing/Smishing-Dataset-IMC25
"Rappel: <NOM>, nous avons essaye de livrer votre colis mais il n'y a aucun affranchissement. Suivez les instructions",arnaque,phishing_lien,aucun,XX,corpus_recherche,,false,moyenne,,https://github.com/reportsmishing/Smishing-Dataset-IMC25
"Rappel: Maxime, nous avons essayé de livrer votre colis mais il n'y a aucun affranchissement. Suivez les instructions",arnaque,phishing_lien,aucun,XX,corpus_recherche,,false,moyenne,,https://github.com/reportsmishing/Smishing-Dataset-IMC25
"Bonjour, votre colis n'a pas pu etre livré le le 25/10, car il manque l'affranchissement (1,95). Suivez les instructions:",arnaque,phishing_lien,aucun,XX,corpus_recherche,,false,moyenne,,https://github.com/reportsmishing/Smishing-Dataset-IMC25
"Cher(e) Hugo,vous devez payer 1.95€ TVA pour votre colis,payer en ligne et eviter les frais de dedouanement(15€):",arnaque,phishing_lien,aucun,XX,corpus_recherche,,false,moyenne,,https://github.com/reportsmishing/Smishing-Dataset-IMC25
"Rappel: Wassim, nous avons essaye de livrer votre colis mais il n'y a aucun affranchissement. Suivez les instructions <URL>",arnaque,phishing_lien,aucun,XX,corpus_recherche,,false,moyenne,,https://github.com/reportsmishing/Smishing-Dataset-IMC25
"Rappel: , nous avons essaye de livrer votre colis mais il n'y a aucun affranchissement. Suivez les instructions",arnaque,phishing_lien,aucun,XX,corpus_recherche,,false,moyenne,,https://github.com/reportsmishing/Smishing-Dataset-IMC25
"Nous avons essayé de livrer votre colis <REF>01FR, mais il n'y a aucun affranchissement. Suivez les instructions ici: <URL>",arnaque,phishing_lien,aucun,FR,corpus_recherche,,false,moyenne,,https://github.com/reportsmishing/Smishing-Dataset-IMC25
"Chèr(e) ****, vous devez payer 1.95€ TVA pour votre colis, payer en ligne et éviter les frais de dédouanement (15€):",arnaque,phishing_lien,aucun,XX,corpus_recherche,,false,moyenne,,https://github.com/reportsmishing/Smishing-Dataset-IMC25
"Nous avons essayé de livrer votre colis <REF>, mais il n'y a aucun affranchissement. Suivez les instructions ici:",arnaque,phishing_lien,aucun,FR,corpus_recherche,,false,moyenne,,https://github.com/reportsmishing/Smishing-Dataset-IMC25
Nous ne pouvons pas livrer votre colis. Vous devrez payer les frais de transport manquants pour faire livrer votre colis: <URL>,arnaque,phishing_lien,aucun,XX,corpus_recherche,,false,moyenne,,https://github.com/reportsmishing/Smishing-Dataset-IMC25
"Chèr(e) ***, vous devez payer 1.95€ TVA pour votre colis, payer en ligne et éviter les frais de dédouanement (15€):",arnaque,phishing_lien,aucun,XX,corpus_recherche,,false,moyenne,,https://github.com/reportsmishing/Smishing-Dataset-IMC25
Nous avons essaye de livrer votre colis <REF>. Suivez les instructions ici :,arnaque,phishing_lien,aucun,XX,corpus_recherche,,false,moyenne,,https://github.com/reportsmishing/Smishing-Dataset-IMC25
"Nous avons essayé de livrer votre colis <REF>, mais il n'y a aucun affranchissement. Suivez les instructions ici: <URL>",arnaque,phishing_lien,aucun,XX,corpus_recherche,,false,moyenne,,https://github.com/reportsmishing/Smishing-Dataset-IMC25
"Votre colis est prêt à être expédié! <NOM>, ce paiement doit être effectué dans les 24 heures.",arnaque,phishing_lien,aucun,XX,corpus_recherche,,false,moyenne,,https://github.com/reportsmishing/Smishing-Dataset-IMC25
<NOM> STATUS: EN ATTENTE AU CENTRE DE DISTRIBUTION TRAITEMENT EN COURS AU TERMINAL DE PARIS PAIEMENT MANQUANT DE €2.95 VOTRE EMBALLAGE SERA ENVOYÉ LORSQUE LE MONTANT SERA PAYÉ.,arnaque,phishing_lien,aucun,XX,corpus_recherche,,false,moyenne,,https://github.com/reportsmishing/Smishing-Dataset-IMC25
"Nous avons essayé de livrer votre colis <REF>, <NOM> n'y a aucun affranchissement. Payez directement ici: <URL>",arnaque,phishing_lien,aucun,XX,corpus_recherche,,false,moyenne,,https://github.com/reportsmishing/Smishing-Dataset-IMC25
"Nous avons essayé de livrer votre colis <REF>01FR, mais il n'y a aucun affranchissement. Suivez les instructions ici: bit[.]do/tg395i",arnaque,phishing_lien,aucun,XX,corpus_recherche,,false,moyenne,,https://github.com/reportsmishing/Smishing-Dataset-IMC25
"Nous avons essayé de livrer votre colis <REF>01FR, mais il n'y a aucun affranchissement. Suivez les instructions ici",arnaque,phishing_lien,aucun,FR,corpus_recherche,,false,moyenne,,https://github.com/reportsmishing/Smishing-Dataset-IMC25
"Nous avons essayé de livrer votre colis <REF>01FR, mais il n'y a aucun affranchissement. Suivez les instructions ici: bit[.]do/kcsb25",arnaque,phishing_lien,aucun,FR,corpus_recherche,,false,moyenne,,https://github.com/reportsmishing/Smishing-Dataset-IMC25
"<NOM> : Nous avons essayé de livrer votre colis <REF>01FR, mais il n'y a aucun affranchissement. Suivez les instructions ici: <URL>",arnaque,phishing_lien,aucun,XX,corpus_recherche,,false,moyenne,,https://github.com/reportsmishing/Smishing-Dataset-IMC25
<NOM> a été retourné à l'expéditeur vous devez payer 4.65 euros de frais supplémentaire pour le renvoi de votre colis,arnaque,phishing_lien,aucun,XX,corpus_recherche,,false,moyenne,,https://github.com/reportsmishing/Smishing-Dataset-IMC25
"Votre colis est prêt à être expédié! <NOM> de 2.95€, ce paiement doit être effectué dans les 24 heures.",arnaque,phishing_lien,aucun,XX,corpus_recherche,,false,moyenne,,https://github.com/reportsmishing/Smishing-Dataset-IMC25
"Chèr(e) ... vous devez payer 1.95€ TVA pour votre colis, payer en ligne et éviter les frais de dédouanement (15€):",arnaque,phishing_lien,aucun,XX,corpus_recherche,,false,moyenne,,https://github.com/reportsmishing/Smishing-Dataset-IMC25
"Nous avons essayé de livrer votre colis <REF>01FR, mais il n'y a aucun affranchissement. Suivez les instructions ici:",arnaque,phishing_lien,aucun,FR,corpus_recherche,,false,moyenne,,https://github.com/reportsmishing/Smishing-Dataset-IMC25
"Nous avons essayé de livrer votre colis <REF>01FR, mais il n'y a aucun affranchissement. Suivez les instructions ici: bit[.]do/dzjh8x",arnaque,phishing_lien,aucun,XX,corpus_recherche,,false,moyenne,,https://github.com/reportsmishing/Smishing-Dataset-IMC25
"DHL : Votre colis a été retourné à l'expéditeur vous devez payer 4,65$ de frais supplémentaire pour le renvoi de votre colis cutt[.]ly/sbcs6t",arnaque,phishing_lien,aucun,XX,corpus_recherche,,false,moyenne,,https://github.com/reportsmishing/Smishing-Dataset-IMC25
Paiement des droits de douane/taxes requis pour DHL Express Procédez au paiement sécurisé sur,arnaque,phishing_lien,aucun,XX,corpus_recherche,,false,moyenne,,https://github.com/reportsmishing/Smishing-Dataset-IMC25
"<NOM> régler les frais de ports de 4,99EUR Suivre mon colis",arnaque,phishing_lien,aucun,XX,corpus_recherche,,false,moyenne,,https://github.com/reportsmishing/Smishing-Dataset-IMC25
"Nous avons tente de livrer votre colis <REF>, mais il n'y a aucun affranchissement. Veuillez y remedier ici:",arnaque,phishing_lien,aucun,XX,corpus_recherche,,false,moyenne,,https://github.com/reportsmishing/Smishing-Dataset-IMC25
"Bonjour, votre commande a été livrée le 21/08 au point de collection. <NOM> vous pouvez prendre vos colis:",arnaque,phishing_lien,aucun,FR,corpus_recherche,,false,moyenne,,https://github.com/reportsmishing/Smishing-Dataset-IMC25
"Nous avons essayé de livrer votre colis LPS FR, mais il n'y a aucun affranchissement. Suivez les instructions ici: bit[.]do/y5dggk",arnaque,phishing_lien,aucun,FR,corpus_recherche,,false,moyenne,,https://github.com/reportsmishing/Smishing-Dataset-IMC25
Le colis <REF> vers 08/10 <NOM>. Vous pouvez suivre votre colis ici : <URL>,arnaque,phishing_lien,aucun,FR,corpus_recherche,,false,moyenne,,https://github.com/reportsmishing/Smishing-Dataset-IMC25
"Nous avons essayé de livrer votre colis <REF>01FR, mais il n'y a aucun affranchissement. Suivez les instructions ici: bit[.]do/wciujx",arnaque,phishing_lien,aucun,FR,corpus_recherche,,false,moyenne,,https://github.com/reportsmishing/Smishing-Dataset-IMC25
"Vous devez signer un package, veuillez consulter <URL>",arnaque,phishing_lien,aucun,XX,corpus_recherche,,false,moyenne,,https://github.com/reportsmishing/Smishing-Dataset-IMC25
[infoAmazon]Vous avez recu un remboursement sur votre dernier achat. Plus d'information: bit[.]ly/tt59h7,arnaque,phishing_lien,aucun,XX,corpus_recherche,,false,moyenne,,https://github.com/reportsmishing/Smishing-Dataset-IMC25
"Nous avons essayé de livrer votre colis <REF>, mais il n'y a aucun affranchissement. Suivez les instructions ici: bit[.]do/pybi4b",arnaque,phishing_lien,aucun,FR,corpus_recherche,,false,moyenne,,https://github.com/reportsmishing/Smishing-Dataset-IMC25
Votre colis est prêt à être expédié! <NOM> 24 heures.,arnaque,phishing_lien,aucun,XX,corpus_recherche,,false,moyenne,,https://github.com/reportsmishing/Smishing-Dataset-IMC25
"Nous avons essayé de livrer votre colis <REF>, mais il n'y a aucun affranchissement. Suivez les instructions ici: bit[.]do/qyuh3y",arnaque,phishing_lien,aucun,FR,corpus_recherche,,false,moyenne,,https://github.com/reportsmishing/Smishing-Dataset-IMC25
"Nous avons essayé de livrer votre colis <REF>01FR, mais il n'y a aucun affranchissement. Suivez les instructions ici: bit[.]do/wbgec5",arnaque,phishing_lien,aucun,XX,corpus_recherche,,false,moyenne,,https://github.com/reportsmishing/Smishing-Dataset-IMC25
"Chèr(e) …, vous devez payer 1.95€ TVA pour votre colis, payer en ligne et éviter les frais de dédouanement (15€):",arnaque,phishing_lien,aucun,XX,corpus_recherche,,false,moyenne,,https://github.com/reportsmishing/Smishing-Dataset-IMC25
"Nous avons essayé de livrer votre colis <REF>01FR, mais il n'y a aucun affranchissement. Suivez les instructions ici: bit[.]do/9njbkb",arnaque,phishing_lien,aucun,XX,corpus_recherche,,false,moyenne,,https://github.com/reportsmishing/Smishing-Dataset-IMC25
"Nous avons essayé de livrer votre colis <REF>01FR, mais il n'y a aucun affranchissement. Suivez les instructions ici: <NOM>",arnaque,phishing_lien,aucun,XX,corpus_recherche,,false,moyenne,,https://github.com/reportsmishing/Smishing-Dataset-IMC25
"Nous avons essayé de livrer votre colis 000, mais il n'y a aucun affranchissement. Suivez les instructions ici:",arnaque,phishing_lien,aucun,XX,corpus_recherche,,false,moyenne,,https://github.com/reportsmishing/Smishing-Dataset-IMC25
"Nous avons essayé de livrer votre colis <REF>01FR, mais il n’y a aucun affichrement. Suivez les instructions ici:",arnaque,phishing_lien,aucun,FR,corpus_recherche,,false,moyenne,,https://github.com/reportsmishing/Smishing-Dataset-IMC25
"Nous avons essayé de livrer votre colis <REF>01FR, mais il n'y a aucun affranchissement. Suivez les instructions ici: bit[.]do/7zuquc",arnaque,phishing_lien,aucun,FR,corpus_recherche,,false,moyenne,,https://github.com/reportsmishing/Smishing-Dataset-IMC25
"<NOM>, votre commande a ete livree le 08/01 au point de collection. <NOM> http://",arnaque,phishing_lien,aucun,FR,corpus_recherche,,false,moyenne,,https://github.com/reportsmishing/Smishing-Dataset-IMC25
Votre livraison est retenue dans notre centre de distribution. Veuillez suivre les instructions: <URL>,arnaque,phishing_lien,aucun,XX,corpus_recherche,,false,moyenne,,https://github.com/reportsmishing/Smishing-Dataset-IMC25
Il y a une mise à jour sur votre colis. Article arrêté en raison de frais de douane impayés. Résolvez-le ici: <URL>,arnaque,phishing_lien,aucun,XX,corpus_recherche,,false,moyenne,,https://github.com/reportsmishing/Smishing-Dataset-IMC25
<NOM> retarde (il reste 12 heures). CONFIRMEZ la livraison maintenant: <URL>,arnaque,phishing_lien,aucun,BE,corpus_recherche,,false,moyenne,,https://github.com/reportsmishing/Smishing-Dataset-IMC25
"bpost, Votre colis est en route, suivez-le ici: <URL>",arnaque,phishing_lien,aucun,XX,corpus_recherche,,false,moyenne,,https://github.com/reportsmishing/Smishing-Dataset-IMC25
"<NOM> sous les prochaines 48h, dans le cas échéant votre compte amazon sera clôturé. <NOM>",arnaque,phishing_lien,aucun,FR,corpus_recherche,,false,moyenne,,https://github.com/reportsmishing/Smishing-Dataset-IMC25
"bpost, Votre colis est en route, suivez-le ici:",arnaque,phishing_lien,aucun,BE,corpus_recherche,,false,moyenne,,https://github.com/reportsmishing/Smishing-Dataset-IMC25
"bpost. Votre colis est en route, suivez-le ici:",arnaque,phishing_lien,aucun,BE,corpus_recherche,,false,moyenne,,https://github.com/reportsmishing/Smishing-Dataset-IMC25
"Veuillez confirmer les frais de livraison (2,99 EURO) et l'adresse de livraison du colis",arnaque,phishing_lien,aucun,XX,corpus_recherche,,false,moyenne,,https://github.com/reportsmishing/Smishing-Dataset-IMC25
Paiement des droits de douane/taxes requis pour DHL Express … de MAKESTAR. Procédez au paiement sécurisé sur hxxp://... 918.4XYZ,arnaque,phishing_lien,aucun,XX,corpus_recherche,,false,moyenne,,https://github.com/reportsmishing/Smishing-Dataset-IMC25
Un colis avec votre nom est en attente - Raison: étiquette cassée! <NOM> nous contacter dans les 24 heures: <URL>,arnaque,phishing_lien,aucun,XX,corpus_recherche,,false,moyenne,,https://github.com/reportsmishing/Smishing-Dataset-IMC25
Bonjour votre commande a ete livree le 15/07 au point de collection. <NOM>: <URL>,arnaque,phishing_lien,aucun,XX,corpus_recherche,,false,moyenne,,https://github.com/reportsmishing/Smishing-Dataset-IMC25
"Problème lié à votre paiement : Veuillez compléter votre paiement afin que nous puissions traiter votre commande Amazon. Sinon, votre commande sera annulé<URL>",arnaque,phishing_lien,aucun,XX,corpus_recherche,,false,moyenne,,https://github.com/reportsmishing/Smishing-Dataset-IMC25
Le COLIS [<REF>] a ete arrete au centre de distribution. Suivez votre envoi ici :,arnaque,phishing_lien,aucun,BE,corpus_recherche,,false,moyenne,,https://github.com/reportsmishing/Smishing-Dataset-IMC25
"<NOM>, votre commande a ete livree le 18/07 au point de collection. <NOM>: <NOM>",arnaque,phishing_lien,aucun,FR,corpus_recherche,,false,moyenne,,https://github.com/reportsmishing/Smishing-Dataset-IMC25
Votre colis DHL est en route ! Cliquez sur <URL> POUR suivre,arnaque,phishing_lien,aucun,BE,corpus_recherche,,false,moyenne,,https://github.com/reportsmishing/Smishing-Dataset-IMC25
Votre livraison est retenue dans notre centre de distribution. Veuillez suivre les instructions:,arnaque,phishing_lien,aucun,XX,corpus_recherche,,false,moyenne,,https://github.com/reportsmishing/Smishing-Dataset-IMC25
Votre livraison a été suspendue suite à des frais supplémentaires. <NOM> régulariser la situation : cutt[.]ly/8fx95t,arnaque,phishing_lien,aucun,XX,corpus_recherche,,false,moyenne,,https://github.com/reportsmishing/Smishing-Dataset-IMC25
Bonjour votre commande a ete livree le 15/06 au point de collection. <NOM>: Dck.xyu2.m,arnaque,phishing_lien,aucun,XX,corpus_recherche,,false,moyenne,,https://github.com/reportsmishing/Smishing-Dataset-IMC25
"Amazon : votre compte est désactivé suite à de nombreuses connexions suspectes, pour le réactiver veuillez vous rendre ci dessous.",arnaque,phishing_lien,aucun,XX,corpus_recherche,,false,moyenne,,https://github.com/reportsmishing/Smishing-Dataset-IMC25
"<NOM>, votre commande a ete livree le 24/05 au point de collection. <NOM>:",arnaque,phishing_lien,aucun,FR,corpus_recherche,,false,moyenne,,https://github.com/reportsmishing/Smishing-Dataset-IMC25
"Amazon : Votre compte est temporairement suspendu, mettez à jour vos informations dès maintenant pour continuer d'utiliser nos services : bit[.]ly/tq2bxk",arnaque,phishing_lien,aucun,XX,corpus_recherche,,false,moyenne,,https://github.com/reportsmishing/Smishing-Dataset-IMC25
Il y a une mise à jour sur votre colis. Article arrêté en raison de frais de douane impayés. Résolvez-le ici: bit[.]do/sd3pxa,arnaque,phishing_lien,aucun,XX,corpus_recherche,,false,moyenne,,https://github.com/reportsmishing/Smishing-Dataset-IMC25
<NOM> a été retenu au Terminal de la Poste de Paris faute de frais de port. Confirmez ici: <URL>,arnaque,phishing_lien,aucun,XX,corpus_recherche,,false,moyenne,,https://github.com/reportsmishing/Smishing-Dataset-IMC25
"<NOM>, votre commande a ete livree le 23/02 au point de collection. <NOM>: <URL>",arnaque,phishing_lien,aucun,FR,corpus_recherche,,false,moyenne,,https://github.com/reportsmishing/Smishing-Dataset-IMC25
Votre DPD colis est au centre d'importation. <NOM>,arnaque,phishing_lien,aucun,FR,corpus_recherche,,false,moyenne,,https://github.com/reportsmishing/Smishing-Dataset-IMC25
"Bonjour JC, votre commande a ete livree le 03/02 au point de collection. <NOM>:",arnaque,phishing_lien,aucun,XX,corpus_recherche,,false,moyenne,,https://github.com/reportsmishing/Smishing-Dataset-IMC25
<NOM> d'instructions :,arnaque,phishing_lien,aucun,FR,corpus_recherche,,false,moyenne,,https://github.com/reportsmishing/Smishing-Dataset-IMC25
"<NOM> sous <NOM> (5,95 €) en cliquant sur le lien suivant :",arnaque,phishing_lien,aucun,XX,corpus_recherche,,false,moyenne,,https://github.com/reportsmishing/Smishing-Dataset-IMC25
COLISSIMO: Votre colis à été retourné à l'expéditeur suite à une adresse incomplète. Veuillez confirmer les frais de port (4.99EUR).,arnaque,phishing_lien,aucun,XX,corpus_recherche,,false,moyenne,,https://github.com/reportsmishing/Smishing-Dataset-IMC25
"La Poste : Commande en attente : confirmation nécessaire, Un de vos colis se trouve dans la section ""en transit"" :",arnaque,phishing_lien,aucun,XX,corpus_recherche,,false,moyenne,,https://github.com/reportsmishing/Smishing-Dataset-IMC25
<NOM> a été envoyé. Veuillez le vérifier et le recevoir. hxxp://rruhf[.]xp...,arnaque,phishing_lien,aucun,XX,corpus_recherche,,false,moyenne,,https://github.com/reportsmishing/Smishing-Dataset-IMC25
<NOM> a été envoyé.Veuillez le vérifier et le recevoir.,arnaque,phishing_lien,aucun,XX,corpus_recherche,,false,moyenne,,https://github.com/reportsmishing/Smishing-Dataset-IMC25
Chronopost : Une erreur est survenue pendant la livraison de votre colis cliquez ici pour acheminer votre colis,arnaque,phishing_lien,aucun,XX,corpus_recherche,,false,moyenne,,https://github.com/reportsmishing/Smishing-Dataset-IMC25
<NOM>. Veuillez payer les droits d'importation pour terminer la livraison <URL>,arnaque,phishing_lien,aucun,FR,corpus_recherche,,false,moyenne,,https://github.com/reportsmishing/Smishing-Dataset-IMC25
"La Poste vous informe que votre colis est en Attente , <NOM> les Frais de 2,99 CHF <NOM> bitly[.]ws/h8yf9f .",arnaque,phishing_lien,aucun,XX,corpus_recherche,,false,moyenne,,https://github.com/reportsmishing/Smishing-Dataset-IMC25
"Votre commande a été expédiée, veuillez cliquer pour vérifier.",arnaque,phishing_lien,aucun,FR,corpus_recherche,,false,moyenne,,https://github.com/reportsmishing/Smishing-Dataset-IMC25
"<NOM>. <NOM> payez pas les frais de reprogrammation sous 24 heures, le colis sera retourné à l'expéditeur.",arnaque,phishing_lien,aucun,XX,corpus_recherche,,false,moyenne,,https://github.com/reportsmishing/Smishing-Dataset-IMC25
"<NOM> a été organisée pour la livraison, veuillez vérifier.",arnaque,phishing_lien,aucun,FR,corpus_recherche,,false,moyenne,,https://github.com/reportsmishing/Smishing-Dataset-IMC25
"<NOM>, cher Client, Comme nous n'avons pas pu lire les détails de l'expéditeur sur l'étiquette d'expédition, ous devrons vous facturer la manutention <NOM>, que nous ne pouvons pas faire régler par un expéditeur inconnu. Les frais d'assurance et de transport ont déjà été payés. Il ne reste que 1.12 EUR à nous régler pour les frais restants, du stockage à la livraison finale. Veuillez entrer votre code postal pour continuer et confirmer votre adresse de livraison:",arnaque,phishing_lien,aucun,XX,corpus_recherche,,false,moyenne,,https://github.com/reportsmishing/Smishing-Dataset-IMC25
<NOM> a été envoyé. Veuillez le vérifier et le recevoir. <URL>,arnaque,phishing_lien,aucun,FR,corpus_recherche,,false,moyenne,,https://github.com/reportsmishing/Smishing-Dataset-IMC25
"Chronopost : Votre colis est mise en attente au centre de tri , veuillez régler les frais supplémentaires :",arnaque,phishing_lien,aucun,XX,corpus_recherche,,false,moyenne,,https://github.com/reportsmishing/Smishing-Dataset-IMC25
"La Poste: Commande en attente : confirmation nécessaire Un de vos colis se trouve dans la section ""en transit"":",arnaque,phishing_lien,aucun,XX,corpus_recherche,,false,moyenne,,https://github.com/reportsmishing/Smishing-Dataset-IMC25
"<NOM> a été organisée pour la livraison, <NOM>",arnaque,phishing_lien,aucun,XX,corpus_recherche,,false,moyenne,,https://github.com/reportsmishing/Smishing-Dataset-IMC25
<NOM> a été livré. Veuillez le vérifier et le recevoir à temps.,arnaque,phishing_lien,aucun,XX,corpus_recherche,,false,moyenne,,https://github.com/reportsmishing/Smishing-Dataset-IMC25
Chronopost : Échec de livraisons de votre colis <REF>. Reprogrammer la livraison sur <URL>,arnaque,phishing_lien,aucun,FR,corpus_recherche,,false,moyenne,,https://github.com/reportsmishing/Smishing-Dataset-IMC25
"Amazon : Nous devons vérifier votre identité, veuillez mettre à jour les informations de votre compte :",arnaque,phishing_lien,aucun,FR,corpus_recherche,,false,moyenne,,https://github.com/reportsmishing/Smishing-Dataset-IMC25
"<NOM> bientot livre, lqn suivez-le ici : <URL>",arnaque,phishing_lien,aucun,XX,corpus_recherche,,false,moyenne,,https://github.com/reportsmishing/Smishing-Dataset-IMC25
"Un nouveau colis a ete envoye, suivez-le sur [7q0] notre site web <<REF>> : hxxps://planetaverde[.]everto...",arnaque,phishing_lien,aucun,XX,corpus_recherche,,false,moyenne,,https://github.com/reportsmishing/Smishing-Dataset-IMC25
L'Agence Revenu du Canada a émis vos derniers bénéfices via INTERAC (virement électronique).Continuez au tiny[.]cc/8rztmx pour déposer ces fonds .,arnaque,phishing_lien,aucun,CA,corpus_recherche,,false,moyenne,,https://github.com/reportsmishing/Smishing-Dataset-IMC25
"La caisse d'assurance maladie vous informe que vous etes admissible a recevoir un remboursement de <REF>, <NOM> bit[.]ly/wqpesh",arnaque,phishing_lien,aucun,XX,corpus_recherche,,false,moyenne,,https://github.com/reportsmishing/Smishing-Dataset-IMC25
Action nécessaire pour votre remboursements sur votre compte Imp?ts gouv : <NOM>,arnaque,autre_arnaque,aucun,XX,corpus_recherche,,false,moyenne,,https://github.com/reportsmishing/Smishing-Dataset-IMC25
Agence du revenu du Québec vous a envoyé un virement de fonds cliquez,arnaque,autre_arnaque,aucun,XX,corpus_recherche,,false,moyenne,,https://github.com/reportsmishing/Smishing-Dataset-IMC25
"Vous etes admissible a recevoir un remboursement d'impot de 110,20EUR, Confirmer le règlement sur le lien suivant : tinyurl[.]com/w2589b",arnaque,phishing_lien,aucun,XX,corpus_recherche,,false,moyenne,,https://github.com/reportsmishing/Smishing-Dataset-IMC25
"<NOM> remboursement AMELI santé de 150 euro en attente de paiement, veuillez confirmer vos informations",arnaque,autre_arnaque,aucun,XX,corpus_recherche,,false,moyenne,,https://github.com/reportsmishing/Smishing-Dataset-IMC25
"Vous etes admissible a recevoir un remboursement d'Ameli de 1 274.90 EUR, Confirmer le règlement sur le lien suivant:",arnaque,autre_arnaque,aucun,XX,corpus_recherche,,false,moyenne,,https://github.com/reportsmishing/Smishing-Dataset-IMC25
"Vous etes admissible a recevoir un remboursement d'impot de 110,20EUR, <NOM> le reglment sur le lien suivant :",arnaque,autre_arnaque,aucun,XX,corpus_recherche,,false,moyenne,,https://github.com/reportsmishing/Smishing-Dataset-IMC25
"vous avez un remboursement AMELI sante de 148.00 euro en attente de paiement, <NOM> t[.]co/hrd3fj STOP SMS au 36184",arnaque,phishing_lien,aucun,XX,corpus_recherche,,false,moyenne,,https://github.com/reportsmishing/Smishing-Dataset-IMC25
"Votre remboursement de 125 EUR est disponible, rendez-vous maintenant sur : <URL>",arnaque,phishing_lien,aucun,XX,corpus_recherche,,false,moyenne,,https://github.com/reportsmishing/Smishing-Dataset-IMC25
"ImpotsGouv Votre 228,35 Euro a <NOM> 31 janvier 23/02 Veuillez confirmer vos informations:",arnaque,autre_arnaque,aucun,XX,corpus_recherche,,false,moyenne,,https://github.com/reportsmishing/Smishing-Dataset-IMC25
"Bonjour,votre remboursement d'Ameli de 346,65€ n'a pas été effectué, pour que vous y bénéficiez, veuillez remplir le formulaire suivant: t[.]co/44dw2j",arnaque,phishing_lien,aucun,XX,corpus_recherche,,false,moyenne,,https://github.com/reportsmishing/Smishing-Dataset-IMC25
Aides de l'Etat : téléchargez votre guide pour réduire vos impots,arnaque,autre_arnaque,aucun,FR,corpus_recherche,,false,moyenne,,https://github.com/reportsmishing/Smishing-Dataset-IMC25
"Compte Ameli : Après la dernière vérification de votre dossier d'assurance maladie, nous avons déterminé que vous recevrez un remboursement de 309,90 euros. Veuillez remplir votre formulaire de remboursement et confirmez-le via le <NOM> bit[.]ly/rgnqxx",arnaque,phishing_lien,aucun,XX,corpus_recherche,,false,moyenne,,https://github.com/reportsmishing/Smishing-Dataset-IMC25
H y d r o Q u é b e c vous envoie un remboursement dû à une surfacturation. Voir:,arnaque,autre_arnaque,aucun,CA,corpus_recherche,,false,moyenne,,https://github.com/reportsmishing/Smishing-Dataset-IMC25
"Votre assurance maladie AMELI vous <NOM> recevoir un remboursement de 770,99 (EUR) suivez le lien: bit[.]ly/iente8",arnaque,phishing_lien,aucun,XX,corpus_recherche,,false,moyenne,,https://github.com/reportsmishing/Smishing-Dataset-IMC25
"Bourse COVID-19 Une aide <NOM> perceptible dès maintenant pour un <NOM> jusqu'à 128,99€. Cette aide a pour but d'aider au bon déroulement du déconfinement prévu le 11 mai. Pour recevoir cette aide, veuillez remplir notre formulaire en ligne, disponible à l'adresse suivante : <URL> Direction générale des Finances Publiques. STOP 36034",arnaque,phishing_lien,aucun,XX,corpus_recherche,,false,moyenne,,https://github.com/reportsmishing/Smishing-Dataset-IMC25
Bénéficiez d'une aide de 1500€ du fonds de solidarité pour les TPE au titre de la crise COVID19 Accédez au formulaire <URL> STOP 36034,arnaque,phishing_lien,aucun,XX,corpus_recherche,,false,moyenne,,https://github.com/reportsmishing/Smishing-Dataset-IMC25
"Compte Ameli : Après la dernière vérification de votre dossier d’assurance maladie, nous avons déterminé que vous recevrez un remboursement de 419,97 euros. Veuillez vous enregistrer et finaliser votre dossier via le <NOM>",arnaque,autre_arnaque,aucun,XX,corpus_recherche,,false,moyenne,,https://github.com/reportsmishing/Smishing-Dataset-IMC25
"[ Assurance Maladie ]: En raison du contexte actuel et après la dernière vérification de votre dossier, nous avons déterminé que vous recevrez un remboursement de 450,74 euros. Veuillez vous enregistrer via le <NOM>-joint: <URL>",arnaque,phishing_lien,aucun,FR,corpus_recherche,,false,moyenne,,https://github.com/reportsmishing/Smishing-Dataset-IMC25
"<NOM> : nous avons déterminé que vous recevrez un remboursement de 850,99 €. Veuillez remplir votre formulaire de remboursement et confirmez-le via le <NOM> bit[.]ly/jhpywe",arnaque,phishing_lien,aucun,FR,corpus_recherche,,false,moyenne,,https://github.com/reportsmishing/Smishing-Dataset-IMC25
"Compte Ameli : Après la dernière vérification de votre dossier d'assurance maladie, nous avons déterminé que vous recevrez un remboursement de 509.90 euros. Veuillez remplir votre formulaire de remboursement et confirmez-le via le <NOM>",arnaque,autre_arnaque,aucun,XX,corpus_recherche,,false,moyenne,,https://github.com/reportsmishing/Smishing-Dataset-IMC25
Bénéficiez d'une aide de 1500€ du fonds de solidarité pour les TPE au titre de la crise COVID19 Accédez au formulaire,arnaque,autre_arnaque,aucun,XX,corpus_recherche,,false,moyenne,,https://github.com/reportsmishing/Smishing-Dataset-IMC25
"<NOM> : nous avons déterminé que vous recevrez un remboursement de 850,99 €. Veuillez remplir votre formulaire de remboursement et confirmez-le via le <NOM>...",arnaque,autre_arnaque,aucun,FR,corpus_recherche,,false,moyenne,,https://github.com/reportsmishing/Smishing-Dataset-IMC25
"Compte Ameli : Après la dernière vérification de votre dossier d'assurance maladie, nous avons déterminé que vous recevrez un remboursement de 679.80 euros. Veuillez remplir votre formulaire de remboursement et confirmez-le via le <NOM>",arnaque,autre_arnaque,aucun,FR,corpus_recherche,,false,moyenne,,https://github.com/reportsmishing/Smishing-Dataset-IMC25
"Compte Ameli : Après la dernière vérification de votre dossier d'assurance maladie, nous avons déterminé que vous recevrez un remboursement de 503,99 euros. Veuillez remplir votre formulaire de remboursement et confirmez-le via le <NOM>",arnaque,autre_arnaque,aucun,FR,corpus_recherche,,false,moyenne,,https://github.com/reportsmishing/Smishing-Dataset-IMC25
"Compte Ameli : En raison du contexte actuel et après notre dernière vérification de votre dossier d’assurance maladie, nous avons déterminé que vous recevrez un remboursement de 450 €. Veuillez vous enregistrez via le <NOM> <URL>",arnaque,phishing_lien,aucun,XX,corpus_recherche,,false,moyenne,,https://github.com/reportsmishing/Smishing-Dataset-IMC25
"Compte Ameli : Après la dernière vérification de votre dossier d'assurance maladie, nous avons déterminé que vous recevrez un remboursement de 503,99 euros. Veuillez remplir votre formulaire de remboursement et confirmez-le via le <NOM> <URL>",arnaque,phishing_lien,aucun,FR,corpus_recherche,,false,moyenne,,https://github.com/reportsmishing/Smishing-Dataset-IMC25
<URL> Action Requise Formulaire De Remboursement électronique - N <REF> Veuillez Suivre Les Instructions :,arnaque,phishing_lien,aucun,XX,corpus_recherche,,false,moyenne,,https://github.com/reportsmishing/Smishing-Dataset-IMC25
"<NOM> vous informe suite à la pandémie <NOM>, que vous etes admissible à recevoir une aide à la consommation de notre part d'un montant de 257.40€ suite aux dommages liés au COVID-19.",arnaque,autre_arnaque,aucun,XX,corpus_recherche,,false,moyenne,,https://github.com/reportsmishing/Smishing-Dataset-IMC25
"Compte Ameli : Après la dernière vérification de votre dossier d'assurance maladie, nous avons déterminé que vous recevrez un remboursement de 1124.35 euros. Veuillez remplir votre formulaire de remboursement et confirmez-le via le <NOM>",arnaque,autre_arnaque,aucun,XX,corpus_recherche,,false,moyenne,,https://github.com/reportsmishing/Smishing-Dataset-IMC25
"[ Ameli ] : En raison du contexte actuel et après notre dernière vérification de votre dossier d’assurance maladie, nous avons déterminé que vous recevrez un remboursement de 450 €. Veuillez vous enregistrer via le <NOM> <URL> [ Ameli ] : En raison du contexte actif",arnaque,phishing_lien,aucun,FR,corpus_recherche,,false,moyenne,,https://github.com/reportsmishing/Smishing-Dataset-IMC25
"Bourse COVID-19 Une aide <NOM> perceptible dès maintenant pour un <NOM> jusqu'à 128,99€. Cette aide a pour but d'aider au bon déroulement du déconfinement prévu le 11 mai. Pour recevoir cette aide, veuillez remplir notre formulaire en ligne, disponible à l'adresse suivante :",arnaque,autre_arnaque,aucun,XX,corpus_recherche,,false,moyenne,,https://github.com/reportsmishing/Smishing-Dataset-IMC25
bit[.]ly/2i673m : Nous vous informons que vous avez droit à un remboursement de la part de votre Assurance d'un montant de 799€: bit[.]ly/jnxwe3 STOP 36034,arnaque,phishing_lien,aucun,XX,corpus_recherche,,false,moyenne,,https://github.com/reportsmishing/Smishing-Dataset-IMC25
<URL> Accuse de reception <NOM> remboursement ! Veuillez remplir le formulaire suivant <URL>.<REF> <URL>,arnaque,phishing_lien,aucun,XX,corpus_recherche,,false,moyenne,,https://github.com/reportsmishing/Smishing-Dataset-IMC25
"[ Ameli ]: En raison du contexte actuel et après la dernière vérification de votre dossier d'Assurance <NOM>, nous avons déterminé que vous recevrez un remboursement de 450,74 euros. Veuillez vous enregistrer via le <NOM>-joint:",arnaque,autre_arnaque,aucun,FR,corpus_recherche,,false,moyenne,,https://github.com/reportsmishing/Smishing-Dataset-IMC25
Bénéficiez d'une aide de 1500€ du fonds de solidarité pour les TPE au titre de la crise COVID19. Accédez au formulaire <URL>,arnaque,phishing_lien,aucun,XX,corpus_recherche,,false,moyenne,,https://github.com/reportsmishing/Smishing-Dataset-IMC25
"<NOM> : nous avons déterminé que vous recevrez un remboursement de 850,99 €. Veuillez remplir votre formulaire de remboursement et confirmez-le via le <NOM>",arnaque,autre_arnaque,aucun,XX,corpus_recherche,,false,moyenne,,https://github.com/reportsmishing/Smishing-Dataset-IMC25
"[ CPAM SANTE ] Après la dernière vérification de votre dossier d'assurance maladie, nous avons déterminé que vous recevrez un remboursement de 520.67 euros. Veuillez remplir votre formulaire de remboursement et confirmez-le via le <NOM>",arnaque,autre_arnaque,aucun,XX,corpus_recherche,,false,moyenne,,https://github.com/reportsmishing/Smishing-Dataset-IMC25
Vos droits C.P.F arrivent a echeance prochainement. Verifiez et utilisez votre solde pour une formation integralement financee:,arnaque,autre_arnaque,aucun,XX,corpus_recherche,,false,moyenne,,https://github.com/reportsmishing/Smishing-Dataset-IMC25
"<NOM> : nous avons déterminé que vous recevrez un remboursement de 850,00 €. Veuillez remplir votre formulaire de remboursement et confirmez-le via le <NOM>",arnaque,autre_arnaque,aucun,FR,corpus_recherche,,false,moyenne,,https://github.com/reportsmishing/Smishing-Dataset-IMC25
Votre nouvelle carte vitale est disponible. Veuillez remplir le formulaire afin de continuer à être couvert. Suivez ce lien : <URL>,arnaque,phishing_lien,aucun,FR,corpus_recherche,,false,moyenne,,https://github.com/reportsmishing/Smishing-Dataset-IMC25
Votre solde de formation (DIF ) va expirer ! Consultez votre compte et reclamez votre formation integralement financee par l'Etat !,arnaque,autre_arnaque,aucun,XX,corpus_recherche,,false,moyenne,,https://github.com/reportsmishing/Smishing-Dataset-IMC25
Info: Votre solde pour la formation arrive à échéance. Consultez votre solde et réclamez votre formation 100% financée par l'état sur:,arnaque,autre_arnaque,aucun,XX,corpus_recherche,,false,moyenne,,https://github.com/reportsmishing/Smishing-Dataset-IMC25
Assurance Maladie: Renouvellement obligatoire de votre Carte Vitale à effectuer avant le 22/04. Rendez-vous immédiatement sur:,arnaque,autre_arnaque,aucun,XX,corpus_recherche,,false,moyenne,,https://github.com/reportsmishing/Smishing-Dataset-IMC25
Ameli info : nous vous informons que votre nouvelle carte vitale est disponible.,arnaque,autre_arnaque,aucun,XX,corpus_recherche,,false,moyenne,,https://github.com/reportsmishing/Smishing-Dataset-IMC25
"Ameli: Votre nouvelle carte vitale biométrique est disponible, vérifiez vos informations pour bénéficier de vos avantages santé:",arnaque,autre_arnaque,aucun,XX,corpus_recherche,,false,moyenne,,https://github.com/reportsmishing/Smishing-Dataset-IMC25
Ameli: Votre nouvelle Carte Vitale est disponible ! <NOM> <URL>,arnaque,phishing_lien,aucun,XX,corpus_recherche,,false,moyenne,,https://github.com/reportsmishing/Smishing-Dataset-IMC25
"Ameli : Votre nouvelle carte vitale est disponible, faites votre demande via : <URL>",arnaque,phishing_lien,aucun,FR,corpus_recherche,,false,moyenne,,https://github.com/reportsmishing/Smishing-Dataset-IMC25
AMELI: Renouvellement obligatoire de votre Carte Vitale à effectuer avant le 06/09. Rendez-vous vite sur:,arnaque,autre_arnaque,aucun,XX,corpus_recherche,,false,moyenne,,https://github.com/reportsmishing/Smishing-Dataset-IMC25
"AMEL: Votre nouvelle carte vitale est disponible, remplissez le formulaire via <URL> afin de continuer à être couvert.",arnaque,phishing_lien,aucun,XX,corpus_recherche,,false,moyenne,,https://github.com/reportsmishing/Smishing-Dataset-IMC25
Crit'Air : Nos agents ont constaté que votre véhicule n'était pas muni de la vignette règlementaire Crit'Air 2022 veuillez la récupérer sous peine de contravention dans les prochaines 48 h sur le <NOM>-joint :,arnaque,autre_arnaque,aucun,FR,corpus_recherche,,false,moyenne,,https://github.com/reportsmishing/Smishing-Dataset-IMC25
Ameli: Votre nouvelle Carte Vitale est disponible ! <NOM>:,arnaque,autre_arnaque,aucun,XX,corpus_recherche,,false,moyenne,,https://github.com/reportsmishing/Smishing-Dataset-IMC25
"Expiration de votre carte vitale, à mettre à jour impérativement en suivant le <NOM> <URL>",arnaque,phishing_lien,aucun,FR,corpus_recherche,,false,moyenne,,https://github.com/reportsmishing/Smishing-Dataset-IMC25
Vos Droits Formation n'ont pas été activé avant le 09/09. Merci de les activer: <URL>,arnaque,phishing_lien,aucun,XX,corpus_recherche,,false,moyenne,,https://github.com/reportsmishing/Smishing-Dataset-IMC25
"<NOM>, Votre solde CPF de février a été actualisé, <NOM> et utilisez vos droits à la formation :",arnaque,autre_arnaque,aucun,FR,corpus_recherche,,false,moyenne,,https://github.com/reportsmishing/Smishing-Dataset-IMC25
Votre nouvelle carte vitale est disponible. Veuillez remplir le formulaire afin de rester couvert:,arnaque,autre_arnaque,aucun,FR,corpus_recherche,,false,moyenne,,https://github.com/reportsmishing/Smishing-Dataset-IMC25
"Assurance Maladie : Expiration de votre carte vitale, à mettre à jour impérativement via le <NOM>: <URL>",arnaque,phishing_lien,aucun,XX,corpus_recherche,,false,moyenne,,https://github.com/reportsmishing/Smishing-Dataset-IMC25
"Assurance Maladie : Expiration de votre carte vitale, à mettre à jour impérativement via le <NOM>",arnaque,autre_arnaque,aucun,XX,corpus_recherche,,false,moyenne,,https://github.com/reportsmishing/Smishing-Dataset-IMC25
INFOSECU : Votre nouvelle carte vitale est disponible vous ne pourrez plus utiliser l'ancienne recevoir ma nouvelle via :,arnaque,autre_arnaque,aucun,XX,corpus_recherche,,false,moyenne,,https://github.com/reportsmishing/Smishing-Dataset-IMC25
Votre solde CPF 2022 est mis à jour (+500 euros) . <NOM> et réclamez votre formation 100% gratuite dès maintenant sur bit[.]ly/z9cnfb,arnaque,phishing_lien,aucun,XX,corpus_recherche,,false,moyenne,,https://github.com/reportsmishing/Smishing-Dataset-IMC25
"CRIT'AIR : <NOM> agents ont constaté que vous n'étiez pas muni de la vignette réglementaire, veuillez la récupérer via :",arnaque,autre_arnaque,aucun,XX,corpus_recherche,,false,moyenne,,https://github.com/reportsmishing/Smishing-Dataset-IMC25
"Vous avez 300 euros d'aide disponible sur votre compte Caf. Pour les percevoir, remplissez le formulaire sur cutt[.]ly/zmchjh et donnez-nous votre RIB.",arnaque,phishing_lien,aucun,XX,corpus_recherche,,false,moyenne,,https://github.com/reportsmishing/Smishing-Dataset-IMC25
"<NOM>: <NOM> carte vitale biométrique est enfin disponible. À partir de mai, l’ancienne carte ne couvrira plus vos frais médicaux. Faites votre demande dès réception de ce sms:",arnaque,autre_arnaque,aucun,FR,corpus_recherche,,false,moyenne,,https://github.com/reportsmishing/Smishing-Dataset-IMC25
"Ameli: Votre nouvelle carte vitale est disponibles. Afin de profiter des avantages, veuillez remplir le formulaire via: <URL>",arnaque,phishing_lien,aucun,XX,corpus_recherche,,false,moyenne,,https://github.com/reportsmishing/Smishing-Dataset-IMC25
Ameli : Votre nouvelle carte vitale est disponible ! Veuillez faire une nouvelle demande en validant vos informations : <NOM>,arnaque,autre_arnaque,aucun,FR,corpus_recherche,,false,moyenne,,https://github.com/reportsmishing/Smishing-Dataset-IMC25
SRV Ameli : <NOM> carte <NOM> a expiration. Veuillez remplir le formulaire de renouvellement sous 02/01 via : <URL>,arnaque,phishing_lien,aucun,FR,corpus_recherche,,false,moyenne,,https://github.com/reportsmishing/Smishing-Dataset-IMC25
GOUV : Veuillez commander <NOM> CRIT'AIR dès maintenant sous peine d'une contravention lors de votre prochain trajet. Ce message fait suite à la nouvelle réglementation écologique. <NOM>,arnaque,autre_arnaque,aucun,XX,corpus_recherche,,false,moyenne,,https://github.com/reportsmishing/Smishing-Dataset-IMC25
"Assurance Maladie : Expiration de votre carte vitale, à mettre à jour impérativement. <NOM> : <URL>",arnaque,phishing_lien,aucun,FR,corpus_recherche,,false,moyenne,,https://github.com/reportsmishing/Smishing-Dataset-IMC25
"[<NOM>]: Après les derniers calculs <NOM>, nous vous informons que vous avez un remboursement de 835.91€. rendez-vous maintenant sur :",arnaque,autre_arnaque,aucun,XX,corpus_recherche,,false,moyenne,,https://github.com/reportsmishing/Smishing-Dataset-IMC25
Constat d'infraction Votre permis sera suspendu si votre constat n'est pas payée avant le 17/04,arnaque,autre_arnaque,aucun,CA,corpus_recherche,,false,moyenne,,https://github.com/reportsmishing/Smishing-Dataset-IMC25
"CRIT'AIR: <NOM> agents ont constaté que vous n'étiez pas muni de la vignette réglementaire, veuillez la récupérer via: <NOM>",arnaque,autre_arnaque,aucun,XX,corpus_recherche,,false,moyenne,,https://github.com/reportsmishing/Smishing-Dataset-IMC25
"Assurance maladie : Votre Carte Vitale arrive à expiration, veuillez remplir le formulaire de renouvellement sous 24h :",arnaque,autre_arnaque,aucun,FR,corpus_recherche,,false,moyenne,,https://github.com/reportsmishing/Smishing-Dataset-IMC25
"Info ANTAI : Vous avez un retard de paiement de 35.00e, dossier référence 10/11. <NOM> mon dossier d'infraction via :",arnaque,autre_arnaque,aucun,XX,corpus_recherche,,false,moyenne,,https://github.com/reportsmishing/Smishing-Dataset-IMC25
"Assurance Maladie : Expiration de votre carte vitale, a mettre a jour imperativement. <NOM> <URL>",arnaque,phishing_lien,aucun,XX,corpus_recherche,,false,moyenne,,https://github.com/reportsmishing/Smishing-Dataset-IMC25
"Votre Carte Vitale arrive à expiration afin de continuer a bénéficier de ses avantages, veuillez la mettre à jour : <URL>",arnaque,phishing_lien,aucun,FR,corpus_recherche,,false,moyenne,,https://github.com/reportsmishing/Smishing-Dataset-IMC25
AMELI: Renouvellement obligatoire Carte Vitale à effectuer avant,arnaque,autre_arnaque,aucun,FR,corpus_recherche,,false,moyenne,,https://github.com/reportsmishing/Smishing-Dataset-IMC25
ASSURANCE MALADIE : Votre nouvelle carte vitale est disponible. <NOM> : <NOM>,arnaque,autre_arnaque,aucun,FR,corpus_recherche,,false,moyenne,,https://github.com/reportsmishing/Smishing-Dataset-IMC25
ASSURANCE MALADIE : Votre nouvelle carte vitale est maintenant disponible. Commandez-la en quelques secondes via ce lien : <NOM> : Votre nouvelle Carte Vitale est disponible. Veuillez remplir le document <NOM> https://,arnaque,autre_arnaque,aucun,FR,corpus_recherche,,false,moyenne,,https://github.com/reportsmishing/Smishing-Dataset-IMC25
"[<NOM>]: Après les derniers calculs <NOM>, nous vous informons que vous avez un remboursement de 425,97€. en cliquant ici :",arnaque,autre_arnaque,aucun,FR,corpus_recherche,,false,moyenne,,https://github.com/reportsmishing/Smishing-Dataset-IMC25
"CRIT'Air : <NOM> agents ont constaté que vous n'êtes pas muni de la vignette réglementaire, veuillez la récupérer sur crit'air",arnaque,autre_arnaque,aucun,XX,corpus_recherche,,false,moyenne,,https://github.com/reportsmishing/Smishing-Dataset-IMC25
"CRIT'AIR : <NOM> agents ont constaté que vous n'étiez pas muni de la vignette réglementaire, veuillez la récupérer via : <URL>",arnaque,phishing_lien,aucun,XX,corpus_recherche,,false,moyenne,,https://github.com/reportsmishing/Smishing-Dataset-IMC25
"Assurance Maladie : Expiration de votre carte vitale, a mettre a <NOM>. Demarche en ligne :",arnaque,autre_arnaque,aucun,XX,corpus_recherche,,false,moyenne,,https://github.com/reportsmishing/Smishing-Dataset-IMC25
ASSURANCE-M ALADIE : <NOM> carte vitale arrive à expiration. Pensez à la renouveler en suivant ce lien : <URL>,arnaque,phishing_lien,aucun,XX,corpus_recherche,,false,moyenne,,https://github.com/reportsmishing/Smishing-Dataset-IMC25
"[CPAM SANTE]: Après les derniers calculs annuel pour l'exercice de votre activité, nous vous informons que vous avez un remboursement de 387,84 €. en cliquant ici : bit[.]ly/ukaucr",arnaque,phishing_lien,aucun,FR,corpus_recherche,,false,moyenne,,https://github.com/reportsmishing/Smishing-Dataset-IMC25
Votre nouvelle carte vitale est disponible. Veuillez remplir le formulaire afin de continuer à etre couvert via <URL>,arnaque,phishing_lien,aucun,XX,corpus_recherche,,false,moyenne,,https://github.com/reportsmishing/Smishing-Dataset-IMC25
"Assurance Maladie : Expiration de votre carte vitale, veuillez mettre à jour vos informations impérativement via :",arnaque,autre_arnaque,aucun,FR,corpus_recherche,,false,moyenne,,https://github.com/reportsmishing/Smishing-Dataset-IMC25
"Assurance Maladie : Expiration de votre carte vitale, à mettre à jour impérativement. <NOM>",arnaque,autre_arnaque,aucun,FR,corpus_recherche,,false,moyenne,,https://github.com/reportsmishing/Smishing-Dataset-IMC25
Assurance Maladie : Votre Carte Vitale arrive à expiration. Veuillez la mettre à jour <NOM>,arnaque,autre_arnaque,aucun,XX,corpus_recherche,,false,moyenne,,https://github.com/reportsmishing/Smishing-Dataset-IMC25
"Ameli: Votre nouvelle Carte Vitale est disponible, faites votre demande via : <URL>",arnaque,phishing_lien,aucun,FR,corpus_recherche,,false,moyenne,,https://github.com/reportsmishing/Smishing-Dataset-IMC25
Assurance Maladie: Votre nouvelle Carte Vitale est disponible. Veuillez remplir notre formulaire via:,arnaque,autre_arnaque,aucun,FR,corpus_recherche,,false,moyenne,,https://github.com/reportsmishing/Smishing-Dataset-IMC25
Support Ameli: veuillez mettre a jour votre nouvelle carte vitale en suivant ce lien:,arnaque,autre_arnaque,aucun,FR,corpus_recherche,,false,moyenne,,https://github.com/reportsmishing/Smishing-Dataset-IMC25
"i""¿ASSURANCE MALADIE : nous avons bien enregistrR? vos nouvelles coordonnA? es bancaires. Suivez vos paiements depuis votre compte sur <URL>",arnaque,phishing_lien,aucun,XX,corpus_recherche,,false,moyenne,,https://github.com/reportsmishing/Smishing-Dataset-IMC25
"Assurance maladie : Votre Carte Vitale arrive à expiration, veuillez remplir le formulaire de renouvellement sous 27/10. AMELI : <NOM> carte vitale requiert une mise à jour, pour y procéder veuillez suivre ce lien :",arnaque,autre_arnaque,aucun,XX,corpus_recherche,,false,moyenne,,https://github.com/reportsmishing/Smishing-Dataset-IMC25
"CRIT'AIR : Nous avons constaté que vous n'étiez plus muni de la vignette réglementaire, veuillez la mettre à jour via :",arnaque,autre_arnaque,aucun,XX,corpus_recherche,,false,moyenne,,https://github.com/reportsmishing/Smishing-Dataset-IMC25
"Expiration de votre carte vitale, à mettre à jour impérativement en suivant le <NOM> <NOM>",arnaque,autre_arnaque,aucun,FR,corpus_recherche,,false,moyenne,,https://github.com/reportsmishing/Smishing-Dataset-IMC25
"Assurance maladie : Votre Carte Vitale arrive à expiration , veuillez remplir le formulaire de renouvellement sous 24h via : <URL>",arnaque,phishing_lien,aucun,XX,corpus_recherche,,false,moyenne,,https://github.com/reportsmishing/Smishing-Dataset-IMC25
Ministère du Travail et de l'Insertion : URGENT: réclamez vos droits de formation CPF avant l'expiration de vos heures le 25 juillet 2022: <URL>,arnaque,phishing_lien,aucun,XX,corpus_recherche,,false,moyenne,,https://github.com/reportsmishing/Smishing-Dataset-IMC25
"Assurance Maladie : Votre carte vitale est expirée, à mettre à jour impérativement. <NOM>",arnaque,autre_arnaque,aucun,FR,corpus_recherche,,false,moyenne,,https://github.com/reportsmishing/Smishing-Dataset-IMC25
"CRIT'AIR : <NOM> agents ont constaté que vous n'étiez pas munis de la vignette réglementaire, veuillez la récupérer via : <URL>i",arnaque,phishing_lien,aucun,XX,corpus_recherche,,false,moyenne,,https://github.com/reportsmishing/Smishing-Dataset-IMC25
"CRIT'AIR : <NOM> agents ont constaté que vous n'étiez pas munis de la vignette réglementaire, veuillez la récupérer via : rapport. <URL> Nouvelle vignette Crit'Air obligatoire <NOM> vignette Crit'Air est obligatoire pour circuler dans les zones à faibles émissions mobilité (ZFE-m) instaurées par <NOM> instaurant la circulation des véhicules lors des épisodes de pollution. Veuillez comment obtenir votre vignette Crit'Air en ligne avant le 26/11 via ce <NOM>-joint : <URL>",arnaque,phishing_lien,aucun,XX,corpus_recherche,,false,moyenne,,https://github.com/reportsmishing/Smishing-Dataset-IMC25
"<NOM> 300 euros d'aide disponible sur votre compte Caf. Pour les percevoir, remplissez le formulaire sur cutt[.]ly/t4jwzm et donnez-nous votre RIB.",arnaque,phishing_lien,aucun,XX,corpus_recherche,,false,moyenne,,https://github.com/reportsmishing/Smishing-Dataset-IMC25
Veuillez mettre a jour votre formulaire vitale :,arnaque,autre_arnaque,aucun,FR,corpus_recherche,,false,moyenne,,https://github.com/reportsmishing/Smishing-Dataset-IMC25
"AMELI : Pour continuer à percevoir vos remboursements santé, veuillez actualiser vos informations",arnaque,autre_arnaque,aucun,XX,corpus_recherche,,false,moyenne,,https://github.com/reportsmishing/Smishing-Dataset-IMC25
"Assurance Maladie : Expiration de votre carte vitale, à mettre à jour impérativement avant le 23/05. Ci-dessous: <URL>",arnaque,phishing_lien,aucun,FR,corpus_recherche,,false,moyenne,,https://github.com/reportsmishing/Smishing-Dataset-IMC25
Votre nouvelle carte vitale est disponible. Veuillez remplir le formulaire afin de rester couvert: <URL>,arnaque,phishing_lien,aucun,FR,corpus_recherche,,false,moyenne,,https://github.com/reportsmishing/Smishing-Dataset-IMC25
"AMELI: Pour continuer à recevoir vos remboursements, veuillez mettre à jour vos informations : <URL>",arnaque,phishing_lien,aucun,XX,corpus_recherche,,false,moyenne,,https://github.com/reportsmishing/Smishing-Dataset-IMC25
"Votre solde CPF est arrivé a échéance. Veuillez remplir le formulaire ci-dessous sous 14/10, pour convertir vos droits acquis en 19/02.",arnaque,autre_arnaque,aucun,FR,corpus_recherche,,false,moyenne,,https://github.com/reportsmishing/Smishing-Dataset-IMC25
"AMELI: Expiration de votre carte vitale, à mettre à jour impérativement avant le 26/05. Rendez-vous vite sur:",arnaque,autre_arnaque,aucun,FR,corpus_recherche,,false,moyenne,,https://github.com/reportsmishing/Smishing-Dataset-IMC25
"Assurance maladie : <NOM> carte vitale arrive à expiration, veuillez remplir le formulaire de renouvellement sous 08/03 via :",arnaque,autre_arnaque,aucun,XX,corpus_recherche,,false,moyenne,,https://github.com/reportsmishing/Smishing-Dataset-IMC25
"by <URL>: CRIT'AIR: <NOM> agents ont constaté que vous n'étiez pas muni de la vignette réglementaire, veuillez la récupérer via:",arnaque,phishing_lien,aucun,FR,corpus_recherche,,false,moyenne,,https://github.com/reportsmishing/Smishing-Dataset-IMC25
"Assurance Maladie : Expiration de votre carte vitale, a mettre a jour imperativement. <NOM>: <URL>",arnaque,phishing_lien,aucun,FR,corpus_recherche,,false,moyenne,,https://github.com/reportsmishing/Smishing-Dataset-IMC25
ASSURANCE MALADIE: Votre nouvelle carte vitale est disponible commandez la dès maintenant via le <NOM>,arnaque,autre_arnaque,aucun,XX,corpus_recherche,,false,moyenne,,https://github.com/reportsmishing/Smishing-Dataset-IMC25
"Netflix : Veuillez mettre à jour vos informations sinon des frais de 12,99€ seront appliquer: <URL>",arnaque,phishing_lien,aucun,FR,corpus_recherche,,false,moyenne,,https://github.com/reportsmishing/Smishing-Dataset-IMC25
Vous avez recu 15500 FCFA de <NOM> (<REF>) le 12/03. Transaction Id: <REF>. <NOM>,arnaque,faux_transfert,aucun,XX,corpus_recherche,2018-10,false,moyenne,,https://github.com/reportsmishing/Smishing-Dataset-IMC25
Votre abonnement netflix a été restreint. Veuillez mettre à jour vos informations de facturation pour rétablir <NOM>:<URL>,arnaque,phishing_lien,aucun,CA,corpus_recherche,,false,moyenne,,https://github.com/reportsmishing/Smishing-Dataset-IMC25
"Bsr,votre IMAGE/SON est tjr dispo? si oui veuillez me répondre a mon adresse mail perso: <EMAIL> >Répondez par SMS",arnaque,autre_arnaque,aucun,XX,corpus_recherche,,false,moyenne,,https://github.com/reportsmishing/Smishing-Dataset-IMC25
Air France offre 2 billets gratuits pour célébrer son 85e anniversaire. Obtenez vos billets gratuits à: <URL>,arnaque,phishing_lien,aucun,XX,corpus_recherche,,false,moyenne,,https://github.com/reportsmishing/Smishing-Dataset-IMC25
Pour des raisons de sécurité la mise à jour de votre compte N : <REF> est obligatoire : https://,arnaque,autre_arnaque,aucun,XX,corpus_recherche,,false,moyenne,,https://github.com/reportsmishing/Smishing-Dataset-IMC25
"<NOM>, Suite à une erreur de notre part, votre dernière facture à été débitée 2 fois. Nous vous invitons à suivre les étapes indiquées sur le lien suivant pour recevoir votre remboursement:",arnaque,autre_arnaque,aucun,XX,corpus_recherche,,false,moyenne,,https://github.com/reportsmishing/Smishing-Dataset-IMC25
"Électricité de France Vous avez un remboursement de 45.85 euro en attente, veuillez confirmer vos informations en copiant le lien et en l'ouvrant sur votre navigateur: bit[.]do/zy9ri3",arnaque,phishing_lien,aucun,XX,corpus_recherche,,false,moyenne,,https://github.com/reportsmishing/Smishing-Dataset-IMC25
Félicitations à nos trois gagnants: 1: <REF> 2: <REF> 3: <REF> Confirmez votre numéro ici: <URL>,arnaque,phishing_lien,aucun,XX,corpus_recherche,,false,moyenne,,https://github.com/reportsmishing/Smishing-Dataset-IMC25
<NOM> points Amazon expirent aujourd'hui. Utilisez vos points Amazon pour avoir un cadeau gratuit de votre choix. Selectionnez votre cadeau:,arnaque,autre_arnaque,aucun,XX,corpus_recherche,,false,moyenne,,https://github.com/reportsmishing/Smishing-Dataset-IMC25
"<NOM>, vous devez effectuer un renouvellement obligatoire concernant votre nom de domaine :",arnaque,autre_arnaque,aucun,XX,corpus_recherche,,false,moyenne,,https://github.com/reportsmishing/Smishing-Dataset-IMC25
"Bravo!!Votre magasin LIDL a selectionné votre numéro! <NOM> Robot SilverCrest Cuisine Connect, Cliquez sur <URL> stop",arnaque,phishing_lien,aucun,FR,corpus_recherche,,false,moyenne,,https://github.com/reportsmishing/Smishing-Dataset-IMC25
Bjr votre chaine neige sur leboncoin est dispo ? si oui repondez moi sur mon mail :,arnaque,autre_arnaque,aucun,FR,corpus_recherche,,false,moyenne,,https://github.com/reportsmishing/Smishing-Dataset-IMC25
Des masques de respiration sont disponibles sur <URL> Livraison gratuite dans tout la <NOM> (3-4 jours ouvrées) STOP au 36976,arnaque,phishing_lien,aucun,XX,corpus_recherche,,false,moyenne,,https://github.com/reportsmishing/Smishing-Dataset-IMC25
Action Requise Formulaire De Remboursement électronique - N <REF> Veuillez Suivre Les,arnaque,autre_arnaque,aucun,XX,corpus_recherche,,false,moyenne,,https://github.com/reportsmishing/Smishing-Dataset-IMC25
"<NOM> : Vous avez été victime d'une surfacturation de 12.25€, merci de remplir le formulaire : <URL>",arnaque,phishing_lien,aucun,XX,corpus_recherche,,false,moyenne,,https://github.com/reportsmishing/Smishing-Dataset-IMC25
"<NOM> client, face à la <NOM>, nous avons décidé de rembourser vos dernières consommations. <NOM> sur: <URL>",arnaque,phishing_lien,aucun,XX,corpus_recherche,,false,moyenne,,https://github.com/reportsmishing/Smishing-Dataset-IMC25
"Bjr,vtre Electro est tjr dispo?si oui me répondre a mn adresse mail:<EMAIL>",arnaque,autre_arnaque,aucun,FR,corpus_recherche,,false,moyenne,,https://github.com/reportsmishing/Smishing-Dataset-IMC25
Votre compte a été restreint. Pour le restaurer effectuez les étapes requises via notre plateforme:,arnaque,autre_arnaque,aucun,XX,corpus_recherche,,false,moyenne,,https://github.com/reportsmishing/Smishing-Dataset-IMC25
25 EUR vous ont ete credites sur votre compte: URL valide jusquau 26 juin Repondez STOP pour desinscrire,arnaque,autre_arnaque,aucun,XX,corpus_recherche,,false,moyenne,,https://github.com/reportsmishing/Smishing-Dataset-IMC25
"<NOM> : Vous avez été victime d'une surfacturation de 12.25€, merci de remplir le formulaire :",arnaque,autre_arnaque,aucun,XX,corpus_recherche,,false,moyenne,,https://github.com/reportsmishing/Smishing-Dataset-IMC25
Une défaillance est survenue lors de votre facture du 03 janvier 22/09 vous etes éligibles à un acquittement de 49.59 EUR rendez-vous sur <URL>z,arnaque,phishing_lien,aucun,XX,corpus_recherche,,false,moyenne,,https://github.com/reportsmishing/Smishing-Dataset-IMC25
"<NOM>, Vous avez un remboursement en attente de 12,85€ Suivez les instructions:",arnaque,autre_arnaque,aucun,XX,corpus_recherche,,false,moyenne,,https://github.com/reportsmishing/Smishing-Dataset-IMC25
Bonjour le + à reçu ce jeudi matin une demande urgente de rendez vous pour le vendredi 20 mars cliquez ici <URL> pour la consulter maintenant et y répondre rapidement avant 19h ce soir,arnaque,phishing_lien,aucun,FR,corpus_recherche,,false,moyenne,,https://github.com/reportsmishing/Smishing-Dataset-IMC25
Votre Abonnement Comporte Une Facture Impayée D'un Montant De 1.95€ . Veuillez Compléter La Procedure Suivante :,arnaque,autre_arnaque,aucun,XX,corpus_recherche,,false,moyenne,,https://github.com/reportsmishing/Smishing-Dataset-IMC25
Une défaillance est survenue lors de votre facture du 03 janvier 02/04 vous êtes éligibles à un acquittement de 49.59 EUR rendez-vous sur,arnaque,autre_arnaque,aucun,XX,corpus_recherche,,false,moyenne,,https://github.com/reportsmishing/Smishing-Dataset-IMC25
<NOM> tirée au sort pour le grand jeu concours Carrefour. Cliquez ici :,arnaque,autre_arnaque,aucun,FR,corpus_recherche,,false,moyenne,,https://github.com/reportsmishing/Smishing-Dataset-IMC25
Bonjour le 06... a reçu ce Vendredi 30 Octobre a 09h08 (2) nouveau messages urgent sur le serveur Répondeur Express. Cliquez ici <URL> pour l'écouter maintenant et répondre avant ce soir,arnaque,phishing_lien,aucun,XX,corpus_recherche,,false,moyenne,,https://github.com/reportsmishing/Smishing-Dataset-IMC25
Notre système a détecté que votre pass-sécurité n'est pas vérifié. Ceci est un dernier rappel vous invitant à le vérifier,arnaque,autre_arnaque,aucun,XX,corpus_recherche,,false,moyenne,,https://github.com/reportsmishing/Smishing-Dataset-IMC25
Appuyez pour recuperer l'acces a votre compte <NOM>,arnaque,autre_arnaque,aucun,XX,corpus_recherche,,false,moyenne,,https://github.com/reportsmishing/Smishing-Dataset-IMC25
"Pour authentifier votre achat de 819 euros, veuillez saisir le code: <REF>. <NOM>, <NOM> le <REF>",arnaque,autre_arnaque,aucun,XX,corpus_recherche,,false,moyenne,,https://github.com/reportsmishing/Smishing-Dataset-IMC25
Bonne Nouvelle ! <NOM> boutique DARTY. iPhone XR 128Go à 99.90€ Profiter de l'offre -> <URL> STOP 36034,arnaque,phishing_lien,aucun,XX,corpus_recherche,,false,moyenne,,https://github.com/reportsmishing/Smishing-Dataset-IMC25
"Nous avons verrouillé votre identifiant Apple pour des raisons de sécurité, veuillez cliquer et suivre le <NOM> <URL>",arnaque,phishing_lien,aucun,XX,corpus_recherche,,false,moyenne,,https://github.com/reportsmishing/Smishing-Dataset-IMC25
Bonjour le <TEL> a recu une demande urgente de rendez-vous le 30 mars cliquez ici pour l ecouter et y <NOM> rapidement,arnaque,autre_arnaque,aucun,FR,corpus_recherche,,false,moyenne,,https://github.com/reportsmishing/Smishing-Dataset-IMC25
"Suite à la diminution du personnel disponible due à la propagation du Coronavirus, nous demandons à nos clients d'enregistrer leur adresse IP à l'aide de leur lecteur de carte sur notre portail client :",arnaque,autre_arnaque,aucun,XX,corpus_recherche,,false,moyenne,,https://github.com/reportsmishing/Smishing-Dataset-IMC25
"<NOM>, vous n'avez pas encore activé vos droits C.P.F. ! Choisissez votre formation gratuite avant expiration définitive :",arnaque,autre_arnaque,aucun,XX,corpus_recherche,,false,moyenne,,https://github.com/reportsmishing/Smishing-Dataset-IMC25
Votre abonnement Netflix a été restreint. Mettez à jour vos informations de facturation pour rétablir <NOM>:,arnaque,autre_arnaque,aucun,BE,corpus_recherche,,false,moyenne,,https://github.com/reportsmishing/Smishing-Dataset-IMC25
"<NOM> : <NOM>*.fr arrive à échéance demain. Pour faire le renouvellement, s'il vous plaît visitez le site <NOM> directement sur le <NOM> hxxp://paimentgandi-net-****<URL>",arnaque,phishing_lien,aucun,XX,corpus_recherche,,false,moyenne,,https://github.com/reportsmishing/Smishing-Dataset-IMC25
Black 19/10 ! Offre exceptionnelle à la boutique DARTY. iPhone XR à 99.90€ Galaxy <REF>+ à 99.90€ <NOM>,arnaque,autre_arnaque,aucun,XX,corpus_recherche,,false,moyenne,,https://github.com/reportsmishing/Smishing-Dataset-IMC25
IMPORTANT: Votre solde de D.I.F va expirer. Consultez votre budget et reclamez votre formation 100% prise en charge,arnaque,autre_arnaque,aucun,XX,corpus_recherche,,false,moyenne,,https://github.com/reportsmishing/Smishing-Dataset-IMC25
<NOM> solde DIF arrive à échéance. <NOM> pour convertir votre solde en budget CPF.,arnaque,autre_arnaque,aucun,XX,corpus_recherche,,false,moyenne,,https://github.com/reportsmishing/Smishing-Dataset-IMC25
"Malheureusement, votre abonnement Netflix à été suspendu. Pour réactiver votre abonnement, vérifier vos informations sur :",arnaque,autre_arnaque,aucun,XX,corpus_recherche,,false,moyenne,,https://github.com/reportsmishing/Smishing-Dataset-IMC25
"<NOM>, La prévente des tokens crypto AIRN est ouvert! <NOM> white paper du projet ou notre vidéo? <NOM>.",arnaque,autre_arnaque,aucun,XX,corpus_recherche,,false,moyenne,,https://github.com/reportsmishing/Smishing-Dataset-IMC25
"Bonjour, malheureusement nous n'avons pas pu autoriser votre paiement pour le prochain cycle de facturation de votre abonnement, nous avons donc suspendu votre abonnement Netflix, Pour restaurer votre compte, veuillez mettre à jour vos informations de facturation pour rétablir <NOM>: hxxps://paiements-securé[.]fr/",arnaque,phishing_lien,aucun,XX,corpus_recherche,,false,moyenne,,https://github.com/reportsmishing/Smishing-Dataset-IMC25
Appuyez pour récupérer l'accès à votre compte Instagram,arnaque,autre_arnaque,aucun,XX,corpus_recherche,,false,moyenne,,https://github.com/reportsmishing/Smishing-Dataset-IMC25
"l'Assurance <NOM> : Après la dernière vérification de votre dossier d'assurance maladie, nous avons déterminé que vous recevrez un remboursement de 850,99 euros. Veuillez remplir votre formulaire et confirmez-le via le <NOM>",arnaque,autre_arnaque,aucun,FR,corpus_recherche,,false,moyenne,,https://github.com/reportsmishing/Smishing-Dataset-IMC25
Important: suivez le lien pour confirmer...,arnaque,autre_arnaque,aucun,XX,corpus_recherche,,false,moyenne,,https://github.com/reportsmishing/Smishing-Dataset-IMC25
Bon Plan ! Offre exceptionnelle à la boutique DARTY. iPhone XR 128Go à 99.90€ <NOM> bit[.]ly/ewxqme,arnaque,phishing_lien,aucun,XX,corpus_recherche,,false,moyenne,,https://github.com/reportsmishing/Smishing-Dataset-IMC25
<NOM> solde D I F arrive a expiration ! Consultez votre compte et réclamez votre formation avant expiration de vos droits: <NOM>,arnaque,autre_arnaque,aucun,FR,corpus_recherche,,false,moyenne,,https://github.com/reportsmishing/Smishing-Dataset-IMC25
Votre compte personnel de formation (CPF) vient d'augmenter ! Consultez votre solde et réclamez votre formation 100% financée.,arnaque,autre_arnaque,aucun,XX,corpus_recherche,,false,moyenne,,https://github.com/reportsmishing/Smishing-Dataset-IMC25
INFO! <NOM> (compte personnel de formation) est actualisé! Accompagnement et choix de formations 100% prise en charge bit[.]ly/hbr486,arnaque,phishing_lien,aucun,XX,corpus_recherche,,false,moyenne,,https://github.com/reportsmishing/Smishing-Dataset-IMC25
Nous avons détecté une activité inhabituelle sur votre compte. Veuillez vous connecter pour rétablir <NOM> :,arnaque,autre_arnaque,aucun,XX,corpus_recherche,,false,moyenne,,https://github.com/reportsmishing/Smishing-Dataset-IMC25
"Nous vous informons d'une indemnisation de 79,99 E, suite aux pannes survenues pendant le confinement. Demande via votre espace :",arnaque,autre_arnaque,aucun,XX,corpus_recherche,,false,moyenne,,https://github.com/reportsmishing/Smishing-Dataset-IMC25
"Uber: Nous sommes désolés de vous informer que votre compte sera suspendue afin de rembourser votre surcharge lors de votre dernière course. Afin de conserver votre service, veuillez confirmer vos informations de facturation pour des raisons de sécurité : <NOM> part de l",arnaque,autre_arnaque,aucun,XX,corpus_recherche,,false,moyenne,,https://github.com/reportsmishing/Smishing-Dataset-IMC25
Bonjour Votre Image et son sur leboncoin est toujours dispo ? si <NOM> répondre a mon mail : <EMAIL> Merci,arnaque,autre_arnaque,aucun,FR,corpus_recherche,,false,moyenne,,https://github.com/reportsmishing/Smishing-Dataset-IMC25
votre article a ete achete sur leboncoin <URL>,arnaque,phishing_lien,aucun,XX,corpus_recherche,,false,moyenne,,https://github.com/reportsmishing/Smishing-Dataset-IMC25
"Netflix : <NOM> client, votre compte est restreint car il y a eu une connexion suspecte, vous devez confirmer votre identité avant que votre compte soit clôturé : bit[.]ly/uxzfaf",arnaque,phishing_lien,aucun,FR,corpus_recherche,,false,moyenne,,https://github.com/reportsmishing/Smishing-Dataset-IMC25
"Bjr, <NOM>? <NOM>, <NOM> racheter. <NOM> me laisser son prix ferme uniquement à mon mail: ( <EMAIL> )",arnaque,autre_arnaque,aucun,FR,corpus_recherche,,false,moyenne,,https://github.com/reportsmishing/Smishing-Dataset-IMC25
Votre abonnement à Amazon a été récompensé. Un iPhone 12 Pro vous est réservé. Réclamez-le ici: tinyurl[.]com/vwmbvb,arnaque,phishing_lien,aucun,XX,corpus_recherche,,false,moyenne,,https://github.com/reportsmishing/Smishing-Dataset-IMC25
"Uber: Nous sommes désolés de vous informer que votre compte sera suspendue afin de rembourser votre surcharge lors de votre dernière course. Afin de conserver votre service, veuillez confirmer vos informations de facturation pour des raisons de sécurité : <NOM> part de l'équipe Uber.",arnaque,autre_arnaque,aucun,XX,corpus_recherche,,false,moyenne,,https://github.com/reportsmishing/Smishing-Dataset-IMC25
"<NOM> : <NOM> <URL> arrive à échéance demain. Pour effectuer le renouvellement, veuillez consulter votre bon de renouvellement sur le lien suivant : <URL> <NOM> : Malgré nos relances, nous n'avons toujours pas reçu votre paiement pour le renouvellement concernant votre nom de domaine <URL>. Vous pouvez procéder au paiement par CB depuis la console de gestion suivante : <URL>",arnaque,phishing_lien,aucun,XX,corpus_recherche,,false,moyenne,,https://github.com/reportsmishing/Smishing-Dataset-IMC25
<NOM> solde <NOM> ! Consultez votre compte et reclamez votre formation avant expiration de vos droits: CLIQUEZ ICI: cutt[.]ly/ttvntg,arnaque,phishing_lien,aucun,FR,corpus_recherche,,false,moyenne,,https://github.com/reportsmishing/Smishing-Dataset-IMC25
"<NOM> analyse de votre dossier d'Assurance <NOM>, vous êtes éligible à un remboursement totale de 495,67 euros. Veuillez vous enregistrer via le <NOM>-joint:",arnaque,autre_arnaque,aucun,XX,corpus_recherche,,false,moyenne,,https://github.com/reportsmishing/Smishing-Dataset-IMC25
INFO! <NOM> (compte personnel de formation) est actualisé! Accompagnement et choix de formations 100% prise en charge,arnaque,autre_arnaque,aucun,XX,corpus_recherche,,false,moyenne,,https://github.com/reportsmishing/Smishing-Dataset-IMC25
Netflix_CA: Nous constatons que votre abonnement à nos services arrive à sa fin en raison d'une erreur de paiement. Veuillez corriger ou mettre à jour ce dernier pour avoir accès à vos privilèges.,arnaque,autre_arnaque,aucun,XX,corpus_recherche,,false,moyenne,,https://github.com/reportsmishing/Smishing-Dataset-IMC25
"Pour la sécurité de votre compte de Apple Store, votre compte est contraint et nécessite une nouvelle authentification",arnaque,autre_arnaque,aucun,XX,corpus_recherche,,false,moyenne,,https://github.com/reportsmishing/Smishing-Dataset-IMC25
Dernier rappel avant mise en demeure. Vous devez régler 82.75 euros pour votre contrat <REF> en cliquant ici :,arnaque,autre_arnaque,aucun,XX,corpus_recherche,,false,moyenne,,https://github.com/reportsmishing/Smishing-Dataset-IMC25
"NETFLIX: Le dernier paiement de votre abonnement a été rejeté, à mettre à jour impérativement avant le 09/02. Rendez-vous sur : <URL>",arnaque,phishing_lien,aucun,XX,corpus_recherche,,false,moyenne,,https://github.com/reportsmishing/Smishing-Dataset-IMC25
"Netflix : Veuillez mettre à jour vos informations sinon des frais de 12,99€ seront appliquer:",arnaque,autre_arnaque,aucun,FR,corpus_recherche,,false,moyenne,,https://github.com/reportsmishing/Smishing-Dataset-IMC25
"Pour confirmer l'achat de 789,99e Veuillez saisir le code :<CODE> Pour annuler, <NOM> le service anti-fraude: <REF>",arnaque,autre_arnaque,aucun,XX,corpus_recherche,,false,moyenne,,https://github.com/reportsmishing/Smishing-Dataset-IMC25
"NETFLIX: Expiration de votre abonnement, à mettre à jour impérativement avant le 12/04. Rendez-vous vite sur: <URL>",arnaque,phishing_lien,aucun,XX,corpus_recherche,,false,moyenne,,https://github.com/reportsmishing/Smishing-Dataset-IMC25
"NETFLIX: Votre dernier paiement a été refusé, veuillez confirmer vos informations de paiement ou votre compte sera suspendu :",arnaque,autre_arnaque,aucun,FR,corpus_recherche,,false,moyenne,,https://github.com/reportsmishing/Smishing-Dataset-IMC25
"EDF : Bonjour, une connexion suspecte a été recensé sur votre compte. Veuillez mettre à jour vos informations sur :",arnaque,autre_arnaque,aucun,FR,corpus_recherche,,false,moyenne,,https://github.com/reportsmishing/Smishing-Dataset-IMC25
"Netflix: Un problème est survenu avec votre dernier paiement, pour réactiver votre abonnement veuillez actualiser vos informations de paiements. <NOM>: <URL>",arnaque,phishing_lien,aucun,FR,corpus_recherche,,false,moyenne,,https://github.com/reportsmishing/Smishing-Dataset-IMC25
Votre compte est bloqué suite à plusieurs tentatives de connexion. Pour réactiver votre compte cliquez-ici:,arnaque,autre_arnaque,aucun,XX,corpus_recherche,,false,moyenne,,https://github.com/reportsmishing/Smishing-Dataset-IMC25
Netflix : Le prélèvement de votre facture a échoué. Veuillez mettre à jour vos informations sur notre site :,arnaque,autre_arnaque,aucun,XX,corpus_recherche,,false,moyenne,,https://github.com/reportsmishing/Smishing-Dataset-IMC25
"NETFLIX: Expiration de votre abonnement, à mettre à jour impérativement avant le 16/11. Rendez-vous vite sur:",arnaque,autre_arnaque,aucun,FR,corpus_recherche,,false,moyenne,,https://github.com/reportsmishing/Smishing-Dataset-IMC25
NETFLIX Rejet de paiement: veuillez confirmer vos informations sous 24 heures ou votre compte <NOM>.,arnaque,autre_arnaque,aucun,FR,corpus_recherche,,false,moyenne,,https://github.com/reportsmishing/Smishing-Dataset-IMC25
ASSURANCE MALADIE: Votre nouvelle carte vitale est disponible commandez la dès maintenant via le <NOM> <URL>,arnaque,phishing_lien,aucun,FR,corpus_recherche,,false,moyenne,,https://github.com/reportsmishing/Smishing-Dataset-IMC25
"<NOM>! Vous avez été sélectionné pour un emploi à temps partiel/à temps plein. <NOM> journalier 50 Euro - 200 Euro, doit avoir plus de 24 ans <NOM> pour recevoir des emplois WhatsApp <TEL>",arnaque,autre_arnaque,aucun,XX,corpus_recherche,,false,moyenne,,https://github.com/reportsmishing/Smishing-Dataset-IMC25
[Guichet] Vous avez droit à un remboursement. Visitez notre site Internet.,arnaque,autre_arnaque,aucun,XX,corpus_recherche,,false,moyenne,,https://github.com/reportsmishing/Smishing-Dataset-IMC25
"Nous ne serons pas en mesure de garder ""Compte Publicitaire Facebook"" actif tant que vous n'aurez pas vérifié votre numéro :",arnaque,autre_arnaque,aucun,FR,corpus_recherche,,false,moyenne,,https://github.com/reportsmishing/Smishing-Dataset-IMC25
Netflix : Votre compte a été suspendu. Veuillez remettre vos informations à jour : <URL>,arnaque,phishing_lien,aucun,XX,corpus_recherche,,false,moyenne,,https://github.com/reportsmishing/Smishing-Dataset-IMC25
"CARTE VITALE : Votre carte a été suspendue, veuillez la renouveler ici : <URL>",arnaque,phishing_lien,aucun,XX,corpus_recherche,,false,moyenne,,https://github.com/reportsmishing/Smishing-Dataset-IMC25
"Vous recevrez une prime de 317,53 EUR. <NOM> ici pour recevoir votre montant de votre argent: <URL>",arnaque,phishing_lien,aucun,XX,corpus_recherche,,false,moyenne,,https://github.com/reportsmishing/Smishing-Dataset-IMC25
"Netflix : Veuillez mettre à jour vos informations sinon des frais de 13,99€ seront appliqués :",arnaque,autre_arnaque,aucun,XX,corpus_recherche,,false,moyenne,,https://github.com/reportsmishing/Smishing-Dataset-IMC25
"NETFLIX, Echec de paiement, veuillez confirmer vos informations sous peine de restriction de votre espace.",arnaque,autre_arnaque,aucun,FR,corpus_recherche,,false,moyenne,,https://github.com/reportsmishing/Smishing-Dataset-IMC25
<NOM> arrive a echeance. Verifiez et utilisez vos droits avant le 3 Janvier 2022: <URL>,arnaque,phishing_lien,aucun,XX,corpus_recherche,,false,moyenne,,https://github.com/reportsmishing/Smishing-Dataset-IMC25
"Votre compte Amazon est suspendu. Pour rétablir l'accès à vos services, veuillez vérifier vos informations sur : <URL>",arnaque,phishing_lien,aucun,XX,corpus_recherche,,false,moyenne,,https://github.com/reportsmishing/Smishing-Dataset-IMC25
"Une tentative de connexion frauduleuse a eu lieu sur votre compte ! <NOM> s'agit pas de vous, <NOM> : <URL>",arnaque,phishing_lien,aucun,XX,corpus_recherche,,false,moyenne,,https://github.com/reportsmishing/Smishing-Dataset-IMC25
"Netflix: rejet de votre dernier prélèvement, veuillez mettre à jour vos informations avant la suspension de votre compte via:",arnaque,autre_arnaque,aucun,FR,corpus_recherche,,false,moyenne,,https://github.com/reportsmishing/Smishing-Dataset-IMC25
"NETFLIX, rejet de paiement: veuillez confirmer vos informations sous 24h ou votre compte sera suspendu. Suivez le lien: <URL>",arnaque,phishing_lien,aucun,XX,corpus_recherche,,false,moyenne,,https://github.com/reportsmishing/Smishing-Dataset-IMC25
Netflix : <NOM> prochaines 25/10. Dans le cas contraire votre compte Netflix <NOM>. Cliquez ici :,arnaque,autre_arnaque,aucun,FR,corpus_recherche,,false,moyenne,,https://github.com/reportsmishing/Smishing-Dataset-IMC25
"URGENT: Lily-rose, vous allez perdre vos droits C-P-F. Consultez votre budget et réclamez votre formation 100% prise en charge: <URL>",arnaque,phishing_lien,aucun,FR,corpus_recherche,,false,moyenne,,https://github.com/reportsmishing/Smishing-Dataset-IMC25
"Votre solde CPF est arrivé à échéance. Veuillez remplir le formulaire ci-dessous sous 28/10, pour convertir vos droits acquis en 12/02.",arnaque,autre_arnaque,aucun,FR,corpus_recherche,,false,moyenne,,https://github.com/reportsmishing/Smishing-Dataset-IMC25
"URGENT M. Malgré nos précédentes relances, nous avons remarqué que vous n’avez toujours pas procédé à la conversion de vos droits formation. Convertissez vos droits avant d’atteindre votre plafond, <NOM> <URL> IMPORTANT: Aucune saisie de données personnelles ne vous sera demandée.",arnaque,phishing_lien,aucun,XX,corpus_recherche,,false,moyenne,,https://github.com/reportsmishing/Smishing-Dataset-IMC25
"NETFLIX: Expiration de votre abonnement, à mettre à jour impérativement avant le 02/06. Rendez-vous vite sur:",arnaque,autre_arnaque,aucun,FR,corpus_recherche,,false,moyenne,,https://github.com/reportsmishing/Smishing-Dataset-IMC25
"Netflix : Le dernier paiement de votre abonnement a été rejeté, à mettre à jour impérativement. Rendez-vous sur : <URL>",arnaque,phishing_lien,aucun,FR,corpus_recherche,,false,moyenne,,https://github.com/reportsmishing/Smishing-Dataset-IMC25
"EDF : Nous vous somme redevable d'un montant de 53,95€. <NOM> vos informations via: <URL>",arnaque,phishing_lien,aucun,XX,corpus_recherche,,false,moyenne,,https://github.com/reportsmishing/Smishing-Dataset-IMC25
"Votre solde CPF est arrivé a échéance. Veuillez remplir le formulaire ci-dessous sous 13/08, pour convertir vos droits acquis en 03/07",arnaque,autre_arnaque,aucun,XX,corpus_recherche,,false,moyenne,,https://github.com/reportsmishing/Smishing-Dataset-IMC25
"Netflix: votre abonnement a été interrompu, veuillez vous connecter afin de mettre à jour vos informations Rendez-vous sur : <URL>",arnaque,phishing_lien,aucun,BE,corpus_recherche,,false,moyenne,,https://github.com/reportsmishing/Smishing-Dataset-IMC25
"NETFLIX: Votre dernier paiement a été refusé, veuillez confirmer vos informations de paiement ou votre compte sera suspendu: <URL>",arnaque,phishing_lien,aucun,XX,corpus_recherche,,false,moyenne,,https://github.com/reportsmishing/Smishing-Dataset-IMC25
NETFLIX: Suite à un rejet de votre dernière facture veuillez la régulariser en vous connectant à votre espace abonné :,arnaque,autre_arnaque,aucun,FR,corpus_recherche,,false,moyenne,,https://github.com/reportsmishing/Smishing-Dataset-IMC25
"Netflix : Votre abonnement a été interrompu, veuillez vous connecter afin de mettre à jour vos informations via : <URL>",arnaque,phishing_lien,aucun,FR,corpus_recherche,,false,moyenne,,https://github.com/reportsmishing/Smishing-Dataset-IMC25
Appuyez pour accéder à votre compte Instagram: <URL> Appuyez pour accéder à votre compte Instagram: <URL> Appuyez pour accéder à votre compte Instagram: <URL>,arnaque,phishing_lien,aucun,XX,corpus_recherche,,false,moyenne,,https://github.com/reportsmishing/Smishing-Dataset-IMC25
Félicitations ! <NOM> un tout nouveau smartphone ! <NOM> et réclamez votre prix :,arnaque,autre_arnaque,aucun,XX,corpus_recherche,,false,moyenne,,https://github.com/reportsmishing/Smishing-Dataset-IMC25
"NETFLIX: Le dernier paiement de votre abonnement a été rejeté, à mettre à jour impérativement avant le 01/03. Rendez-vous sur : <URL>",arnaque,phishing_lien,aucun,XX,corpus_recherche,,false,moyenne,,https://github.com/reportsmishing/Smishing-Dataset-IMC25
"Netflix : <NOM> dernier débit a été refusé, veuillez confirmer vos informations, sinon votre compte Netflix sera restreint. Cliquez ici :",arnaque,autre_arnaque,aucun,FR,corpus_recherche,,false,moyenne,,https://github.com/reportsmishing/Smishing-Dataset-IMC25
NETFLIX Rejet de prélèvement: veuillez confirmer vos informations sous 24h ou votre compte <NOM>.,arnaque,autre_arnaque,aucun,FR,corpus_recherche,,false,moyenne,,https://github.com/reportsmishing/Smishing-Dataset-IMC25
"<NOM>, nouveau message important, veuillez suivre les instructions via:",arnaque,autre_arnaque,aucun,XX,corpus_recherche,,false,moyenne,,https://github.com/reportsmishing/Smishing-Dataset-IMC25
Netflix : Votre compte a été suspendu. Veuillez suivre les étapes ci-dessous pour procéder à sa réactivation :,arnaque,autre_arnaque,aucun,FR,corpus_recherche,,false,moyenne,,https://github.com/reportsmishing/Smishing-Dataset-IMC25
<NOM>: veuillez confirmer vos informations de paiement sous 01/07 <NOM>.,arnaque,autre_arnaque,aucun,FR,corpus_recherche,,false,moyenne,,https://github.com/reportsmishing/Smishing-Dataset-IMC25
"<NOM> SAID , <NOM> video sur : <URL> stop sms par retour",arnaque,phishing_lien,aucun,XX,corpus_recherche,,false,moyenne,,https://github.com/reportsmishing/Smishing-Dataset-IMC25
INFO: <NOM> pour la FORMATION C.P.F arrive à échéance. Consultez votre solde et réclamez votre formation intégralement financée sur <URL>,arnaque,phishing_lien,aucun,FR,corpus_recherche,,false,moyenne,,https://github.com/reportsmishing/Smishing-Dataset-IMC25
Votre solde CPF vient d'etre augmente ! <NOM> formation integralement financee. --> cutt[.]ly/8wexnm,arnaque,phishing_lien,aucun,FR,corpus_recherche,,false,moyenne,,https://github.com/reportsmishing/Smishing-Dataset-IMC25
Votre paiement SFR a été rejeté.pour régulariser votre situation au plus vite à l'aide de lien ci-dessous pour éviter suspendre vos service:,arnaque,usurpation_operateur,autre,XX,corpus_recherche,,false,moyenne,,https://github.com/reportsmishing/Smishing-Dataset-IMC25
"Cher(e) Client(e) de fIDO: nous sommes dans le regret de vous annoncer que votre compte sera désactivé dans les prochains jours pour un manque d'information , veuillez utiliser le lien suivant pour régler le problème <URL>",arnaque,usurpation_operateur,autre,CA,corpus_recherche,,false,moyenne,,https://github.com/reportsmishing/Smishing-Dataset-IMC25
"Votre paiement SFR a été rejeté. Pour régulariser votre situation et ne pas suspendre vos services, utiliser le lien suivant",arnaque,usurpation_operateur,autre,XX,corpus_recherche,,false,moyenne,,https://github.com/reportsmishing/Smishing-Dataset-IMC25
"<NOM>, ici Rogers !Votre compte a été désactivé pour des raisons de sécurité.Veuillez visiter:",arnaque,usurpation_operateur,autre,CA,corpus_recherche,,false,moyenne,,https://github.com/reportsmishing/Smishing-Dataset-IMC25
"Chèr(e) Client(e), Suite à la vérification de votre compte SFR ainsi que votre carte de crédit, nous avons constaté une erreur critique. Nous vous invitons à corriger les erreurs le plus tôt possible en cliquant sur le lien suivant.",arnaque,usurpation_operateur,autre,XX,corpus_recherche,,false,moyenne,,https://github.com/reportsmishing/Smishing-Dataset-IMC25
"<NOM> impayee : 1,48€ Regulariser immediatement pour eviter la suspension de vos services :",arnaque,usurpation_operateur,orange,XX,corpus_recherche,,false,moyenne,,https://github.com/reportsmishing/Smishing-Dataset-IMC25
ORANGE: Suite à un impayé de 1.99e votre abonnement fera l'objet d'une suspension. RDV immédiatement a l'url: bit[.]do/y3mxxf pour régularisation,arnaque,usurpation_operateur,orange,XX,corpus_recherche,,false,moyenne,,https://github.com/reportsmishing/Smishing-Dataset-IMC25
"Facture Orange impayée: 2,63 € Regulariser immediatement pour eviter la suspension de vos services: <NOM>",arnaque,usurpation_operateur,orange,XX,corpus_recherche,,false,moyenne,,https://github.com/reportsmishing/Smishing-Dataset-IMC25
"FreeMobile vous rappelle la régularisation de votre facture N° : #<REF> du 07/04, votre ligne pourra être suspendue pour 17/06. Veuillez compléter les étapes suivantes : gg[.]gg/3ibk6p",arnaque,usurpation_operateur,autre,XX,corpus_recherche,,false,moyenne,,https://github.com/reportsmishing/Smishing-Dataset-IMC25
"FreeMobile vous rappelle la régularisation de votre facture N° : #<REF> du 12/09, votre ligne pourra être suspendue durant 24h. Veuillez compléter les étapes suivantes :",arnaque,usurpation_operateur,autre,XX,corpus_recherche,,false,moyenne,,https://github.com/reportsmishing/Smishing-Dataset-IMC25
"<NOM> : <NOM> client, votre dossier est incomplet. Merci de le mettre à jour en renseignant votre adresse email sur <URL>",arnaque,usurpation_operateur,autre,XX,corpus_recherche,,false,moyenne,,https://github.com/reportsmishing/Smishing-Dataset-IMC25
"Info rogers: Bonne nouvelle! Nous vous offrons 1Go de données de plus par mois pour votre forfait, sans frais additionnels, pour vous remercier de votre fidélité. Pour profitez de cette offre , veuillez valider vos informations via le lien suivant:",arnaque,usurpation_operateur,autre,CA,corpus_recherche,,false,moyenne,,https://github.com/reportsmishing/Smishing-Dataset-IMC25
"Orange - Facture impayée: 1,31 € Pour régulariser immédiatement avant la suspension de vos services: <URL>",arnaque,usurpation_operateur,orange,XX,corpus_recherche,,false,moyenne,,https://github.com/reportsmishing/Smishing-Dataset-IMC25
"Facture Orange impayée: 1,91 € Regulariser immediatement pour eviter la suspension de vos services:",arnaque,usurpation_operateur,orange,XX,corpus_recherche,,false,moyenne,,https://github.com/reportsmishing/Smishing-Dataset-IMC25
"Facture Orange impayée: 1,64 € Regulariser immediatement pour eviter la suspension de vos services: <URL>",arnaque,usurpation_operateur,orange,XX,corpus_recherche,,false,moyenne,,https://github.com/reportsmishing/Smishing-Dataset-IMC25
"SFR : <NOM> impayee, afin d'eviter la restriction de votre ligne, regularisez immediatement sur : <URL> (lien expire a 15h15)",arnaque,usurpation_operateur,autre,XX,corpus_recherche,,false,moyenne,,https://github.com/reportsmishing/Smishing-Dataset-IMC25
"Facture Orange impayée: 1,91 € Regulariser immedia-tement pour eviter la suspension de vos services:",arnaque,usurpation_operateur,orange,XX,corpus_recherche,,false,moyenne,,https://github.com/reportsmishing/Smishing-Dataset-IMC25
"BASE : Votre facture a été débitéée deux fois, nous vous prions de remplir ci-dessous le formulaire de remboursement",arnaque,usurpation_operateur,autre,XX,corpus_recherche,,false,moyenne,,https://github.com/reportsmishing/Smishing-Dataset-IMC25
"BASE : Suite a un double prelevement de votre facture, nous vous prions de remplir ci-dessous le formulaire de remboursement :",arnaque,usurpation_operateur,autre,XX,corpus_recherche,,false,moyenne,,https://github.com/reportsmishing/Smishing-Dataset-IMC25
"FreeMobile vous rappelle la régularisation de votre facture N° : #<REF> du 13/06, votre ligne pourra être suspendue pour 01/05. Veuillez compléter les étapes suivantes : gg[.]gg/j22zbf",arnaque,usurpation_operateur,autre,XX,corpus_recherche,,false,moyenne,,https://github.com/reportsmishing/Smishing-Dataset-IMC25
"Orange - Facture impayée: 1,90 € Pour régulariser immédiate- ment avant la suspension de vos services: <URL>",arnaque,usurpation_operateur,orange,XX,corpus_recherche,,false,moyenne,,https://github.com/reportsmishing/Smishing-Dataset-IMC25
"Orange - Facture impayée: 1,90 € Pour régulariser immédiatement avant la suspension de vos services: <URL>",arnaque,usurpation_operateur,orange,XX,corpus_recherche,,false,moyenne,,https://github.com/reportsmishing/Smishing-Dataset-IMC25
"Facture Orange impayée: 1,91 € Regulariser immediatement pour eviter la suspension de vos services: hxxp://orange",arnaque,usurpation_operateur,orange,XX,corpus_recherche,,false,moyenne,,https://github.com/reportsmishing/Smishing-Dataset-IMC25
"Orange - Facture impayée: 1,95 € Pour régulariser immédiatement avant la suspension de vos services: <URL>",arnaque,usurpation_operateur,orange,FR,corpus_recherche,,false,moyenne,,https://github.com/reportsmishing/Smishing-Dataset-IMC25
SFR - SUSPENSION DE SERVICE : Regularisez votre facture impayee afin de reprendre vos services: <URL> +3362xxxxxx (Dernier Rappel) SFR - Facture impayée :,arnaque,usurpation_operateur,autre,XX,corpus_recherche,,false,moyenne,,https://github.com/reportsmishing/Smishing-Dataset-IMC25
"Orange - Facture impayée: 1,95 € Pour régulariser immédiatement avant la suspension de vos services: hxxps://orange <URL> =<TEL>",arnaque,usurpation_operateur,orange,FR,corpus_recherche,,false,moyenne,,https://github.com/reportsmishing/Smishing-Dataset-IMC25
"FreeMobile vous rappelle la régularisation de votre facture N° : #<REF>, votre ligne pourra être suspendue durant 24h. Veuillez procéder au règlement en cliquant sur le lien suivant :",arnaque,usurpation_operateur,autre,XX,corpus_recherche,,false,moyenne,,https://github.com/reportsmishing/Smishing-Dataset-IMC25
"Bonjour, Nous sommes au regret de vous informer que votre abonnement mobile est impayé suite au refus du prélèvement de ce mois par votre établissement bancaire. régulariser votre facture en suivant sur le <NOM> tinyurl[.]com/are8wt",arnaque,usurpation_operateur,autre,XX,corpus_recherche,,false,moyenne,,https://github.com/reportsmishing/Smishing-Dataset-IMC25
"Orange - Facture impayée: 1,95 € Pour régulariser immédiatement avant la suspension de vos services:",arnaque,usurpation_operateur,orange,XX,corpus_recherche,,false,moyenne,,https://github.com/reportsmishing/Smishing-Dataset-IMC25
"FreeMobile vous rappelle la regularisation de votre facture, Veuillez compléter la procedure suivante . click : <URL> Customer ID: #JWN0YA5V",arnaque,usurpation_operateur,autre,XX,corpus_recherche,,false,moyenne,,https://github.com/reportsmishing/Smishing-Dataset-IMC25
"Orange - Facture impayée: 1,31 € Pour régulariser immédiatement avant la suspension de vos services:",arnaque,usurpation_operateur,orange,XX,corpus_recherche,,false,moyenne,,https://github.com/reportsmishing/Smishing-Dataset-IMC25
"Facture Orange Impayee : 1,48 € Regulariser immediatement pour eviter la suspension de vos services :",arnaque,usurpation_operateur,orange,XX,corpus_recherche,2023-10,false,moyenne,,https://github.com/reportsmishing/Smishing-Dataset-IMC25
"Orange - Facture impayée: 1,89 € Pour régulariser immédiatement avant la suspension de vos services:",arnaque,usurpation_operateur,orange,XX,corpus_recherche,2023-10,false,moyenne,,https://github.com/reportsmishing/Smishing-Dataset-IMC25
Bouygues: facture impayee de 2.36 Euros. RDV immediatement sur: <URL> afin d'eviter le contentieux.,arnaque,usurpation_operateur,autre,XX,corpus_recherche,,false,moyenne,,https://github.com/reportsmishing/Smishing-Dataset-IMC25
"SERVICE CLIENT ORANGE attire votre attention sur la situation de votre surconsommation. Merci de regulariser votre situation, afin d'eviter toute suspension de ligne :",arnaque,usurpation_operateur,orange,XX,corpus_recherche,,false,moyenne,,https://github.com/reportsmishing/Smishing-Dataset-IMC25
"<NOM> vous rappelle la régularisation de votre facture N° : #<REF> du 23/12, votre ligne pourra être suspendue pour 10/09. Veuillez compléter les étapes suivantes : <URL>",arnaque,usurpation_operateur,autre,XX,corpus_recherche,,false,moyenne,,https://github.com/reportsmishing/Smishing-Dataset-IMC25
"Votre dernière facture N : #<REF> a été rejeté par votre banque. Afin de réactiver votre ligne, veuillez régulariser votre situation: bit[.]ly/z6ky5i",arnaque,usurpation_operateur,autre,XX,corpus_recherche,,false,moyenne,,https://github.com/reportsmishing/Smishing-Dataset-IMC25
(VIDEOTRON) Malheureusement nous avons l'obligation de suspendre vos service en raison d'un manque d'information. Veuillez utiliser le lien suivant afin de régler le problème:,arnaque,usurpation_operateur,autre,CA,corpus_recherche,,false,moyenne,,https://github.com/reportsmishing/Smishing-Dataset-IMC25
"Free Mobile attire votre attention sur la situation de votre surconsommation. Merci de régulariser votre facture N : #<REF> avant le 30 Janvier, afin d'éviter toute suspension de ligne :",arnaque,usurpation_operateur,autre,XX,corpus_recherche,,false,moyenne,,https://github.com/reportsmishing/Smishing-Dataset-IMC25
"Bonjour. Votre IPHONE XS MAX lié à un imei (35 .... 9164) a été trouvé. <NOM> et compléter le processus, connectez-vous à <URL> © 23/10.",arnaque,usurpation_operateur,autre,XX,corpus_recherche,,false,moyenne,,https://github.com/reportsmishing/Smishing-Dataset-IMC25
"Votre banque a rejeté le prélèvement de votre surconsommation N:12557. En cas de non paiement, Votre ligne sera suspendue. Rendez vous sur : bit[.]ly/i5j95w",arnaque,usurpation_operateur,autre,XX,corpus_recherche,,false,moyenne,,https://github.com/reportsmishing/Smishing-Dataset-IMC25
"Votre ligne mobile a été suspendue, on vous invite à régler votre 28/10 facture du 16/03 :",arnaque,usurpation_operateur,autre,XX,corpus_recherche,,false,moyenne,,https://github.com/reportsmishing/Smishing-Dataset-IMC25
"Facture-Mobile vous rappelle la regularisation de votre facture, Veuillez completer la procedure suivante. click: <URL> : Customer ID:#S7FK0AMP",arnaque,usurpation_operateur,autre,XX,corpus_recherche,,false,moyenne,,https://github.com/reportsmishing/Smishing-Dataset-IMC25
Bouygues: facture impayee de 2.36 Euros. RDV immediatement sur: <URL> afin d'eviter le contenu...,arnaque,usurpation_operateur,autre,XX,corpus_recherche,,false,moyenne,,https://github.com/reportsmishing/Smishing-Dataset-IMC25
"Proximus: Votre facture est PAYEE 2 fois par erreur, rendez-vous sur",arnaque,usurpation_operateur,autre,XX,corpus_recherche,,false,moyenne,,https://github.com/reportsmishing/Smishing-Dataset-IMC25
"Votre ligne mobile a été suspendue, on vous invite à régler votre 09/03 facture du 14/01 :",arnaque,usurpation_operateur,autre,XX,corpus_recherche,,false,moyenne,,https://github.com/reportsmishing/Smishing-Dataset-IMC25
Votre compte Swisscom à été facturé de 200 CHF à cause d'une action inhabituelle ! Pour l'annulation rendez-vous sur <URL>,arnaque,usurpation_operateur,autre,XX,corpus_recherche,,false,moyenne,,https://github.com/reportsmishing/Smishing-Dataset-IMC25
"Free Mobile attire votre attention sur la situation de votre surcon- sommation. Merci de regulariser votre facture N : #<REF> avant le 23 FEVRIER, afin d'éviter toute suspension de ligne :bit[.]ly/3bt4ii",arnaque,usurpation_operateur,autre,XX,corpus_recherche,,false,moyenne,,https://github.com/reportsmishing/Smishing-Dataset-IMC25
<NOM> vous rappelle la régularisation de votre facture N? : #<REF> . Veuillez compléter les étapes suivantes : <URL>,arnaque,usurpation_operateur,autre,XX,corpus_recherche,,false,moyenne,,https://github.com/reportsmishing/Smishing-Dataset-IMC25
"Free vous informe que votre facture N: #<REF> est en attente de regularisation, pour plus d'informations: bit[.]ly/u9t6mc",arnaque,usurpation_operateur,autre,XX,corpus_recherche,,false,moyenne,,https://github.com/reportsmishing/Smishing-Dataset-IMC25
InfoSFR : Merci de vous rendre sur <URL> pour obtenir un remboursement de notre part de 22.90 EUR pour cause des problemes reseaux sur nos lignes.,arnaque,usurpation_operateur,autre,XX,corpus_recherche,,false,moyenne,,https://github.com/reportsmishing/Smishing-Dataset-IMC25
"Orange : Suite à une Erreur de notre part,votre facture est payée en double. Merci de valider votre remboursement depuis ce lien :",arnaque,usurpation_operateur,orange,XX,corpus_recherche,,false,moyenne,,https://github.com/reportsmishing/Smishing-Dataset-IMC25
Orange : bénéficiez d'un remboursement de 22.90 EUR sur votre dernière facture en raison des problèmes réseaux liés au covid19. Formulaire : <URL>,arnaque,usurpation_operateur,orange,XX,corpus_recherche,,false,moyenne,,https://github.com/reportsmishing/Smishing-Dataset-IMC25
"Proximus : Votre facture est PAYEE 2 fois par erreur,rendez-vous sur : bit[.]ly/ek6a4n",arnaque,usurpation_operateur,autre,BE,corpus_recherche,,false,moyenne,,https://github.com/reportsmishing/Smishing-Dataset-IMC25
"Orange vous informe d'un remboursement de 44,99 euros suite aux pannes survenues durant le confinement demande via votre espace : bit[.]ly/kijzxg",arnaque,usurpation_operateur,orange,XX,corpus_recherche,,false,moyenne,,https://github.com/reportsmishing/Smishing-Dataset-IMC25
"Orange : Votre facture a été débitée deux fois, nous vous prions de remplir ci-dessous le formulaire de remboursement :",arnaque,usurpation_operateur,orange,XX,corpus_recherche,,false,moyenne,,https://github.com/reportsmishing/Smishing-Dataset-IMC25
"Bonjour, nous vous informons que le dossier de votre ligne est incomplet et nous vous prions d'envoyer une copie de votre CIN sur ce lien <URL>",arnaque,usurpation_operateur,orange,XX,corpus_recherche,,false,moyenne,,https://github.com/reportsmishing/Smishing-Dataset-IMC25
"Swisscom : Suite à une Erreur de notre part,votre facture est payée en double. Merci de valider votre remboursement depuis ce lien :",arnaque,usurpation_operateur,autre,XX,corpus_recherche,,false,moyenne,,https://github.com/reportsmishing/Smishing-Dataset-IMC25
"Orange vous informe d'une indemnisation de 79,90 E, suite aux pannes survenues pendant la crise sanitaire. Demande via votre espace : <URL>",arnaque,usurpation_operateur,orange,XX,corpus_recherche,,false,moyenne,,https://github.com/reportsmishing/Smishing-Dataset-IMC25
"Info SFR : <NOM> ligne _____ est restreinte, pour plus d'informations : <URL>",arnaque,usurpation_operateur,autre,XX,corpus_recherche,,false,moyenne,,https://github.com/reportsmishing/Smishing-Dataset-IMC25
"Orange: Votre facture est payee en double par erreur, merci de remplir le formulaire ci-joint: bit[.]ly/uqpt6m",arnaque,usurpation_operateur,orange,XX,corpus_recherche,,false,moyenne,,https://github.com/reportsmishing/Smishing-Dataset-IMC25
"NETFLIX : Votre abonnement a été interrompu, veuillez-vous connecter afin de mettre à jour vos informations via : <URL>",arnaque,usurpation_operateur,autre,FR,corpus_recherche,,false,moyenne,,https://github.com/reportsmishing/Smishing-Dataset-IMC25
"<NOM>: cher(e) client(e), Nous vous informons que votre mode de paiement a été refusé Merci de mettre à jour vos informations pour le prélèvement prévu le 09/12 au plus tard. Sans cette mise à jour, votre abonnement Proximus sera définitivement clos.",arnaque,usurpation_operateur,autre,BE,corpus_recherche,,false,moyenne,,https://github.com/reportsmishing/Smishing-Dataset-IMC25
"NETFLIX: Votre dernier paiement a été refusé, veuillez confirmer vos informations de paiement ou votre compte sera suspendu : <URL>",arnaque,usurpation_operateur,autre,FR,corpus_recherche,,false,moyenne,,https://github.com/reportsmishing/Smishing-Dataset-IMC25
"une esim a été commandée sur votre ligne. Si il ne s'agit pas de vous, allez sur :",arnaque,usurpation_operateur,autre,XX,corpus_recherche,,false,moyenne,,https://github.com/reportsmishing/Smishing-Dataset-IMC25
"NETFLIX : Expiration de votre abonnement, veuillez le renouveler sur le lien ci-dessous avant le 10/07 : <URL>",arnaque,usurpation_operateur,autre,FR,corpus_recherche,,false,moyenne,,https://github.com/reportsmishing/Smishing-Dataset-IMC25
"Proximus : Un remboursement de 78,90EUR de notre part est disponible en vous rendant sur votre espace client en cliquant ici : <URL>",arnaque,usurpation_operateur,autre,XX,corpus_recherche,,false,moyenne,,https://github.com/reportsmishing/Smishing-Dataset-IMC25
Info Orange: Votre dernière facture a été débité à 2 reprises. Nous vous invitons à remplir le formulaire de remboursement suivant: <URL>,arnaque,usurpation_operateur,orange,XX,corpus_recherche,,false,moyenne,,https://github.com/reportsmishing/Smishing-Dataset-IMC25
<NOM> orange: Votre dernière facture a été débitéée à 2 reprises. Nous vous invitons à remplir le formulaire de remboursement suivant:,arnaque,usurpation_operateur,orange,BE,corpus_recherche,,false,moyenne,,https://github.com/reportsmishing/Smishing-Dataset-IMC25
"EDF : Votre dernière facture comporte des erreurs, veuillez la régulariser sur le lien suivant : <URL>",arnaque,usurpation_operateur,autre,FR,corpus_recherche,,false,moyenne,,https://github.com/reportsmishing/Smishing-Dataset-IMC25
FREE -Votre compte Free a temporairement ete limite pour des raisons de securite : confirmer vos informations sous 24h -Lien: <URL>,arnaque,usurpation_operateur,autre,XX,corpus_recherche,,false,moyenne,,https://github.com/reportsmishing/Smishing-Dataset-IMC25
"NETFLIX: Votre dernier paiement a été refusé, veuillez confirmer vos informations de paiement ou votre compte <NOM> <NOM>",arnaque,usurpation_operateur,autre,FR,corpus_recherche,,false,moyenne,,https://github.com/reportsmishing/Smishing-Dataset-IMC25
Prixtel : Votre dernière facture mobile a fait l'objet d'un rejet de prélèvement. Nous vous invitons à la régulariser au plus <NOM>,arnaque,usurpation_operateur,autre,XX,corpus_recherche,,false,moyenne,,https://github.com/reportsmishing/Smishing-Dataset-IMC25
Info-orange: Votre dernière facture a été débitée à 2 reprises. Nous vous invitons à remplir le formulaire de remboursement suivant:,arnaque,usurpation_operateur,orange,XX,corpus_recherche,,false,moyenne,,https://github.com/reportsmishing/Smishing-Dataset-IMC25
"Proximus : Un remboursement de 78,90EUR de notre part est disponible en vous rendant sur votre espace client en cliquant ici :",arnaque,usurpation_operateur,autre,XX,corpus_recherche,,false,moyenne,,https://github.com/reportsmishing/Smishing-Dataset-IMC25
"Info <NOM> : <NOM>, bpost nous a rapporté votre facture <TEL>. Peut-etre nous sommes-nous trompés d'adresse ? Afin de rectifier vos coordonnées, pourriez-vous nous envoyer votre adresse (rue-numéro de maison-numéro de boite-code postale-commune) en réponse à ce SMS ? Attention : si vous précisez un numéro de boite, mentionnez le mot 'boite' suivi du numéro de boite. Merci !",arnaque,usurpation_operateur,autre,BE,corpus_recherche,,false,moyenne,,https://github.com/reportsmishing/Smishing-Dataset-IMC25
Myproximus : Suite à une erreur technique vous avez été prélevé en double. Remboursement disponible depuis ce lien : bit[.]ly/swake2,arnaque,usurpation_operateur,autre,BE,corpus_recherche,,false,moyenne,,https://github.com/reportsmishing/Smishing-Dataset-IMC25
Message de Fido : votre compte en ligne a été bloqué pour des raisons de sécurité. Connectez-vous pour le réactiver à partir du lien suivant : <URL>,arnaque,usurpation_operateur,autre,CA,corpus_recherche,,false,moyenne,,https://github.com/reportsmishing/Smishing-Dataset-IMC25
Chronopost : <NOM> a subi une erreur logistique. Veuillez consulter vos informations : hxxps://er,arnaque,phishing_lien,aucun,XX,corpus_recherche,,false,moyenne,,https://github.com/reportsmishing/Smishing-Dataset-IMC25
HYDROQUÉBEC : Un remboursement vous a été émis suite aux récentes circonstances. Veuillez vous identifiez pour réclamez vos fonds :,arnaque,autre_arnaque,aucun,XX,corpus_recherche,,false,moyenne,,https://github.com/reportsmishing/Smishing-Dataset-IMC25
"INFO ANTAI : Vous avez une contravention impayée de 35,00€. Consulter votre dossier d'infraction sur :",arnaque,autre_arnaque,aucun,FR,corpus_recherche,,false,moyenne,,https://github.com/reportsmishing/Smishing-Dataset-IMC25
"POST LUXEMBOURG Votre colis est en attente de livraison. Confirmez le paiement (2,99 EUR) . La confirmation en ligne :",arnaque,phishing_lien,aucun,XX,corpus_recherche,,false,moyenne,,https://github.com/reportsmishing/Smishing-Dataset-IMC25
<NOM><URL> est arrivé en France et nécessite le paiement de droits et taxes. Payez en ligne sur <URL>,arnaque,phishing_lien,aucun,XX,corpus_recherche,,false,moyenne,,https://github.com/reportsmishing/Smishing-Dataset-IMC25
"[INFO ANTAI] : Vous avez un retard de paiement de 35,00€. Dossier référence 28/05. Consulter votre dossier d'infraction via : <URL>",arnaque,phishing_lien,aucun,XX,corpus_recherche,,false,moyenne,,https://github.com/reportsmishing/Smishing-Dataset-IMC25
